device_id,sim_id,customer_id,first_seen_date,is_current,is_unauthorized,device_age_days,os_type,sim_change_count,linked_account_count,device_risk_score
DEV0000000,SIM0000000,CUST000000,2025-06-28,True,False,276,Android,0,1,0.027
DEV0000001,SIM0000001,CUST000001,2025-12-24,True,False,97,Android,1,1,0.291
DEV0000002,SIM0000002,CUST000002,2025-08-09,True,False,234,Android,1,1,0.109
DEV0000003,SIM0000003,CUST000003,2025-05-03,True,False,332,Android,0,1,0.357
DEV0000004,SIM0000004,CUST000004,2024-12-23,True,False,463,Android,0,1,0.167
DEV0000005,SIM0000005,CUST000005,2025-12-19,True,False,102,Android,0,1,0.158
DEV0000006,SIM0000006,CUST000006,2025-02-19,True,False,405,Android,0,1,0.101
DEV0000007,SIM0000007,CUST000007,2025-06-19,True,False,285,Android,0,1,0.229
DEV0000008,SIM0000008,CUST000008,2025-11-02,True,False,149,Android,1,1,0.181
DEV0000009,SIM0000009,CUST000009,2023-10-29,True,False,884,Android,0,1,0.064
DEV0000010,SIM0000010,CUST000010,2024-07-27,True,False,612,Android,0,1,0.266
DEV0000011,SIM0000011,CUST000011,2024-05-22,True,False,678,Android,3,1,0.048
DEV0000012,SIM0000012,CUST000012,2025-12-20,True,False,101,Android,0,1,0.285
DEV0000013,SIM0000013,CUST000013,2025-09-20,True,False,192,Android,1,1,0.134
DEV0000014,SIM0000014,CUST000014,2024-11-26,True,False,490,Android,0,1,0.129
DEV0000015,SIM0000015,CUST000015,2025-09-20,True,False,192,Android,1,1,0.448
DEV0000016,SIM0000016,CUST000016,2025-05-30,True,False,305,iOS,0,1,0.169
DEV0000017,SIM0000017,CUST000017,2025-07-05,True,False,269,Android,0,1,0.174
DEV0000018,SIM0000018,CUST000018,2024-12-21,True,False,465,Android,0,1,0.083
DEV0000019,SIM0000019,CUST000019,2021-05-10,True,False,1786,Android,0,1,0.088
DEV0000020,SIM0000020,CUST000020,2025-07-02,True,False,272,Android,0,1,0.013
DEV0000021,SIM0000021,CUST000021,2025-12-16,True,False,105,Android,0,1,0.292
DEV0000022,SIM0000022,CUST000022,2024-09-19,True,False,558,Android,1,1,0.164
DEV0000023,SIM0000023,CUST000023,2024-02-22,True,False,768,Android,0,1,0.111
DEV0000024,SIM0000024,CUST000024,2023-06-24,True,False,1011,Android,0,1,0.078
DEV0000025,SIM0000025,CUST000025,2024-11-17,True,False,499,Android,0,1,0.161
DEV0000026,SIM0000026,CUST000026,2025-02-17,True,False,407,Android,0,1,0.485
DEV0000027,SIM0000027,CUST000027,2024-11-08,True,False,508,iOS,0,1,0.266
DEV0000028,SIM0000028,CUST000028,2025-08-31,True,False,212,Android,0,1,0.152
DEV0000029,SIM0000029,CUST000029,2025-10-07,True,False,175,Android,1,1,0.075
DEV0000030,SIM0000030,CUST000030,2023-04-22,True,False,1074,iOS,0,1,0.135
DEV0000031,SIM0000031,CUST000031,2023-12-02,True,False,850,Android,1,1,0.228
DEV0000032,SIM0000032,CUST000032,2025-01-29,True,False,426,Android,0,1,0.088
DEV0000033,SIM0000033,CUST000033,2024-09-11,True,False,566,Android,0,1,0.119
DEV0000034,SIM0000034,CUST000034,2023-10-17,True,False,896,iOS,0,1,0.113
DEV0000035,SIM0000035,CUST000035,2023-08-03,True,False,971,Android,0,1,0.403
DEV0000036,SIM0000036,CUST000036,2025-04-26,True,False,339,Android,0,1,0.21
DEV0000037,SIM0000037,CUST000037,2025-11-08,True,False,143,Android,0,1,0.214
DEV0000038,SIM0000038,CUST000038,2025-12-11,True,False,110,Android,0,1,0.148
DEV0000039,SIM0000039,CUST000039,2024-04-07,True,False,723,Android,0,1,0.173
DEV0000040,SIM0000040,CUST000040,2024-01-09,True,False,812,iOS,0,1,0.191
DEV0000041,SIM0000041,CUST000041,2024-10-27,True,False,520,Android,1,1,0.05
DEV0000042,SIM0000042,CUST000042,2025-07-09,True,False,265,iOS,0,1,0.337
DEV0000043,SIM0000043,CUST000043,2025-06-12,True,False,292,Android,0,1,0.25
DEV0000044,SIM0000044,CUST000044,2025-03-28,True,False,368,Android,0,1,0.159
DEV0000045,SIM0000045,CUST000045,2022-12-02,True,False,1215,Android,0,1,0.086
DEV0000046,SIM0000046,CUST000046,2022-11-23,True,False,1224,Android,0,1,0.454
DEV0000047,SIM0000047,CUST000047,2025-12-03,True,False,118,iOS,0,1,0.287
DEV0000048,SIM0000048,CUST000048,2024-12-01,True,False,485,iOS,0,1,0.244
DEV0000049,SIM0000049,CUST000049,2020-11-26,True,False,1951,Android,0,1,0.253
DEV0000050,SIM0000050,CUST000050,2023-11-12,True,False,870,Android,0,1,0.162
DEV0000051,SIM0000051,CUST000051,2025-07-31,True,False,243,Android,0,1,0.079
DEV0000052,SIM0000052,CUST000052,2024-11-28,True,False,488,Android,0,1,0.338
DEV0000053,SIM0000053,CUST000053,2025-11-24,True,False,127,Android,0,1,0.203
DEV0000054,SIM0000054,CUST000054,2025-07-13,True,False,261,Android,0,1,0.126
DEV0000055,SIM0000055,CUST000055,2025-11-27,True,False,124,Android,0,1,0.213
DEV0000056,SIM0000056,CUST000056,2021-04-30,True,False,1796,Android,0,1,0.471
DEV0000057,SIM0000057,CUST000057,2025-11-15,True,False,136,Android,0,1,0.089
DEV0000058,SIM0000058,CUST000058,2025-11-12,True,False,139,Android,0,1,0.235
DEV0000059,SIM0000059,CUST000059,2025-09-22,True,False,190,Android,0,1,0.128
DEV0000060,SIM0000060,CUST000060,2022-03-10,True,False,1482,Android,0,1,0.207
DEV0000061,SIM0000061,CUST000061,2025-12-14,True,False,107,Android,0,1,0.13
DEV0000062,SIM0000062,CUST000062,2025-04-27,True,False,338,Android,0,1,0.173
DEV0000063,SIM0000063,CUST000063,2025-08-06,True,False,237,Android,0,1,0.233
DEV0000064,SIM0000064,CUST000064,2022-09-23,True,False,1285,Android,0,1,0.165
DEV0000065,SIM0000065,CUST000065,2021-03-23,True,False,1834,Android,0,1,0.214
DEV0000066,SIM0000066,CUST000066,2024-01-04,True,False,817,Android,1,1,0.185
DEV0000067,SIM0000067,CUST000067,2024-05-25,True,False,675,Android,0,1,0.107
DEV0000068,SIM0000068,CUST000068,2022-08-18,True,False,1321,Android,0,1,0.335
DEV0000069,SIM0000069,CUST000069,2025-03-14,True,False,382,Android,0,1,0.257
DEV0000070,SIM0000070,CUST000070,2023-09-17,True,False,926,Android,0,1,0.165
DEV0000071,SIM0000071,CUST000071,2025-11-04,True,False,147,Android,0,1,0.097
DEV0000072,SIM0000072,CUST000072,2023-06-08,True,False,1027,Android,0,1,0.139
DEV0000073,SIM0000073,CUST000073,2025-05-01,True,False,334,Android,0,1,0.248
DEV0000074,SIM0000074,CUST000074,2025-12-01,True,False,120,Android,0,1,0.204
DEV0000075,SIM0000075,CUST000075,2025-10-08,True,False,174,Android,1,1,0.202
DEV0000076,SIM0000076,CUST000076,2025-11-11,True,False,140,Android,2,1,0.091
DEV0000077,SIM0000077,CUST000077,2023-09-27,True,False,916,Android,1,1,0.302
DEV0000078,SIM0000078,CUST000078,2025-10-12,True,False,170,Android,1,1,0.504
DEV0000079,SIM0000079,CUST000079,2025-12-18,True,False,103,Android,0,1,0.165
DEV0000080,SIM0000080,CUST000080,2025-11-17,True,False,134,Android,0,1,0.202
DEV0000081,SIM0000081,CUST000081,2025-11-11,True,False,140,Android,0,1,0.365
DEV0000082,SIM0000082,CUST000082,2025-11-26,True,False,125,Android,0,1,0.233
DEV0000083,SIM0000083,CUST000083,2024-11-12,True,False,504,Android,0,1,0.17
DEV0000084,SIM0000084,CUST000084,2025-09-11,True,False,201,Android,0,1,0.258
DEV0000085,SIM0000085,CUST000085,2025-06-04,True,False,300,Android,0,1,0.094
DEV0000086,SIM0000086,CUST000086,2024-02-22,True,False,768,Android,0,1,0.226
DEV0000087,SIM0000087,CUST000087,2024-05-25,True,False,675,iOS,0,1,0.101
DEV0000088,SIM0000088,CUST000088,2025-11-14,True,False,137,iOS,1,1,0.327
DEV0000089,SIM0000089,CUST000089,2025-07-21,True,False,253,Android,0,1,0.127
DEV0000090,SIM0000090,CUST000090,2024-06-09,True,False,660,Android,0,1,0.157
DEV0000091,SIM0000091,CUST000091,2022-12-14,True,False,1203,Android,0,1,0.188
DEV0000092,SIM0000092,CUST000092,2025-11-02,True,False,149,Android,0,1,0.159
DEV0000093,SIM0000093,CUST000093,2025-07-08,True,False,266,Android,0,1,0.148
DEV0000094,SIM0000094,CUST000094,2025-04-28,True,False,337,Android,2,1,0.052
DEV0000095,SIM0000095,CUST000095,2023-05-30,True,False,1036,Android,0,1,0.118
DEV0000096,SIM0000096,CUST000096,2024-12-10,True,False,476,Android,0,1,0.169
DEV0000097,SIM0000097,CUST000097,2025-12-19,True,False,102,Android,1,1,0.143
DEV0000098,SIM0000098,CUST000098,2025-11-16,True,False,135,Android,0,1,0.285
DEV0000099,SIM0000099,CUST000099,2024-09-15,True,False,562,Android,0,1,0.108
DEV0000100,SIM0000100,CUST000100,2025-01-16,True,False,439,Android,1,1,0.326
DEV0000101,SIM0000101,CUST000101,2025-12-25,True,False,96,Android,0,1,0.11
DEV0000102,SIM0000102,CUST000102,2024-08-28,True,False,580,Android,0,1,0.35
DEV0000103,SIM0000103,CUST000103,2021-06-01,True,False,1764,iOS,0,1,0.218
DEV0000104,SIM0000104,CUST000104,2025-12-10,True,False,111,Android,1,1,0.342
DEV0000105,SIM0000105,CUST000105,2025-07-15,True,False,259,Android,1,1,0.136
DEV0000106,SIM0000106,CUST000106,2025-11-02,True,False,149,Android,0,1,0.105
DEV0000107,SIM0000107,CUST000107,2025-12-27,True,False,94,Android,1,1,0.207
DEV0000108,SIM0000108,CUST000108,2025-03-28,True,False,368,iOS,0,1,0.238
DEV0000109,SIM0000109,CUST000109,2025-12-18,True,False,103,Android,0,1,0.576
DEV0000110,SIM0000110,CUST000110,2025-03-10,True,False,386,Android,0,1,0.469
DEV0000111,SIM0000111,CUST000111,2024-11-14,True,False,502,Android,0,1,0.391
DEV0000112,SIM0000112,CUST000112,2025-09-18,True,False,194,Android,0,1,0.043
DEV0000113,SIM0000113,CUST000113,2024-08-07,True,False,601,Android,0,1,0.145
DEV0000114,SIM0000114,CUST000114,2025-08-16,True,False,227,Android,0,1,0.54
DEV0000115,SIM0000115,CUST000115,2025-01-10,True,False,445,Android,0,1,0.178
DEV0000116,SIM0000116,CUST000116,2025-08-15,True,False,228,Android,0,1,0.14
DEV0000117,SIM0000117,CUST000117,2024-11-26,True,False,490,Android,0,1,0.221
DEV0000118,SIM0000118,CUST000118,2025-10-18,True,False,164,Android,0,1,0.292
DEV0000119,SIM0000119,CUST000119,2024-12-30,True,False,456,Android,0,1,0.08
DEV0000120,SIM0000120,CUST000120,2025-10-21,True,False,161,Android,0,1,0.214
DEV0000121,SIM0000121,CUST000121,2024-08-12,True,False,596,iOS,0,1,0.312
DEV0000122,SIM0000122,CUST000122,2024-07-23,True,False,616,Android,0,1,0.331
DEV0000123,SIM0000123,CUST000123,2025-11-17,True,False,134,Android,0,1,0.027
DEV0000124,SIM0000124,CUST000124,2025-09-10,True,False,202,Android,1,1,0.159
DEV0000125,SIM0000125,CUST000125,2023-04-10,True,False,1086,Android,0,1,0.246
DEV0000126,SIM0000126,CUST000126,2023-09-29,True,False,914,Android,1,1,0.187
DEV0000127,SIM0000127,CUST000127,2025-09-23,True,False,189,iOS,0,1,0.097
DEV0000128,SIM0000128,CUST000128,2022-02-15,True,False,1505,Android,2,1,0.077
DEV0000129,SIM0000129,CUST000129,2024-01-26,True,False,795,Android,0,1,0.044
DEV0000130,SIM0000130,CUST000130,2024-08-03,True,False,605,Android,0,1,0.205
DEV0000131,SIM0000131,CUST000131,2024-12-04,True,False,482,Android,1,1,0.054
DEV0000132,SIM0000132,CUST000132,2024-03-31,True,False,730,Android,0,1,0.667
DEV0000133,SIM0000133,CUST000133,2024-12-02,True,False,484,Android,0,1,0.31
DEV0000134,SIM0000134,CUST000134,2025-08-19,True,False,224,Android,0,1,0.464
DEV0000135,SIM0000135,CUST000135,2022-09-22,True,False,1286,Android,0,1,0.559
DEV0000136,SIM0000136,CUST000136,2025-03-20,True,False,376,Android,0,1,0.312
DEV0000137,SIM0000137,CUST000137,2025-07-13,True,False,261,Android,0,1,0.29
DEV0000138,SIM0000138,CUST000138,2025-02-28,True,False,396,Android,0,1,0.169
DEV0000139,SIM0000139,CUST000139,2025-11-07,True,False,144,Android,0,1,0.189
DEV0000140,SIM0000140,CUST000140,2025-09-03,True,False,209,Android,0,1,0.209
DEV0000141,SIM0000141,CUST000141,2025-12-01,True,False,120,Android,0,1,0.377
DEV0000142,SIM0000142,CUST000142,2025-02-02,True,False,422,Android,0,1,0.01
DEV0000143,SIM0000143,CUST000143,2023-10-17,True,False,896,Android,0,1,0.124
DEV0000144,SIM0000144,CUST000144,2023-09-03,True,False,940,Android,0,1,0.164
DEV0000145,SIM0000145,CUST000145,2024-02-20,True,False,770,Android,0,1,0.103
DEV0000146,SIM0000146,CUST000146,2025-09-03,True,False,209,Android,0,1,0.383
DEV0000147,SIM0000147,CUST000147,2025-02-24,True,False,400,Android,0,1,0.182
DEV0000148,SIM0000148,CUST000148,2025-12-04,True,False,117,Android,0,1,0.319
DEV0000149,SIM0000149,CUST000149,2024-12-10,True,False,476,Android,0,1,0.301
DEV0000150,SIM0000150,CUST000150,2024-05-23,True,False,677,Android,1,1,0.496
DEV0000151,SIM0000151,CUST000151,2025-05-06,True,False,329,Android,0,1,0.346
DEV0000152,SIM0000152,CUST000152,2025-08-27,True,False,216,Android,0,1,0.082
DEV0000153,SIM0000153,CUST000153,2024-11-20,True,False,496,Android,0,1,0.546
DEV0000154,SIM0000154,CUST000154,2024-11-06,True,False,510,Android,0,1,0.275
DEV0000155,SIM0000155,CUST000155,2024-05-22,True,False,678,Android,0,1,0.084
DEV0000156,SIM0000156,CUST000156,2023-03-24,True,False,1103,Android,0,1,0.055
DEV0000157,SIM0000157,CUST000157,2025-10-04,True,False,178,iOS,0,1,0.111
DEV0000158,SIM0000158,CUST000158,2025-08-06,True,False,237,Android,0,1,0.234
DEV0000159,SIM0000159,CUST000159,2024-09-14,True,False,563,iOS,0,1,0.131
DEV0000160,SIM0000160,CUST000160,2025-11-01,True,False,150,Android,0,1,0.264
DEV0000161,SIM0000161,CUST000161,2025-11-26,True,False,125,iOS,0,1,0.109
DEV0000162,SIM0000162,CUST000162,2024-03-28,True,False,733,Android,0,1,0.155
DEV0000163,SIM0000163,CUST000163,2024-08-26,True,False,582,Android,0,1,0.293
DEV0000164,SIM0000164,CUST000164,2025-11-29,True,False,122,Android,0,1,0.11
DEV0000165,SIM0000165,CUST000165,2025-11-28,True,False,123,Android,0,1,0.115
DEV0000166,SIM0000166,CUST000166,2021-12-04,True,False,1578,iOS,0,1,0.428
DEV0000167,SIM0000167,CUST000167,2025-09-20,True,False,192,Android,0,1,0.281
DEV0000168,SIM0000168,CUST000168,2025-12-03,True,False,118,Android,1,1,0.16
DEV0000169,SIM0000169,CUST000169,2021-03-11,True,False,1846,Android,1,1,0.192
DEV0000170,SIM0000170,CUST000170,2025-04-10,True,False,355,Android,0,1,0.112
DEV0000171,SIM0000171,CUST000171,2024-07-22,True,False,617,Android,0,1,0.147
DEV0000172,SIM0000172,CUST000172,2022-02-10,True,False,1510,Android,0,1,0.11
DEV0000173,SIM0000173,CUST000173,2025-07-07,True,False,267,Android,0,1,0.205
DEV0000174,SIM0000174,CUST000174,2024-10-31,True,False,516,Android,0,1,0.117
DEV0000175,SIM0000175,CUST000175,2025-07-21,True,False,253,iOS,0,1,0.075
DEV0000176,SIM0000176,CUST000176,2025-10-20,True,False,162,Android,0,1,0.316
DEV0000177,SIM0000177,CUST000177,2025-10-01,True,False,181,Android,0,1,0.414
DEV0000178,SIM0000178,CUST000178,2025-12-16,True,False,105,Android,1,1,0.48
DEV0000179,SIM0000179,CUST000179,2025-05-04,True,False,331,Android,0,1,0.26
DEV0000180,SIM0000180,CUST000180,2025-08-07,True,False,236,Android,0,1,0.243
DEV0000181,SIM0000181,CUST000181,2023-10-14,True,False,899,Android,0,1,0.159
DEV0000182,SIM0000182,CUST000182,2025-04-01,True,False,364,Android,0,1,0.297
DEV0000183,SIM0000183,CUST000183,2025-09-26,True,False,186,Android,0,1,0.061
DEV0000184,SIM0000184,CUST000184,2017-11-08,True,False,3065,Android,0,1,0.199
DEV0000185,SIM0000185,CUST000185,2025-07-27,True,False,247,iOS,0,1,0.26
DEV0000186,SIM0000186,CUST000186,2024-02-20,True,False,770,Android,0,1,0.14
DEV0000187,SIM0000187,CUST000187,2025-06-19,True,False,285,Android,1,1,0.035
DEV0000188,SIM0000188,CUST000188,2024-12-28,True,False,458,Android,0,1,0.248
DEV0000189,SIM0000189,CUST000189,2025-12-22,True,False,99,Android,0,1,0.091
DEV0000190,SIM0000190,CUST000190,2024-12-23,True,False,463,iOS,0,1,0.225
DEV0000191,SIM0000191,CUST000191,2025-09-12,True,False,200,Android,1,1,0.351
DEV0000192,SIM0000192,CUST000192,2025-08-20,True,False,223,iOS,0,1,0.194
DEV0000193,SIM0000193,CUST000193,2025-06-02,True,False,302,iOS,0,1,0.269
DEV0000194,SIM0000194,CUST000194,2024-08-26,True,False,582,Android,0,1,0.031
DEV0000195,SIM0000195,CUST000195,2025-12-15,True,False,106,Android,0,1,0.387
DEV0000196,SIM0000196,CUST000196,2025-09-20,True,False,192,Android,0,1,0.095
DEV0000197,SIM0000197,CUST000197,2024-05-05,True,False,695,Android,0,1,0.164
DEV0000198,SIM0000198,CUST000198,2024-12-06,True,False,480,Android,0,1,0.149
DEV0000199,SIM0000199,CUST000199,2025-12-23,True,False,98,iOS,0,1,0.077
DEV0000200,SIM0000200,CUST000200,2025-01-05,True,False,450,Android,0,1,0.02
DEV0000201,SIM0000201,CUST000201,2024-09-17,True,False,560,Android,1,1,0.181
DEV0000202,SIM0000202,CUST000202,2025-11-27,True,False,124,Android,0,1,0.385
DEV0000203,SIM0000203,CUST000203,2023-09-06,True,False,937,Android,0,1,0.292
DEV0000204,SIM0000204,CUST000204,2020-05-17,True,False,2144,Android,0,1,0.291
DEV0000205,SIM0000205,CUST000205,2025-10-16,True,False,166,Android,0,1,0.048
DEV0000206,SIM0000206,CUST000206,2024-06-16,True,False,653,Android,1,1,0.206
DEV0000207,SIM0000207,CUST000207,2020-08-24,True,False,2045,Android,0,1,0.166
DEV0000208,SIM0000208,CUST000208,2025-11-25,True,False,126,Android,0,1,0.056
DEV0000209,SIM0000209,CUST000209,2025-11-26,True,False,125,Android,0,1,0.163
DEV0000210,SIM0000210,CUST000210,2024-12-30,True,False,456,Android,1,1,0.425
DEV0000211,SIM0000211,CUST000211,2025-06-24,True,False,280,Android,0,1,0.155
DEV0000212,SIM0000212,CUST000212,2025-11-29,True,False,122,iOS,0,1,0.181
DEV0000213,SIM0000213,CUST000213,2025-11-06,True,False,145,Android,0,1,0.161
DEV0000214,SIM0000214,CUST000214,2025-10-17,True,False,165,Android,0,1,0.222
DEV0000215,SIM0000215,CUST000215,2022-04-22,True,False,1439,Android,0,1,0.166
DEV0000216,SIM0000216,CUST000216,2024-11-18,True,False,498,Android,1,1,0.135
DEV0000217,SIM0000217,CUST000217,2025-12-09,True,False,112,Android,0,1,0.104
DEV0000218,SIM0000218,CUST000218,2025-11-20,True,False,131,Android,0,1,0.245
DEV0000219,SIM0000219,CUST000219,2024-12-15,True,False,471,Android,0,1,0.213
DEV0000220,SIM0000220,CUST000220,2025-10-07,True,False,175,Android,0,1,0.061
DEV0000221,SIM0000221,CUST000221,2025-12-28,True,False,93,Android,0,1,0.177
DEV0000222,SIM0000222,CUST000222,2025-09-27,True,False,185,Android,0,1,0.137
DEV0000223,SIM0000223,CUST000223,2023-12-19,True,False,833,Android,0,1,0.215
DEV0000224,SIM0000224,CUST000224,2025-06-15,True,False,289,iOS,1,1,0.071
DEV0000225,SIM0000225,CUST000225,2025-08-03,True,False,240,iOS,1,1,0.126
DEV0000226,SIM0000226,CUST000226,2024-11-22,True,False,494,Android,0,1,0.398
DEV0000227,SIM0000227,CUST000227,2025-03-15,True,False,381,Android,0,1,0.372
DEV0000228,SIM0000228,CUST000228,2025-12-03,True,False,118,Android,0,1,0.146
DEV0000229,SIM0000229,CUST000229,2024-05-15,True,False,685,Android,0,1,0.208
DEV0000230,SIM0000230,CUST000230,2025-12-24,True,False,97,Android,0,1,0.108
DEV0000231,SIM0000231,CUST000231,2025-11-11,True,False,140,Android,0,1,0.124
DEV0000232,SIM0000232,CUST000232,2024-06-29,True,False,640,Android,0,1,0.226
DEV0000233,SIM0000233,CUST000233,2025-09-22,True,False,190,Android,0,1,0.136
DEV0000234,SIM0000234,CUST000234,2025-10-06,True,False,176,Android,1,1,0.387
DEV0000235,SIM0000235,CUST000235,2023-12-14,True,False,838,Android,0,1,0.062
DEV0000236,SIM0000236,CUST000236,2024-10-31,True,False,516,Android,0,1,0.313
DEV0000237,SIM0000237,CUST000237,2025-10-21,True,False,161,Android,0,1,0.072
DEV0000238,SIM0000238,CUST000238,2025-02-23,True,False,401,Android,1,1,0.178
DEV0000239,SIM0000239,CUST000239,2023-09-28,True,False,915,Android,0,1,0.221
DEV0000240,SIM0000240,CUST000240,2020-09-28,True,False,2010,Android,0,1,0.201
DEV0000241,SIM0000241,CUST000241,2024-07-22,True,False,617,iOS,0,1,0.025
DEV0000242,SIM0000242,CUST000242,2025-10-29,True,False,153,Android,1,1,0.165
DEV0000243,SIM0000243,CUST000243,2025-01-07,True,False,448,Android,0,1,0.207
DEV0000244,SIM0000244,CUST000244,2025-11-23,True,False,128,Android,0,1,0.384
DEV0000245,SIM0000245,CUST000245,2025-02-06,True,False,418,Android,1,1,0.327
DEV0000246,SIM0000246,CUST000246,2025-11-30,True,False,121,iOS,0,1,0.318
DEV0000247,SIM0000247,CUST000247,2025-03-16,True,False,380,iOS,1,1,0.073
DEV0000248,SIM0000248,CUST000248,2024-07-18,True,False,621,Android,0,1,0.048
DEV0000249,SIM0000249,CUST000249,2023-12-31,True,False,821,Android,0,1,0.021
DEV0000250,SIM0000250,CUST000250,2025-07-23,True,False,251,iOS,0,1,0.032
DEV0000251,SIM0000251,CUST000251,2023-09-30,True,False,913,Android,0,1,0.202
DEV0000252,SIM0000252,CUST000252,2025-11-05,True,False,146,iOS,0,1,0.146
DEV0000253,SIM0000253,CUST000253,2024-12-21,True,False,465,Android,0,1,0.259
DEV0000254,SIM0000254,CUST000254,2025-12-09,True,False,112,Android,0,1,0.139
DEV0000255,SIM0000255,CUST000255,2025-05-08,True,False,327,Android,0,1,0.146
DEV0000256,SIM0000256,CUST000256,2023-05-30,True,False,1036,Android,0,1,0.137
DEV0000257,SIM0000257,CUST000257,2022-12-24,True,False,1193,Android,0,1,0.082
DEV0000258,SIM0000258,CUST000258,2025-09-05,True,False,207,Android,1,1,0.082
DEV0000259,SIM0000259,CUST000259,2025-11-14,True,False,137,Android,1,1,0.263
DEV0000260,SIM0000260,CUST000260,2025-03-11,True,False,385,Android,0,1,0.146
DEV0000261,SIM0000261,CUST000261,2025-10-21,True,False,161,Android,0,1,0.186
DEV0000262,SIM0000262,CUST000262,2025-03-20,True,False,376,Android,0,1,0.063
DEV0000263,SIM0000263,CUST000263,2025-09-04,True,False,208,Android,2,1,0.073
DEV0000264,SIM0000264,CUST000264,2025-05-06,True,False,329,Android,0,1,0.293
DEV0000265,SIM0000265,CUST000265,2025-04-01,True,False,364,Android,0,1,0.13
DEV0000266,SIM0000266,CUST000266,2024-04-12,True,False,718,Android,0,1,0.077
DEV0000267,SIM0000267,CUST000267,2025-03-03,True,False,393,Android,0,1,0.166
DEV0000268,SIM0000268,CUST000268,2021-07-04,True,False,1731,Android,0,1,0.384
DEV0000269,SIM0000269,CUST000269,2025-10-28,True,False,154,Android,0,1,0.087
DEV0000270,SIM0000270,CUST000270,2025-05-30,True,False,305,Android,0,1,0.143
DEV0000271,SIM0000271,CUST000271,2025-05-23,True,False,312,Android,0,1,0.054
DEV0000272,SIM0000272,CUST000272,2023-11-12,True,False,870,Android,0,1,0.216
DEV0000273,SIM0000273,CUST000273,2024-02-12,True,False,778,Android,0,1,0.299
DEV0000274,SIM0000274,CUST000274,2024-02-02,True,False,788,Android,1,1,0.254
DEV0000275,SIM0000275,CUST000275,2024-06-28,True,False,641,Android,0,1,0.325
DEV0000276,SIM0000276,CUST000276,2025-11-09,True,False,142,Android,0,1,0.024
DEV0000277,SIM0000277,CUST000277,2023-11-19,True,False,863,Android,0,1,0.138
DEV0000278,SIM0000278,CUST000278,2025-09-28,True,False,184,Android,0,1,0.115
DEV0000279,SIM0000279,CUST000279,2024-05-30,True,False,670,Android,0,1,0.094
DEV0000280,SIM0000280,CUST000280,2025-05-10,True,False,325,iOS,0,1,0.048
DEV0000281,SIM0000281,CUST000281,2025-11-16,True,False,135,Android,0,1,0.057
DEV0000282,SIM0000282,CUST000282,2023-05-11,True,False,1055,Android,0,1,0.093
DEV0000283,SIM0000283,CUST000283,2025-11-15,True,False,136,iOS,0,1,0.272
DEV0000284,SIM0000284,CUST000284,2025-01-02,True,False,453,Android,0,1,0.153
DEV0000285,SIM0000285,CUST000285,2023-11-29,True,False,853,Android,0,1,0.345
DEV0000286,SIM0000286,CUST000286,2025-12-18,True,False,103,Android,0,1,0.023
DEV0000287,SIM0000287,CUST000287,2025-11-14,True,False,137,Android,0,1,0.194
DEV0000288,SIM0000288,CUST000288,2025-05-18,True,False,317,Android,0,1,0.097
DEV0000289,SIM0000289,CUST000289,2024-11-28,True,False,488,Android,1,1,0.094
DEV0000290,SIM0000290,CUST000290,2024-11-05,True,False,511,Android,0,1,0.161
DEV0000291,SIM0000291,CUST000291,2025-04-21,True,False,344,iOS,0,1,0.154
DEV0000292,SIM0000292,CUST000292,2025-04-13,True,False,352,Android,0,1,0.064
DEV0000293,SIM0000293,CUST000293,2024-03-24,True,False,737,Android,0,1,0.087
DEV0000294,SIM0000294,CUST000294,2025-11-26,True,False,125,Android,0,1,0.315
DEV0000295,SIM0000295,CUST000295,2020-08-06,True,False,2063,iOS,0,1,0.12
DEV0000296,SIM0000296,CUST000296,2023-05-25,True,False,1041,iOS,0,1,0.233
DEV0000297,SIM0000297,CUST000297,2025-09-04,True,False,208,Android,0,1,0.023
DEV0000298,SIM0000298,CUST000298,2025-05-03,True,False,332,Android,0,1,0.067
DEV0000299,SIM0000299,CUST000299,2022-11-21,True,False,1226,Android,0,1,0.268
DEV0000300,SIM0000300,CUST000300,2024-11-23,True,False,493,Android,0,1,0.034
DEV0000301,SIM0000301,CUST000301,2025-12-28,True,False,93,Android,0,1,0.269
DEV0000302,SIM0000302,CUST000302,2025-11-10,True,False,141,iOS,0,1,0.128
DEV0000303,SIM0000303,CUST000303,2024-10-11,True,False,536,Android,0,1,0.282
DEV0000304,SIM0000304,CUST000304,2024-02-10,True,False,780,Android,0,1,0.113
DEV0000305,SIM0000305,CUST000305,2025-06-28,True,False,276,Android,0,1,0.019
DEV0000306,SIM0000306,CUST000306,2025-10-26,True,False,156,Android,0,1,0.144
DEV0000307,SIM0000307,CUST000307,2024-10-06,True,False,541,Android,0,1,0.184
DEV0000308,SIM0000308,CUST000308,2024-09-22,True,False,555,Android,0,1,0.226
DEV0000309,SIM0000309,CUST000309,2025-12-20,True,False,101,Android,0,1,0.033
DEV0000310,SIM0000310,CUST000310,2025-11-13,True,False,138,Android,0,1,0.227
DEV0000311,SIM0000311,CUST000311,2025-06-21,True,False,283,Android,0,1,0.264
DEV0000312,SIM0000312,CUST000312,2024-06-06,True,False,663,Android,0,1,0.273
DEV0000313,SIM0000313,CUST000313,2025-08-28,True,False,215,Android,3,1,0.201
DEV0000314,SIM0000314,CUST000314,2025-05-12,True,False,323,Android,0,1,0.176
DEV0000315,SIM0000315,CUST000315,2024-12-10,True,False,476,Android,0,1,0.211
DEV0000316,SIM0000316,CUST000316,2025-09-20,True,False,192,Android,0,1,0.073
DEV0000317,SIM0000317,CUST000317,2025-08-25,True,False,218,Android,0,1,0.117
DEV0000318,SIM0000318,CUST000318,2025-01-11,True,False,444,Android,0,1,0.026
DEV0000319,SIM0000319,CUST000319,2025-01-22,True,False,433,Android,0,1,0.158
DEV0000320,SIM0000320,CUST000320,2023-07-22,True,False,983,Android,0,1,0.191
DEV0000321,SIM0000321,CUST000321,2023-02-23,True,False,1132,Android,0,1,0.255
DEV0000322,SIM0000322,CUST000322,2025-07-08,True,False,266,Android,0,1,0.423
DEV0000323,SIM0000323,CUST000323,2019-04-17,True,False,2540,Android,0,1,0.24
DEV0000324,SIM0000324,CUST000324,2025-11-01,True,False,150,Android,1,1,0.281
DEV0000325,SIM0000325,CUST000325,2024-12-17,True,False,469,Android,0,1,0.149
DEV0000326,SIM0000326,CUST000326,2025-11-15,True,False,136,Android,0,1,0.151
DEV0000327,SIM0000327,CUST000327,2025-03-30,True,False,366,Android,0,1,0.455
DEV0000328,SIM0000328,CUST000328,2025-08-23,True,False,220,iOS,0,1,0.19
DEV0000329,SIM0000329,CUST000329,2025-04-18,True,False,347,Android,0,1,0.206
DEV0000330,SIM0000330,CUST000330,2023-08-07,True,False,967,Android,1,1,0.39
DEV0000331,SIM0000331,CUST000331,2024-09-29,True,False,548,Android,0,1,0.454
DEV0000332,SIM0000332,CUST000332,2024-05-14,True,False,686,Android,0,1,0.267
DEV0000333,SIM0000333,CUST000333,2025-12-10,True,False,111,Android,0,1,0.233
DEV0000334,SIM0000334,CUST000334,2025-12-07,True,False,114,Android,0,1,0.31
DEV0000335,SIM0000335,CUST000335,2025-08-28,True,False,215,Android,0,1,0.117
DEV0000336,SIM0000336,CUST000336,2022-05-12,True,False,1419,Android,0,1,0.042
DEV0000337,SIM0000337,CUST000337,2024-09-02,True,False,575,Android,1,1,0.365
DEV0000338,SIM0000338,CUST000338,2025-11-18,True,False,133,Android,1,1,0.177
DEV0000339,SIM0000339,CUST000339,2025-03-30,True,False,366,Android,0,1,0.355
DEV0000340,SIM0000340,CUST000340,2023-12-04,True,False,848,Android,0,1,0.176
DEV0000341,SIM0000341,CUST000341,2024-10-05,True,False,542,Android,0,1,0.058
DEV0000342,SIM0000342,CUST000342,2025-06-14,True,False,290,Android,0,1,0.461
DEV0000343,SIM0000343,CUST000343,2025-12-09,True,False,112,Android,0,1,0.142
DEV0000344,SIM0000344,CUST000344,2025-12-25,True,False,96,iOS,0,1,0.211
DEV0000345,SIM0000345,CUST000345,2025-01-05,True,False,450,Android,0,1,0.093
DEV0000346,SIM0000346,CUST000346,2024-05-19,True,False,681,Android,0,1,0.1
DEV0000347,SIM0000347,CUST000347,2025-08-16,True,False,227,Android,0,1,0.318
DEV0000348,SIM0000348,CUST000348,2021-12-31,True,False,1551,Android,0,1,0.324
DEV0000349,SIM0000349,CUST000349,2025-08-10,True,False,233,Android,1,1,0.158
DEV0000350,SIM0000350,CUST000350,2025-12-01,True,False,120,Android,0,1,0.12
DEV0000351,SIM0000351,CUST000351,2024-05-03,True,False,697,Android,0,1,0.282
DEV0000352,SIM0000352,CUST000352,2025-07-16,True,False,258,Android,0,1,0.21
DEV0000353,SIM0000353,CUST000353,2025-12-07,True,False,114,iOS,0,1,0.148
DEV0000354,SIM0000354,CUST000354,2024-10-03,True,False,544,Android,0,1,0.095
DEV0000355,SIM0000355,CUST000355,2025-05-20,True,False,315,Android,0,1,0.323
DEV0000356,SIM0000356,CUST000356,2025-09-13,True,False,199,Android,0,1,0.069
DEV0000357,SIM0000357,CUST000357,2025-01-06,True,False,449,Android,0,1,0.254
DEV0000358,SIM0000358,CUST000358,2021-11-09,True,False,1603,Android,0,1,0.027
DEV0000359,SIM0000359,CUST000359,2024-11-18,True,False,498,Android,0,1,0.271
DEV0000360,SIM0000360,CUST000360,2025-09-20,True,False,192,Android,0,1,0.061
DEV0000361,SIM0000361,CUST000361,2025-11-22,True,False,129,Android,0,1,0.212
DEV0000362,SIM0000362,CUST000362,2023-03-31,True,False,1096,Android,0,1,0.091
DEV0000363,SIM0000363,CUST000363,2024-04-22,True,False,708,Android,0,1,0.112
DEV0000364,SIM0000364,CUST000364,2025-10-08,True,False,174,Android,0,1,0.289
DEV0000365,SIM0000365,CUST000365,2022-09-18,True,False,1290,Android,1,1,0.171
DEV0000366,SIM0000366,CUST000366,2025-08-22,True,False,221,Android,0,1,0.174
DEV0000367,SIM0000367,CUST000367,2025-04-01,True,False,364,Android,0,1,0.122
DEV0000368,SIM0000368,CUST000368,2025-10-01,True,False,181,Android,0,1,0.08
DEV0000369,SIM0000369,CUST000369,2024-05-22,True,False,678,Android,1,1,0.083
DEV0000370,SIM0000370,CUST000370,2025-11-08,True,False,143,Android,0,1,0.121
DEV0000371,SIM0000371,CUST000371,2025-09-19,True,False,193,Android,0,1,0.049
DEV0000372,SIM0000372,CUST000372,2025-05-27,True,False,308,Android,3,1,0.181
DEV0000373,SIM0000373,CUST000373,2024-03-15,True,False,746,Android,0,1,0.153
DEV0000374,SIM0000374,CUST000374,2025-11-30,True,False,121,Android,0,1,0.153
DEV0000375,SIM0000375,CUST000375,2025-08-14,True,False,229,Android,0,1,0.203
DEV0000376,SIM0000376,CUST000376,2025-07-01,True,False,273,Android,0,1,0.067
DEV0000377,SIM0000377,CUST000377,2025-08-26,True,False,217,Android,0,1,0.23
DEV0000378,SIM0000378,CUST000378,2023-11-17,True,False,865,Android,0,1,0.304
DEV0000379,SIM0000379,CUST000379,2024-04-24,True,False,706,Android,0,1,0.621
DEV0000380,SIM0000380,CUST000380,2024-09-02,True,False,575,Android,0,1,0.084
DEV0000381,SIM0000381,CUST000381,2025-12-11,True,False,110,Android,0,1,0.015
DEV0000382,SIM0000382,CUST000382,2025-02-14,True,False,410,Android,0,1,0.066
DEV0000383,SIM0000383,CUST000383,2024-10-12,True,False,535,Android,0,1,0.147
DEV0000384,SIM0000384,CUST000384,2023-05-31,True,False,1035,Android,0,1,0.167
DEV0000385,SIM0000385,CUST000385,2024-07-23,True,False,616,iOS,0,1,0.424
DEV0000386,SIM0000386,CUST000386,2025-12-09,True,False,112,Android,0,1,0.169
DEV0000387,SIM0000387,CUST000387,2024-06-24,True,False,645,Android,0,1,0.109
DEV0000388,SIM0000388,CUST000388,2025-12-05,True,False,116,Android,0,1,0.081
DEV0000389,SIM0000389,CUST000389,2025-05-27,True,False,308,Android,0,1,0.34
DEV0000390,SIM0000390,CUST000390,2025-08-29,True,False,214,Android,0,1,0.147
DEV0000391,SIM0000391,CUST000391,2025-01-01,True,False,454,Android,1,1,0.221
DEV0000392,SIM0000392,CUST000392,2025-09-08,True,False,204,Android,0,1,0.12
DEV0000393,SIM0000393,CUST000393,2022-10-17,True,False,1261,Android,0,1,0.085
DEV0000394,SIM0000394,CUST000394,2024-09-05,True,False,572,Android,0,1,0.279
DEV0000395,SIM0000395,CUST000395,2025-06-12,True,False,292,Android,0,1,0.049
DEV0000396,SIM0000396,CUST000396,2025-12-29,True,False,92,Android,1,1,0.35
DEV0000397,SIM0000397,CUST000397,2024-08-05,True,False,603,Android,0,1,0.047
DEV0000398,SIM0000398,CUST000398,2024-08-19,True,False,589,Android,0,1,0.044
DEV0000399,SIM0000399,CUST000399,2025-12-07,True,False,114,Android,0,1,0.194
DEV0000400,SIM0000400,CUST000400,2022-09-09,True,False,1299,Android,0,1,0.279
DEV0000401,SIM0000401,CUST000401,2024-07-07,True,False,632,Android,0,1,0.264
DEV0000402,SIM0000402,CUST000402,2025-01-15,True,False,440,Android,0,1,0.544
DEV0000403,SIM0000403,CUST000403,2024-11-30,True,False,486,Android,1,1,0.32
DEV0000404,SIM0000404,CUST000404,2022-12-27,True,False,1190,Android,0,1,0.3
DEV0000405,SIM0000405,CUST000405,2023-02-19,True,False,1136,Android,0,1,0.232
DEV0000406,SIM0000406,CUST000406,2025-10-24,True,False,158,Android,1,1,0.106
DEV0000407,SIM0000407,CUST000407,2025-08-06,True,False,237,Android,0,1,0.319
DEV0000408,SIM0000408,CUST000408,2024-01-27,True,False,794,Android,0,1,0.115
DEV0000409,SIM0000409,CUST000409,2022-11-26,True,False,1221,Android,1,1,0.1
DEV0000410,SIM0000410,CUST000410,2025-10-07,True,False,175,Android,0,1,0.08
DEV0000411,SIM0000411,CUST000411,2025-10-24,True,False,158,Android,0,1,0.017
DEV0000412,SIM0000412,CUST000412,2025-10-21,True,False,161,Android,1,1,0.081
DEV0000413,SIM0000413,CUST000413,2025-11-18,True,False,133,iOS,0,1,0.179
DEV0000414,SIM0000414,CUST000414,2025-06-17,True,False,287,Android,0,1,0.435
DEV0000415,SIM0000415,CUST000415,2025-02-24,True,False,400,Android,0,1,0.157
DEV0000416,SIM0000416,CUST000416,2023-10-07,True,False,906,Android,0,1,0.256
DEV0000417,SIM0000417,CUST000417,2024-09-17,True,False,560,Android,0,1,0.333
DEV0000418,SIM0000418,CUST000418,2025-05-29,True,False,306,Android,0,1,0.274
DEV0000419,SIM0000419,CUST000419,2024-01-09,True,False,812,iOS,0,1,0.222
DEV0000420,SIM0000420,CUST000420,2025-05-06,True,False,329,iOS,0,1,0.083
DEV0000421,SIM0000421,CUST000421,2023-06-18,True,False,1017,Android,0,1,0.159
DEV0000422,SIM0000422,CUST000422,2024-11-09,True,False,507,Android,0,1,0.327
DEV0000423,SIM0000423,CUST000423,2025-09-24,True,False,188,iOS,0,1,0.155
DEV0000424,SIM0000424,CUST000424,2024-08-06,True,False,602,Android,0,1,0.087
DEV0000425,SIM0000425,CUST000425,2024-03-20,True,False,741,Android,0,1,0.034
DEV0000426,SIM0000426,CUST000426,2024-05-02,True,False,698,Android,0,1,0.35
DEV0000427,SIM0000427,CUST000427,2025-10-19,True,False,163,Android,0,1,0.184
DEV0000428,SIM0000428,CUST000428,2025-01-03,True,False,452,Android,0,1,0.052
DEV0000429,SIM0000429,CUST000429,2025-08-28,True,False,215,Android,0,1,0.155
DEV0000430,SIM0000430,CUST000430,2023-05-24,True,False,1042,Android,0,1,0.082
DEV0000431,SIM0000431,CUST000431,2024-04-05,True,False,725,Android,0,1,0.269
DEV0000432,SIM0000432,CUST000432,2025-07-29,True,False,245,Android,0,1,0.153
DEV0000433,SIM0000433,CUST000433,2024-02-27,True,False,763,Android,0,1,0.094
DEV0000434,SIM0000434,CUST000434,2025-07-02,True,False,272,Android,0,1,0.106
DEV0000435,SIM0000435,CUST000435,2025-12-17,True,False,104,Android,0,1,0.195
DEV0000436,SIM0000436,CUST000436,2023-06-22,True,False,1013,Android,0,1,0.254
DEV0000437,SIM0000437,CUST000437,2023-11-13,True,False,869,Android,0,1,0.293
DEV0000438,SIM0000438,CUST000438,2024-04-29,True,False,701,iOS,0,1,0.256
DEV0000439,SIM0000439,CUST000439,2024-06-06,True,False,663,Android,0,1,0.236
DEV0000440,SIM0000440,CUST000440,2023-10-25,True,False,888,Android,0,1,0.09
DEV0000441,SIM0000441,CUST000441,2025-01-03,True,False,452,Android,0,1,0.113
DEV0000442,SIM0000442,CUST000442,2024-08-17,True,False,591,Android,0,1,0.109
DEV0000443,SIM0000443,CUST000443,2025-06-29,True,False,275,Android,0,1,0.244
DEV0000444,SIM0000444,CUST000444,2025-01-01,True,False,454,Android,1,1,0.017
DEV0000445,SIM0000445,CUST000445,2025-10-19,True,False,163,Android,0,1,0.617
DEV0000446,SIM0000446,CUST000446,2025-06-10,True,False,294,Android,0,1,0.051
DEV0000447,SIM0000447,CUST000447,2025-01-07,True,False,448,Android,1,1,0.472
DEV0000448,SIM0000448,CUST000448,2023-08-28,True,False,946,Android,0,1,0.213
DEV0000449,SIM0000449,CUST000449,2024-07-16,True,False,623,Android,0,1,0.207
DEV0000450,SIM0000450,CUST000450,2025-04-26,True,False,339,Android,0,1,0.085
DEV0000451,SIM0000451,CUST000451,2024-02-22,True,False,768,Android,0,1,0.199
DEV0000452,SIM0000452,CUST000452,2025-11-20,True,False,131,Android,0,1,0.097
DEV0000453,SIM0000453,CUST000453,2025-08-12,True,False,231,Android,1,1,0.188
DEV0000454,SIM0000454,CUST000454,2025-07-18,True,False,256,Android,0,1,0.206
DEV0000455,SIM0000455,CUST000455,2025-11-03,True,False,148,Android,0,1,0.206
DEV0000456,SIM0000456,CUST000456,2025-04-30,True,False,335,Android,0,1,0.475
DEV0000457,SIM0000457,CUST000457,2024-10-18,True,False,529,Android,1,1,0.087
DEV0000458,SIM0000458,CUST000458,2025-04-08,True,False,357,Android,0,1,0.272
DEV0000459,SIM0000459,CUST000459,2023-11-08,True,False,874,Android,0,1,0.081
DEV0000460,SIM0000460,CUST000460,2025-01-20,True,False,435,Android,0,1,0.127
DEV0000461,SIM0000461,CUST000461,2024-10-25,True,False,522,Android,0,1,0.28
DEV0000462,SIM0000462,CUST000462,2025-08-20,True,False,223,Android,0,1,0.232
DEV0000463,SIM0000463,CUST000463,2024-04-02,True,False,728,iOS,0,1,0.476
DEV0000464,SIM0000464,CUST000464,2025-09-24,True,False,188,Android,0,1,0.123
DEV0000465,SIM0000465,CUST000465,2023-10-06,True,False,907,Android,0,1,0.227
DEV0000466,SIM0000466,CUST000466,2025-04-10,True,False,355,Android,0,1,0.224
DEV0000467,SIM0000467,CUST000467,2025-04-25,True,False,340,Android,0,1,0.134
DEV0000468,SIM0000468,CUST000468,2025-10-19,True,False,163,Android,0,1,0.245
DEV0000469,SIM0000469,CUST000469,2023-05-12,True,False,1054,Android,0,1,0.226
DEV0000470,SIM0000470,CUST000470,2025-10-23,True,False,159,Android,1,1,0.277
DEV0000471,SIM0000471,CUST000471,2025-11-15,True,False,136,Android,0,1,0.279
DEV0000472,SIM0000472,CUST000472,2025-11-09,True,False,142,Android,0,1,0.04
DEV0000473,SIM0000473,CUST000473,2025-06-20,True,False,284,Android,0,1,0.267
DEV0000474,SIM0000474,CUST000474,2025-08-31,True,False,212,Android,0,1,0.089
DEV0000475,SIM0000475,CUST000475,2023-08-21,True,False,953,Android,0,1,0.417
DEV0000476,SIM0000476,CUST000476,2024-12-08,True,False,478,Android,0,1,0.07
DEV0000477,SIM0000477,CUST000477,2025-09-02,True,False,210,Android,0,1,0.123
DEV0000478,SIM0000478,CUST000478,2022-03-26,True,False,1466,Android,0,1,0.476
DEV0000479,SIM0000479,CUST000479,2024-06-24,True,False,645,Android,0,1,0.387
DEV0000480,SIM0000480,CUST000480,2025-06-04,True,False,300,Android,0,1,0.452
DEV0000481,SIM0000481,CUST000481,2025-10-09,True,False,173,iOS,0,1,0.039
DEV0000482,SIM0000482,CUST000482,2025-08-19,True,False,224,Android,0,1,0.28
DEV0000483,SIM0000483,CUST000483,2025-11-13,True,False,138,Android,0,1,0.052
DEV0000484,SIM0000484,CUST000484,2023-07-02,True,False,1003,Android,0,1,0.202
DEV0000485,SIM0000485,CUST000485,2025-04-27,True,False,338,Android,0,1,0.125
DEV0000486,SIM0000486,CUST000486,2022-12-14,True,False,1203,Android,0,1,0.214
DEV0000487,SIM0000487,CUST000487,2025-12-11,True,False,110,Android,0,1,0.279
DEV0000488,SIM0000488,CUST000488,2024-02-08,True,False,782,iOS,1,1,0.202
DEV0000489,SIM0000489,CUST000489,2025-07-26,True,False,248,Android,0,1,0.129
DEV0000490,SIM0000490,CUST000490,2025-06-21,True,False,283,Android,0,1,0.253
DEV0000491,SIM0000491,CUST000491,2024-09-28,True,False,549,Android,0,1,0.163
DEV0000492,SIM0000492,CUST000492,2025-02-05,True,False,419,Android,0,1,0.088
DEV0000493,SIM0000493,CUST000493,2022-12-13,True,False,1204,Android,1,1,0.245
DEV0000494,SIM0000494,CUST000494,2024-12-19,True,False,467,Android,0,1,0.215
DEV0000495,SIM0000495,CUST000495,2024-10-08,True,False,539,iOS,0,1,0.29
DEV0000496,SIM0000496,CUST000496,2023-09-09,True,False,934,Android,0,1,0.041
DEV0000497,SIM0000497,CUST000497,2025-09-24,True,False,188,Android,0,1,0.014
DEV0000498,SIM0000498,CUST000498,2025-05-23,True,False,312,Android,1,1,0.222
DEV0000499,SIM0000499,CUST000499,2023-12-19,True,False,833,Android,0,1,0.074
DEV0000500,SIM0000500,CUST000500,2025-08-07,True,False,236,Android,0,1,0.404
DEV0000501,SIM0000501,CUST000501,2021-10-21,True,False,1622,Android,1,1,0.045
DEV0000502,SIM0000502,CUST000502,2025-08-31,True,False,212,Android,0,1,0.393
DEV0000503,SIM0000503,CUST000503,2025-11-11,True,False,140,Android,0,1,0.47
DEV0000504,SIM0000504,CUST000504,2025-05-30,True,False,305,Android,0,1,0.073
DEV0000505,SIM0000505,CUST000505,2024-12-29,True,False,457,Android,0,1,0.328
DEV0000506,SIM0000506,CUST000506,2023-10-13,True,False,900,Android,0,1,0.068
DEV0000507,SIM0000507,CUST000507,2025-06-16,True,False,288,Android,1,1,0.425
DEV0000508,SIM0000508,CUST000508,2025-06-13,True,False,291,Android,0,1,0.318
DEV0000509,SIM0000509,CUST000509,2023-06-08,True,False,1027,Android,0,1,0.201
DEV0000510,SIM0000510,CUST000510,2025-09-21,True,False,191,Android,0,1,0.272
DEV0000511,SIM0000511,CUST000511,2025-09-29,True,False,183,Android,0,1,0.155
DEV0000512,SIM0000512,CUST000512,2024-03-18,True,False,743,Android,0,1,0.107
DEV0000513,SIM0000513,CUST000513,2025-06-05,True,False,299,Android,1,1,0.173
DEV0000514,SIM0000514,CUST000514,2025-09-03,True,False,209,Android,0,1,0.142
DEV0000515,SIM0000515,CUST000515,2025-09-13,True,False,199,Android,0,1,0.173
DEV0000516,SIM0000516,CUST000516,2025-07-07,True,False,267,Android,0,1,0.264
DEV0000517,SIM0000517,CUST000517,2021-02-13,True,False,1872,Android,1,1,0.125
DEV0000518,SIM0000518,CUST000518,2025-05-23,True,False,312,Android,0,1,0.26
DEV0000519,SIM0000519,CUST000519,2024-09-21,True,False,556,iOS,0,1,0.301
DEV0000520,SIM0000520,CUST000520,2025-09-07,True,False,205,Android,2,1,0.407
DEV0000521,SIM0000521,CUST000521,2024-12-28,True,False,458,Android,0,1,0.198
DEV0000522,SIM0000522,CUST000522,2025-09-17,True,False,195,Android,0,1,0.14
DEV0000523,SIM0000523,CUST000523,2024-12-25,True,False,461,Android,0,1,0.038
DEV0000524,SIM0000524,CUST000524,2025-11-28,True,False,123,Android,0,1,0.193
DEV0000525,SIM0000525,CUST000525,2025-10-17,True,False,165,Android,0,1,0.096
DEV0000526,SIM0000526,CUST000526,2025-03-30,True,False,366,Android,0,1,0.189
DEV0000527,SIM0000527,CUST000527,2025-06-07,True,False,297,Android,0,1,0.179
DEV0000528,SIM0000528,CUST000528,2024-10-07,True,False,540,Android,0,1,0.291
DEV0000529,SIM0000529,CUST000529,2025-09-25,True,False,187,Android,0,1,0.035
DEV0000530,SIM0000530,CUST000530,2025-02-10,True,False,414,iOS,0,1,0.036
DEV0000531,SIM0000531,CUST000531,2024-05-06,True,False,694,Android,1,1,0.092
DEV0000532,SIM0000532,CUST000532,2025-11-27,True,False,124,Android,0,1,0.096
DEV0000533,SIM0000533,CUST000533,2025-11-23,True,False,128,Android,0,1,0.223
DEV0000534,SIM0000534,CUST000534,2020-01-26,True,False,2256,iOS,1,1,0.509
DEV0000535,SIM0000535,CUST000535,2024-10-12,True,False,535,Android,0,1,0.109
DEV0000536,SIM0000536,CUST000536,2024-09-06,True,False,571,Android,0,1,0.161
DEV0000537,SIM0000537,CUST000537,2025-10-11,True,False,171,Android,1,1,0.193
DEV0000538,SIM0000538,CUST000538,2025-02-24,True,False,400,Android,0,1,0.36
DEV0000539,SIM0000539,CUST000539,2024-02-15,True,False,775,Android,0,1,0.134
DEV0000540,SIM0000540,CUST000540,2024-03-08,True,False,753,Android,0,1,0.262
DEV0000541,SIM0000541,CUST000541,2025-10-09,True,False,173,Android,0,1,0.067
DEV0000542,SIM0000542,CUST000542,2024-05-30,True,False,670,iOS,0,1,0.125
DEV0000543,SIM0000543,CUST000543,2025-05-04,True,False,331,Android,0,1,0.341
DEV0000544,SIM0000544,CUST000544,2025-12-07,True,False,114,Android,0,1,0.096
DEV0000545,SIM0000545,CUST000545,2025-05-06,True,False,329,Android,0,1,0.263
DEV0000546,SIM0000546,CUST000546,2025-05-13,True,False,322,Android,0,1,0.183
DEV0000547,SIM0000547,CUST000547,2025-04-17,True,False,348,Android,0,1,0.235
DEV0000548,SIM0000548,CUST000548,2024-07-20,True,False,619,Android,0,1,0.088
DEV0000549,SIM0000549,CUST000549,2025-01-22,True,False,433,Android,1,1,0.105
DEV0000550,SIM0000550,CUST000550,2025-08-14,True,False,229,Android,0,1,0.272
DEV0000551,SIM0000551,CUST000551,2022-12-06,True,False,1211,Android,0,1,0.135
DEV0000552,SIM0000552,CUST000552,2024-04-29,True,False,701,Android,1,1,0.015
DEV0000553,SIM0000553,CUST000553,2025-03-17,True,False,379,Android,1,1,0.106
DEV0000554,SIM0000554,CUST000554,2025-11-06,True,False,145,Android,0,1,0.273
DEV0000555,SIM0000555,CUST000555,2023-06-16,True,False,1019,Android,0,1,0.137
DEV0000556,SIM0000556,CUST000556,2025-07-11,True,False,263,Android,0,1,0.336
DEV0000557,SIM0000557,CUST000557,2025-01-01,True,False,454,Android,2,1,0.175
DEV0000558,SIM0000558,CUST000558,2025-10-12,True,False,170,Android,0,1,0.049
DEV0000559,SIM0000559,CUST000559,2024-10-19,True,False,528,Android,0,1,0.276
DEV0000560,SIM0000560,CUST000560,2025-06-13,True,False,291,Android,0,1,0.508
DEV0000561,SIM0000561,CUST000561,2025-03-26,True,False,370,Android,0,1,0.353
DEV0000562,SIM0000562,CUST000562,2025-12-14,True,False,107,Android,0,1,0.188
DEV0000563,SIM0000563,CUST000563,2025-11-08,True,False,143,Android,0,1,0.106
DEV0000564,SIM0000564,CUST000564,2025-11-01,True,False,150,Android,0,1,0.125
DEV0000565,SIM0000565,CUST000565,2024-11-17,True,False,499,Android,0,1,0.234
DEV0000566,SIM0000566,CUST000566,2024-07-29,True,False,610,Android,0,1,0.07
DEV0000567,SIM0000567,CUST000567,2024-04-03,True,False,727,Android,0,1,0.348
DEV0000568,SIM0000568,CUST000568,2024-05-01,True,False,699,Android,0,1,0.185
DEV0000569,SIM0000569,CUST000569,2025-10-14,True,False,168,iOS,0,1,0.059
DEV0000570,SIM0000570,CUST000570,2024-01-18,True,False,803,Android,0,1,0.306
DEV0000571,SIM0000571,CUST000571,2025-06-09,True,False,295,Android,0,1,0.311
DEV0000572,SIM0000572,CUST000572,2022-09-27,True,False,1281,Android,1,1,0.481
DEV0000573,SIM0000573,CUST000573,2025-10-23,True,False,159,Android,0,1,0.243
DEV0000574,SIM0000574,CUST000574,2025-12-22,True,False,99,Android,0,1,0.066
DEV0000575,SIM0000575,CUST000575,2024-07-19,True,False,620,Android,0,1,0.172
DEV0000576,SIM0000576,CUST000576,2025-01-01,True,False,454,Android,0,1,0.216
DEV0000577,SIM0000577,CUST000577,2025-10-17,True,False,165,Android,0,1,0.291
DEV0000578,SIM0000578,CUST000578,2025-03-13,True,False,383,Android,0,1,0.122
DEV0000579,SIM0000579,CUST000579,2024-03-08,True,False,753,Android,0,1,0.117
DEV0000580,SIM0000580,CUST000580,2025-08-29,True,False,214,Android,0,1,0.03
DEV0000581,SIM0000581,CUST000581,2025-11-28,True,False,123,Android,0,1,0.195
DEV0000582,SIM0000582,CUST000582,2025-06-11,True,False,293,Android,0,1,0.308
DEV0000583,SIM0000583,CUST000583,2024-10-23,True,False,524,Android,0,1,0.108
DEV0000584,SIM0000584,CUST000584,2025-09-18,True,False,194,Android,0,1,0.135
DEV0000585,SIM0000585,CUST000585,2025-09-14,True,False,198,Android,0,1,0.207
DEV0000586,SIM0000586,CUST000586,2021-11-22,True,False,1590,Android,0,1,0.031
DEV0000587,SIM0000587,CUST000587,2024-10-13,True,False,534,Android,1,1,0.08
DEV0000588,SIM0000588,CUST000588,2025-05-23,True,False,312,Android,0,1,0.165
DEV0000589,SIM0000589,CUST000589,2023-05-18,True,False,1048,Android,0,1,0.089
DEV0000590,SIM0000590,CUST000590,2022-07-29,True,False,1341,iOS,0,1,0.073
DEV0000591,SIM0000591,CUST000591,2024-03-11,True,False,750,Android,0,1,0.129
DEV0000592,SIM0000592,CUST000592,2025-10-30,True,False,152,Android,0,1,0.112
DEV0000593,SIM0000593,CUST000593,2025-11-11,True,False,140,Android,1,1,0.315
DEV0000594,SIM0000594,CUST000594,2025-07-26,True,False,248,Android,1,1,0.302
DEV0000595,SIM0000595,CUST000595,2024-10-06,True,False,541,Android,0,1,0.408
DEV0000596,SIM0000596,CUST000596,2025-04-18,True,False,347,Android,0,1,0.333
DEV0000597,SIM0000597,CUST000597,2025-03-21,True,False,375,Android,0,1,0.345
DEV0000598,SIM0000598,CUST000598,2025-11-18,True,False,133,Android,1,1,0.003
DEV0000599,SIM0000599,CUST000599,2025-06-06,True,False,298,Android,0,1,0.089
DEV0000600,SIM0000600,CUST000600,2022-11-19,True,False,1228,Android,0,1,0.142
DEV0000601,SIM0000601,CUST000601,2025-07-01,True,False,273,Android,1,1,0.178
DEV0000602,SIM0000602,CUST000602,2025-03-26,True,False,370,Android,0,1,0.38
DEV0000603,SIM0000603,CUST000603,2025-06-01,True,False,303,Android,0,1,0.066
DEV0000604,SIM0000604,CUST000604,2025-05-29,True,False,306,Android,0,1,0.124
DEV0000605,SIM0000605,CUST000605,2025-07-16,True,False,258,Android,0,1,0.233
DEV0000606,SIM0000606,CUST000606,2023-04-21,True,False,1075,Android,0,1,0.357
DEV0000607,SIM0000607,CUST000607,2025-05-21,True,False,314,Android,0,1,0.098
DEV0000608,SIM0000608,CUST000608,2024-08-12,True,False,596,iOS,0,1,0.09
DEV0000609,SIM0000609,CUST000609,2023-11-03,True,False,879,Android,0,1,0.134
DEV0000610,SIM0000610,CUST000610,2024-06-19,True,False,650,Android,0,1,0.127
DEV0000611,SIM0000611,CUST000611,2025-12-30,True,False,91,iOS,0,1,0.255
DEV0000612,SIM0000612,CUST000612,2026-01-01,True,False,89,Android,0,1,0.081
DEV0000613,SIM0000613,CUST000613,2025-05-30,True,False,305,Android,0,1,0.151
DEV0000614,SIM0000614,CUST000614,2025-12-08,True,False,113,Android,0,1,0.089
DEV0000615,SIM0000615,CUST000615,2025-11-10,True,False,141,Android,0,1,0.132
DEV0000616,SIM0000616,CUST000616,2025-09-10,True,False,202,Android,1,1,0.04
DEV0000617,SIM0000617,CUST000617,2025-08-21,True,False,222,Android,0,1,0.225
DEV0000618,SIM0000618,CUST000618,2024-09-18,True,False,559,Android,0,1,0.007
DEV0000619,SIM0000619,CUST000619,2025-02-19,True,False,405,Android,0,1,0.169
DEV0000620,SIM0000620,CUST000620,2022-08-04,True,False,1335,Android,0,1,0.256
DEV0000621,SIM0000621,CUST000621,2021-08-25,True,False,1679,Android,0,1,0.165
DEV0000622,SIM0000622,CUST000622,2025-10-30,True,False,152,Android,0,1,0.215
DEV0000623,SIM0000623,CUST000623,2025-07-10,True,False,264,Android,0,1,0.21
DEV0000624,SIM0000624,CUST000624,2025-10-06,True,False,176,Android,0,1,0.114
DEV0000625,SIM0000625,CUST000625,2025-10-02,True,False,180,Android,0,1,0.204
DEV0000626,SIM0000626,CUST000626,2025-07-18,True,False,256,iOS,0,1,0.415
DEV0000627,SIM0000627,CUST000627,2025-10-30,True,False,152,Android,0,1,0.067
DEV0000628,SIM0000628,CUST000628,2023-02-25,True,False,1130,iOS,0,1,0.132
DEV0000629,SIM0000629,CUST000629,2025-10-21,True,False,161,Android,0,1,0.211
DEV0000630,SIM0000630,CUST000630,2022-09-04,True,False,1304,Android,0,1,0.168
DEV0000631,SIM0000631,CUST000631,2024-07-06,True,False,633,Android,0,1,0.344
DEV0000632,SIM0000632,CUST000632,2025-04-08,True,False,357,Android,2,1,0.069
DEV0000633,SIM0000633,CUST000633,2023-12-09,True,False,843,Android,0,1,0.135
DEV0000634,SIM0000634,CUST000634,2025-06-14,True,False,290,Android,2,1,0.122
DEV0000635,SIM0000635,CUST000635,2025-10-11,True,False,171,Android,0,1,0.093
DEV0000636,SIM0000636,CUST000636,2025-04-13,True,False,352,Android,0,1,0.176
DEV0000637,SIM0000637,CUST000637,2025-11-10,True,False,141,Android,0,1,0.239
DEV0000638,SIM0000638,CUST000638,2024-07-30,True,False,609,Android,0,1,0.073
DEV0000639,SIM0000639,CUST000639,2025-12-04,True,False,117,Android,0,1,0.165
DEV0000640,SIM0000640,CUST000640,2025-06-15,True,False,289,iOS,0,1,0.259
DEV0000641,SIM0000641,CUST000641,2025-10-13,True,False,169,Android,0,1,0.209
DEV0000642,SIM0000642,CUST000642,2025-10-06,True,False,176,Android,0,1,0.058
DEV0000643,SIM0000643,CUST000643,2025-09-04,True,False,208,Android,0,1,0.258
DEV0000644,SIM0000644,CUST000644,2025-02-03,True,False,421,Android,1,1,0.306
DEV0000645,SIM0000645,CUST000645,2024-06-06,True,False,663,Android,0,1,0.246
DEV0000646,SIM0000646,CUST000646,2025-04-07,True,False,358,Android,0,1,0.155
DEV0000647,SIM0000647,CUST000647,2025-05-16,True,False,319,Android,0,1,0.132
DEV0000648,SIM0000648,CUST000648,2025-03-28,True,False,368,Android,0,1,0.224
DEV0000649,SIM0000649,CUST000649,2025-04-11,True,False,354,Android,0,1,0.235
DEV0000650,SIM0000650,CUST000650,2025-04-12,True,False,353,Android,1,1,0.179
DEV0000651,SIM0000651,CUST000651,2024-05-26,True,False,674,Android,0,1,0.142
DEV0000652,SIM0000652,CUST000652,2024-01-14,True,False,807,Android,0,1,0.164
DEV0000653,SIM0000653,CUST000653,2025-01-28,True,False,427,Android,0,1,0.253
DEV0000654,SIM0000654,CUST000654,2024-05-30,True,False,670,Android,0,1,0.467
DEV0000655,SIM0000655,CUST000655,2024-06-13,True,False,656,Android,0,1,0.391
DEV0000656,SIM0000656,CUST000656,2023-05-02,True,False,1064,Android,0,1,0.167
DEV0000657,SIM0000657,CUST000657,2025-11-21,True,False,130,Android,0,1,0.158
DEV0000658,SIM0000658,CUST000658,2024-09-29,True,False,548,Android,0,1,0.241
DEV0000659,SIM0000659,CUST000659,2024-11-09,True,False,507,Android,0,1,0.119
DEV0000660,SIM0000660,CUST000660,2023-05-20,True,False,1046,Android,0,1,0.124
DEV0000661,SIM0000661,CUST000661,2024-12-14,True,False,472,Android,0,1,0.284
DEV0000662,SIM0000662,CUST000662,2025-09-30,True,False,182,Android,0,1,0.276
DEV0000663,SIM0000663,CUST000663,2023-08-20,True,False,954,Android,0,1,0.084
DEV0000664,SIM0000664,CUST000664,2025-11-05,True,False,146,Android,0,1,0.179
DEV0000665,SIM0000665,CUST000665,2024-06-01,True,False,668,iOS,0,1,0.202
DEV0000666,SIM0000666,CUST000666,2025-06-20,True,False,284,Android,0,1,0.042
DEV0000667,SIM0000667,CUST000667,2024-03-25,True,False,736,Android,1,1,0.09
DEV0000668,SIM0000668,CUST000668,2025-07-28,True,False,246,Android,0,1,0.222
DEV0000669,SIM0000669,CUST000669,2025-10-20,True,False,162,Android,0,1,0.168
DEV0000670,SIM0000670,CUST000670,2025-10-28,True,False,154,Android,1,1,0.132
DEV0000671,SIM0000671,CUST000671,2024-09-18,True,False,559,Android,0,1,0.527
DEV0000672,SIM0000672,CUST000672,2025-03-29,True,False,367,Android,0,1,0.154
DEV0000673,SIM0000673,CUST000673,2025-06-20,True,False,284,Android,0,1,0.186
DEV0000674,SIM0000674,CUST000674,2023-09-14,True,False,929,Android,0,1,0.356
DEV0000675,SIM0000675,CUST000675,2025-03-20,True,False,376,Android,0,1,0.167
DEV0000676,SIM0000676,CUST000676,2024-05-06,True,False,694,Android,0,1,0.147
DEV0000677,SIM0000677,CUST000677,2025-07-17,True,False,257,Android,0,1,0.32
DEV0000678,SIM0000678,CUST000678,2025-10-12,True,False,170,Android,0,1,0.022
DEV0000679,SIM0000679,CUST000679,2025-12-22,True,False,99,Android,1,1,0.1
DEV0000680,SIM0000680,CUST000680,2023-07-19,True,False,986,Android,1,1,0.153
DEV0000681,SIM0000681,CUST000681,2025-05-05,True,False,330,Android,0,1,0.223
DEV0000682,SIM0000682,CUST000682,2025-10-26,True,False,156,Android,0,1,0.166
DEV0000683,SIM0000683,CUST000683,2025-08-10,True,False,233,Android,0,1,0.219
DEV0000684,SIM0000684,CUST000684,2025-09-04,True,False,208,Android,0,1,0.339
DEV0000685,SIM0000685,CUST000685,2025-02-26,True,False,398,Android,0,1,0.06
DEV0000686,SIM0000686,CUST000686,2025-09-20,True,False,192,Android,0,1,0.125
DEV0000687,SIM0000687,CUST000687,2025-06-30,True,False,274,Android,0,1,0.286
DEV0000688,SIM0000688,CUST000688,2024-04-10,True,False,720,Android,0,1,0.218
DEV0000689,SIM0000689,CUST000689,2025-03-27,True,False,369,Android,0,1,0.151
DEV0000690,SIM0000690,CUST000690,2025-01-17,True,False,438,Android,0,1,0.25
DEV0000691,SIM0000691,CUST000691,2023-10-17,True,False,896,Android,2,1,0.237
DEV0000692,SIM0000692,CUST000692,2025-08-27,True,False,216,Android,0,1,0.128
DEV0000693,SIM0000693,CUST000693,2025-07-31,True,False,243,Android,0,1,0.352
DEV0000694,SIM0000694,CUST000694,2025-09-13,True,False,199,Android,0,1,0.077
DEV0000695,SIM0000695,CUST000695,2025-12-06,True,False,115,Android,0,1,0.062
DEV0000696,SIM0000696,CUST000696,2025-09-25,True,False,187,Android,0,1,0.209
DEV0000697,SIM0000697,CUST000697,2025-11-09,True,False,142,Android,0,1,0.057
DEV0000698,SIM0000698,CUST000698,2025-06-17,True,False,287,iOS,1,1,0.287
DEV0000699,SIM0000699,CUST000699,2023-11-12,True,False,870,Android,1,1,0.245
DEV0000700,SIM0000700,CUST000700,2024-09-16,True,False,561,iOS,0,1,0.319
DEV0000701,SIM0000701,CUST000701,2024-07-31,True,False,608,iOS,0,1,0.088
DEV0000702,SIM0000702,CUST000702,2025-08-26,True,False,217,Android,0,1,0.185
DEV0000703,SIM0000703,CUST000703,2024-11-28,True,False,488,Android,0,1,0.053
DEV0000704,SIM0000704,CUST000704,2025-07-30,True,False,244,Android,0,1,0.297
DEV0000705,SIM0000705,CUST000705,2024-08-28,True,False,580,Android,0,1,0.311
DEV0000706,SIM0000706,CUST000706,2025-01-22,True,False,433,Android,1,1,0.241
DEV0000707,SIM0000707,CUST000707,2025-11-29,True,False,122,iOS,1,1,0.33
DEV0000708,SIM0000708,CUST000708,2025-11-18,True,False,133,Android,0,1,0.214
DEV0000709,SIM0000709,CUST000709,2024-11-08,True,False,508,iOS,0,1,0.18
DEV0000710,SIM0000710,CUST000710,2025-06-21,True,False,283,Android,0,1,0.249
DEV0000711,SIM0000711,CUST000711,2024-07-18,True,False,621,Android,0,1,0.242
DEV0000712,SIM0000712,CUST000712,2025-12-23,True,False,98,Android,1,1,0.089
DEV0000713,SIM0000713,CUST000713,2025-12-05,True,False,116,Android,0,1,0.111
DEV0000714,SIM0000714,CUST000714,2025-07-06,True,False,268,iOS,0,1,0.302
DEV0000715,SIM0000715,CUST000715,2025-04-23,True,False,342,Android,0,1,0.309
DEV0000716,SIM0000716,CUST000716,2025-04-17,True,False,348,Android,0,1,0.221
DEV0000717,SIM0000717,CUST000717,2025-08-03,True,False,240,Android,0,1,0.23
DEV0000718,SIM0000718,CUST000718,2025-05-01,True,False,334,Android,0,1,0.31
DEV0000719,SIM0000719,CUST000719,2024-01-02,True,False,819,Android,1,1,0.382
DEV0000720,SIM0000720,CUST000720,2025-07-18,True,False,256,Android,0,1,0.184
DEV0000721,SIM0000721,CUST000721,2025-10-10,True,False,172,Android,0,1,0.072
DEV0000722,SIM0000722,CUST000722,2025-07-13,True,False,261,Android,0,1,0.245
DEV0000723,SIM0000723,CUST000723,2024-10-09,True,False,538,Android,0,1,0.33
DEV0000724,SIM0000724,CUST000724,2025-11-18,True,False,133,Android,0,1,0.3
DEV0000725,SIM0000725,CUST000725,2024-01-13,True,False,808,Android,0,1,0.189
DEV0000726,SIM0000726,CUST000726,2025-10-21,True,False,161,Android,0,1,0.184
DEV0000727,SIM0000727,CUST000727,2025-09-28,True,False,184,Android,0,1,0.215
DEV0000728,SIM0000728,CUST000728,2025-10-25,True,False,157,Android,0,1,0.329
DEV0000729,SIM0000729,CUST000729,2025-06-08,True,False,296,Android,0,1,0.147
DEV0000730,SIM0000730,CUST000730,2025-11-19,True,False,132,Android,0,1,0.346
DEV0000731,SIM0000731,CUST000731,2025-08-11,True,False,232,iOS,1,1,0.28
DEV0000732,SIM0000732,CUST000732,2025-11-02,True,False,149,Android,0,1,0.035
DEV0000733,SIM0000733,CUST000733,2023-03-09,True,False,1118,Android,0,1,0.144
DEV0000734,SIM0000734,CUST000734,2025-08-31,True,False,212,Android,0,1,0.197
DEV0000735,SIM0000735,CUST000735,2020-10-07,True,False,2001,iOS,0,1,0.551
DEV0000736,SIM0000736,CUST000736,2024-04-01,True,False,729,Android,0,1,0.071
DEV0000737,SIM0000737,CUST000737,2025-05-22,True,False,313,Android,0,1,0.139
DEV0000738,SIM0000738,CUST000738,2024-07-16,True,False,623,iOS,0,1,0.145
DEV0000739,SIM0000739,CUST000739,2024-08-09,True,False,599,iOS,0,1,0.102
DEV0000740,SIM0000740,CUST000740,2025-09-16,True,False,196,Android,0,1,0.074
DEV0000741,SIM0000741,CUST000741,2023-05-16,True,False,1050,Android,0,1,0.214
DEV0000742,SIM0000742,CUST000742,2025-03-28,True,False,368,Android,0,1,0.136
DEV0000743,SIM0000743,CUST000743,2025-08-28,True,False,215,Android,1,1,0.1
DEV0000744,SIM0000744,CUST000744,2024-11-30,True,False,486,Android,0,1,0.255
DEV0000745,SIM0000745,CUST000745,2023-02-10,True,False,1145,Android,0,1,0.177
DEV0000746,SIM0000746,CUST000746,2025-10-17,True,False,165,Android,1,1,0.079
DEV0000747,SIM0000747,CUST000747,2024-02-24,True,False,766,Android,1,1,0.19
DEV0000748,SIM0000748,CUST000748,2024-12-27,True,False,459,Android,0,1,0.277
DEV0000749,SIM0000749,CUST000749,2025-09-28,True,False,184,Android,0,1,0.025
DEV0000750,SIM0000750,CUST000750,2023-11-30,True,False,852,Android,0,1,0.081
DEV0000751,SIM0000751,CUST000751,2025-05-03,True,False,332,Android,0,1,0.281
DEV0000752,SIM0000752,CUST000752,2024-07-23,True,False,616,Android,0,1,0.137
DEV0000753,SIM0000753,CUST000753,2025-06-01,True,False,303,Android,1,1,0.137
DEV0000754,SIM0000754,CUST000754,2025-10-02,True,False,180,Android,1,1,0.37
DEV0000755,SIM0000755,CUST000755,2025-05-07,True,False,328,Android,0,1,0.168
DEV0000756,SIM0000756,CUST000756,2025-07-22,True,False,252,Android,1,1,0.169
DEV0000757,SIM0000757,CUST000757,2025-06-27,True,False,277,iOS,0,1,0.112
DEV0000758,SIM0000758,CUST000758,2023-02-22,True,False,1133,Android,0,1,0.227
DEV0000759,SIM0000759,CUST000759,2024-10-19,True,False,528,Android,0,1,0.277
DEV0000760,SIM0000760,CUST000760,2024-08-14,True,False,594,Android,0,1,0.075
DEV0000761,SIM0000761,CUST000761,2025-07-25,True,False,249,Android,0,1,0.175
DEV0000762,SIM0000762,CUST000762,2025-09-17,True,False,195,Android,1,1,0.06
DEV0000763,SIM0000763,CUST000763,2024-02-03,True,False,787,iOS,0,1,0.291
DEV0000764,SIM0000764,CUST000764,2025-07-01,True,False,273,Android,0,1,0.253
DEV0000765,SIM0000765,CUST000765,2024-05-20,True,False,680,Android,0,1,0.448
DEV0000766,SIM0000766,CUST000766,2025-10-04,True,False,178,Android,0,1,0.398
DEV0000767,SIM0000767,CUST000767,2025-10-29,True,False,153,Android,0,1,0.148
DEV0000768,SIM0000768,CUST000768,2023-01-21,True,False,1165,Android,2,1,0.068
DEV0000769,SIM0000769,CUST000769,2024-09-27,True,False,550,Android,0,1,0.155
DEV0000770,SIM0000770,CUST000770,2024-12-18,True,False,468,iOS,1,1,0.312
DEV0000771,SIM0000771,CUST000771,2025-09-07,True,False,205,Android,0,1,0.235
DEV0000772,SIM0000772,CUST000772,2025-02-19,True,False,405,Android,0,1,0.09
DEV0000773,SIM0000773,CUST000773,2025-11-21,True,False,130,iOS,1,1,0.5
DEV0000774,SIM0000774,CUST000774,2025-07-09,True,False,265,Android,2,1,0.21
DEV0000775,SIM0000775,CUST000775,2023-09-27,True,False,916,Android,1,1,0.2
DEV0000776,SIM0000776,CUST000776,2025-03-25,True,False,371,iOS,0,1,0.321
DEV0000777,SIM0000777,CUST000777,2025-06-15,True,False,289,Android,0,1,0.465
DEV0000778,SIM0000778,CUST000778,2025-07-23,True,False,251,Android,0,1,0.124
DEV0000779,SIM0000779,CUST000779,2025-07-23,True,False,251,Android,0,1,0.063
DEV0000780,SIM0000780,CUST000780,2025-12-18,True,False,103,Android,0,1,0.119
DEV0000781,SIM0000781,CUST000781,2022-04-26,True,False,1435,Android,0,1,0.038
DEV0000782,SIM0000782,CUST000782,2025-12-24,True,False,97,Android,0,1,0.105
DEV0000783,SIM0000783,CUST000783,2024-07-09,True,False,630,iOS,0,1,0.026
DEV0000784,SIM0000784,CUST000784,2025-11-28,True,False,123,Android,0,1,0.33
DEV0000785,SIM0000785,CUST000785,2024-09-04,True,False,573,Android,0,1,0.088
DEV0000786,SIM0000786,CUST000786,2025-08-12,True,False,231,Android,0,1,0.139
DEV0000787,SIM0000787,CUST000787,2025-11-30,True,False,121,Android,0,1,0.038
DEV0000788,SIM0000788,CUST000788,2023-09-20,True,False,923,Android,0,1,0.137
DEV0000789,SIM0000789,CUST000789,2022-10-21,True,False,1257,Android,0,1,0.271
DEV0000790,SIM0000790,CUST000790,2024-01-09,True,False,812,iOS,0,1,0.072
DEV0000791,SIM0000791,CUST000791,2025-04-08,True,False,357,Android,0,1,0.128
DEV0000792,SIM0000792,CUST000792,2024-01-08,True,False,813,iOS,0,1,0.024
DEV0000793,SIM0000793,CUST000793,2025-08-01,True,False,242,Android,0,1,0.271
DEV0000794,SIM0000794,CUST000794,2025-08-13,True,False,230,iOS,0,1,0.095
DEV0000795,SIM0000795,CUST000795,2022-12-20,True,False,1197,Android,0,1,0.058
DEV0000796,SIM0000796,CUST000796,2025-06-09,True,False,295,Android,0,1,0.196
DEV0000797,SIM0000797,CUST000797,2025-07-21,True,False,253,Android,0,1,0.243
DEV0000798,SIM0000798,CUST000798,2024-03-22,True,False,739,Android,0,1,0.201
DEV0000799,SIM0000799,CUST000799,2024-08-28,True,False,580,Android,1,1,0.016
DEV0000800,SIM0000800,CUST000800,2023-05-08,True,False,1058,Android,0,1,0.074
DEV0000801,SIM0000801,CUST000801,2024-11-07,True,False,509,Android,0,1,0.143
DEV0000802,SIM0000802,CUST000802,2025-11-26,True,False,125,iOS,0,1,0.353
DEV0000803,SIM0000803,CUST000803,2025-02-16,True,False,408,Android,1,1,0.015
DEV0000804,SIM0000804,CUST000804,2021-12-22,True,False,1560,Android,0,1,0.312
DEV0000805,SIM0000805,CUST000805,2024-11-21,True,False,495,Android,0,1,0.144
DEV0000806,SIM0000806,CUST000806,2025-07-04,True,False,270,iOS,0,1,0.411
DEV0000807,SIM0000807,CUST000807,2024-08-19,True,False,589,Android,0,1,0.011
DEV0000808,SIM0000808,CUST000808,2025-06-18,True,False,286,Android,0,1,0.105
DEV0000809,SIM0000809,CUST000809,2025-11-28,True,False,123,Android,0,1,0.077
DEV0000810,SIM0000810,CUST000810,2025-05-12,True,False,323,Android,0,1,0.06
DEV0000811,SIM0000811,CUST000811,2025-03-10,True,False,386,Android,0,1,0.301
DEV0000812,SIM0000812,CUST000812,2025-12-21,True,False,100,Android,0,1,0.265
DEV0000813,SIM0000813,CUST000813,2025-10-08,True,False,174,Android,0,1,0.455
DEV0000814,SIM0000814,CUST000814,2025-03-23,True,False,373,Android,0,1,0.162
DEV0000815,SIM0000815,CUST000815,2025-08-20,True,False,223,Android,0,1,0.317
DEV0000816,SIM0000816,CUST000816,2021-09-20,True,False,1653,Android,0,1,0.178
DEV0000817,SIM0000817,CUST000817,2022-03-21,True,False,1471,Android,0,1,0.207
DEV0000818,SIM0000818,CUST000818,2025-05-03,True,False,332,Android,0,1,0.264
DEV0000819,SIM0000819,CUST000819,2023-01-01,True,False,1185,Android,0,1,0.367
DEV0000820,SIM0000820,CUST000820,2024-12-30,True,False,456,Android,1,1,0.196
DEV0000821,SIM0000821,CUST000821,2025-08-23,True,False,220,Android,0,1,0.16
DEV0000822,SIM0000822,CUST000822,2020-11-20,True,False,1957,Android,0,1,0.182
DEV0000823,SIM0000823,CUST000823,2025-10-02,True,False,180,Android,0,1,0.239
DEV0000824,SIM0000824,CUST000824,2025-12-13,True,False,108,Android,0,1,0.061
DEV0000825,SIM0000825,CUST000825,2024-06-06,True,False,663,Android,0,1,0.177
DEV0000826,SIM0000826,CUST000826,2025-05-17,True,False,318,Android,0,1,0.168
DEV0000827,SIM0000827,CUST000827,2024-05-15,True,False,685,Android,1,1,0.202
DEV0000828,SIM0000828,CUST000828,2025-08-29,True,False,214,Android,0,1,0.127
DEV0000829,SIM0000829,CUST000829,2023-12-28,True,False,824,Android,0,1,0.067
DEV0000830,SIM0000830,CUST000830,2024-12-15,True,False,471,Android,0,1,0.115
DEV0000831,SIM0000831,CUST000831,2023-01-10,True,False,1176,Android,0,1,0.121
DEV0000832,SIM0000832,CUST000832,2024-08-19,True,False,589,Android,1,1,0.095
DEV0000833,SIM0000833,CUST000833,2024-12-08,True,False,478,Android,0,1,0.293
DEV0000834,SIM0000834,CUST000834,2025-05-26,True,False,309,Android,1,1,0.138
DEV0000835,SIM0000835,CUST000835,2025-09-23,True,False,189,Android,0,1,0.419
DEV0000836,SIM0000836,CUST000836,2024-05-21,True,False,679,iOS,0,1,0.07
DEV0000837,SIM0000837,CUST000837,2023-12-17,True,False,835,Android,0,1,0.098
DEV0000838,SIM0000838,CUST000838,2025-12-05,True,False,116,Android,0,1,0.464
DEV0000839,SIM0000839,CUST000839,2024-10-16,True,False,531,Android,0,1,0.024
DEV0000840,SIM0000840,CUST000840,2022-04-04,True,False,1457,iOS,0,1,0.05
DEV0000841,SIM0000841,CUST000841,2025-07-23,True,False,251,Android,0,1,0.396
DEV0000842,SIM0000842,CUST000842,2025-07-03,True,False,271,Android,0,1,0.049
DEV0000843,SIM0000843,CUST000843,2025-06-20,True,False,284,Android,0,1,0.243
DEV0000844,SIM0000844,CUST000844,2025-11-30,True,False,121,Android,0,1,0.294
DEV0000845,SIM0000845,CUST000845,2024-10-16,True,False,531,Android,0,1,0.147
DEV0000846,SIM0000846,CUST000846,2025-05-04,True,False,331,Android,0,1,0.399
DEV0000847,SIM0000847,CUST000847,2023-03-24,True,False,1103,Android,0,1,0.115
DEV0000848,SIM0000848,CUST000848,2025-03-11,True,False,385,Android,1,1,0.093
DEV0000849,SIM0000849,CUST000849,2025-10-04,True,False,178,Android,0,1,0.389
DEV0000850,SIM0000850,CUST000850,2025-04-11,True,False,354,Android,1,1,0.1
DEV0000851,SIM0000851,CUST000851,2025-06-03,True,False,301,iOS,0,1,0.127
DEV0000852,SIM0000852,CUST000852,2023-05-28,True,False,1038,Android,0,1,0.18
DEV0000853,SIM0000853,CUST000853,2025-08-30,True,False,213,Android,0,1,0.075
DEV0000854,SIM0000854,CUST000854,2025-07-31,True,False,243,Android,1,1,0.105
DEV0000855,SIM0000855,CUST000855,2025-01-27,True,False,428,Android,0,1,0.273
DEV0000856,SIM0000856,CUST000856,2025-07-24,True,False,250,Android,0,1,0.349
DEV0000857,SIM0000857,CUST000857,2025-02-11,True,False,413,Android,1,1,0.11
DEV0000858,SIM0000858,CUST000858,2024-09-15,True,False,562,Android,0,1,0.084
DEV0000859,SIM0000859,CUST000859,2025-02-05,True,False,419,Android,0,1,0.117
DEV0000860,SIM0000860,CUST000860,2025-01-28,True,False,427,Android,0,1,0.164
DEV0000861,SIM0000861,CUST000861,2024-10-25,True,False,522,Android,0,1,0.174
DEV0000862,SIM0000862,CUST000862,2023-11-15,True,False,867,Android,1,1,0.081
DEV0000863,SIM0000863,CUST000863,2025-01-04,True,False,451,Android,0,1,0.414
DEV0000864,SIM0000864,CUST000864,2025-04-30,True,False,335,Android,1,1,0.251
DEV0000865,SIM0000865,CUST000865,2025-04-17,True,False,348,Android,0,1,0.089
DEV0000866,SIM0000866,CUST000866,2025-08-19,True,False,224,Android,0,1,0.03
DEV0000867,SIM0000867,CUST000867,2018-03-08,True,False,2945,Android,0,1,0.377
DEV0000868,SIM0000868,CUST000868,2024-04-12,True,False,718,Android,0,1,0.174
DEV0000869,SIM0000869,CUST000869,2025-05-22,True,False,313,Android,0,1,0.291
DEV0000870,SIM0000870,CUST000870,2025-07-10,True,False,264,Android,0,1,0.513
DEV0000871,SIM0000871,CUST000871,2024-02-02,True,False,788,iOS,0,1,0.128
DEV0000872,SIM0000872,CUST000872,2022-06-08,True,False,1392,Android,0,1,0.014
DEV0000873,SIM0000873,CUST000873,2025-05-19,True,False,316,Android,0,1,0.246
DEV0000874,SIM0000874,CUST000874,2024-05-17,True,False,683,Android,0,1,0.351
DEV0000875,SIM0000875,CUST000875,2025-04-13,True,False,352,Android,0,1,0.489
DEV0000876,SIM0000876,CUST000876,2024-10-08,True,False,539,Android,1,1,0.085
DEV0000877,SIM0000877,CUST000877,2025-10-24,True,False,158,Android,0,1,0.11
DEV0000878,SIM0000878,CUST000878,2025-09-21,True,False,191,Android,0,1,0.281
DEV0000879,SIM0000879,CUST000879,2025-06-16,True,False,288,Android,0,1,0.118
DEV0000880,SIM0000880,CUST000880,2024-12-10,True,False,476,Android,0,1,0.114
DEV0000881,SIM0000881,CUST000881,2024-05-28,True,False,672,Android,0,1,0.223
DEV0000882,SIM0000882,CUST000882,2025-10-01,True,False,181,Android,0,1,0.22
DEV0000883,SIM0000883,CUST000883,2025-04-06,True,False,359,Android,0,1,0.27
DEV0000884,SIM0000884,CUST000884,2025-12-17,True,False,104,Android,0,1,0.211
DEV0000885,SIM0000885,CUST000885,2025-05-31,True,False,304,iOS,0,1,0.308
DEV0000886,SIM0000886,CUST000886,2025-06-25,True,False,279,Android,0,1,0.18
DEV0000887,SIM0000887,CUST000887,2024-12-15,True,False,471,Android,1,1,0.148
DEV0000888,SIM0000888,CUST000888,2025-07-31,True,False,243,iOS,0,1,0.064
DEV0000889,SIM0000889,CUST000889,2025-04-01,True,False,364,Android,0,1,0.217
DEV0000890,SIM0000890,CUST000890,2025-02-01,True,False,423,Android,0,1,0.169
DEV0000891,SIM0000891,CUST000891,2025-05-10,True,False,325,Android,0,1,0.149
DEV0000892,SIM0000892,CUST000892,2024-09-03,True,False,574,Android,1,1,0.169
DEV0000893,SIM0000893,CUST000893,2023-12-24,True,False,828,iOS,0,1,0.163
DEV0000894,SIM0000894,CUST000894,2025-12-07,True,False,114,Android,0,1,0.05
DEV0000895,SIM0000895,CUST000895,2023-01-05,True,False,1181,Android,0,1,0.291
DEV0000896,SIM0000896,CUST000896,2025-10-25,True,False,157,Android,0,1,0.729
DEV0000897,SIM0000897,CUST000897,2025-07-16,True,False,258,Android,0,1,0.132
DEV0000898,SIM0000898,CUST000898,2025-03-02,True,False,394,Android,0,1,0.167
DEV0000899,SIM0000899,CUST000899,2025-09-13,True,False,199,Android,0,1,0.148
DEV0000900,SIM0000900,CUST000900,2022-06-28,True,False,1372,iOS,1,1,0.295
DEV0000901,SIM0000901,CUST000901,2024-10-19,True,False,528,Android,0,1,0.067
DEV0000902,SIM0000902,CUST000902,2025-08-31,True,False,212,Android,0,1,0.261
DEV0000903,SIM0000903,CUST000903,2023-01-18,True,False,1168,Android,0,1,0.063
DEV0000904,SIM0000904,CUST000904,2023-02-04,True,False,1151,Android,0,1,0.23
DEV0000905,SIM0000905,CUST000905,2024-10-06,True,False,541,Android,0,1,0.386
DEV0000906,SIM0000906,CUST000906,2025-10-26,True,False,156,Android,0,1,0.048
DEV0000907,SIM0000907,CUST000907,2025-01-25,True,False,430,Android,1,1,0.072
DEV0000908,SIM0000908,CUST000908,2025-05-20,True,False,315,Android,0,1,0.161
DEV0000909,SIM0000909,CUST000909,2025-11-24,True,False,127,Android,0,1,0.231
DEV0000910,SIM0000910,CUST000910,2024-01-10,True,False,811,Android,0,1,0.084
DEV0000911,SIM0000911,CUST000911,2024-08-10,True,False,598,Android,0,1,0.274
DEV0000912,SIM0000912,CUST000912,2024-03-20,True,False,741,Android,1,1,0.398
DEV0000913,SIM0000913,CUST000913,2025-06-04,True,False,300,Android,0,1,0.334
DEV0000914,SIM0000914,CUST000914,2025-08-22,True,False,221,Android,0,1,0.091
DEV0000915,SIM0000915,CUST000915,2024-10-16,True,False,531,Android,0,1,0.032
DEV0000916,SIM0000916,CUST000916,2024-06-20,True,False,649,Android,0,1,0.205
DEV0000917,SIM0000917,CUST000917,2025-03-15,True,False,381,Android,0,1,0.141
DEV0000918,SIM0000918,CUST000918,2024-12-01,True,False,485,Android,0,1,0.075
DEV0000919,SIM0000919,CUST000919,2025-04-13,True,False,352,Android,0,1,0.049
DEV0000920,SIM0000920,CUST000920,2020-10-04,True,False,2004,Android,0,1,0.156
DEV0000921,SIM0000921,CUST000921,2025-09-20,True,False,192,Android,0,1,0.231
DEV0000922,SIM0000922,CUST000922,2025-02-07,True,False,417,Android,0,1,0.078
DEV0000923,SIM0000923,CUST000923,2023-01-20,True,False,1166,Android,1,1,0.196
DEV0000924,SIM0000924,CUST000924,2023-01-10,True,False,1176,Android,0,1,0.186
DEV0000925,SIM0000925,CUST000925,2025-08-30,True,False,213,Android,0,1,0.046
DEV0000926,SIM0000926,CUST000926,2022-12-18,True,False,1199,Android,0,1,0.111
DEV0000927,SIM0000927,CUST000927,2025-12-29,True,False,92,Android,0,1,0.073
DEV0000928,SIM0000928,CUST000928,2024-12-18,True,False,468,Android,0,1,0.17
DEV0000929,SIM0000929,CUST000929,2025-08-21,True,False,222,Android,0,1,0.304
DEV0000930,SIM0000930,CUST000930,2023-11-25,True,False,857,Android,2,1,0.082
DEV0000931,SIM0000931,CUST000931,2025-09-05,True,False,207,Android,0,1,0.072
DEV0000932,SIM0000932,CUST000932,2025-07-31,True,False,243,Android,0,1,0.316
DEV0000933,SIM0000933,CUST000933,2024-06-12,True,False,657,Android,0,1,0.035
DEV0000934,SIM0000934,CUST000934,2025-09-30,True,False,182,iOS,0,1,0.318
DEV0000935,SIM0000935,CUST000935,2025-11-18,True,False,133,Android,0,1,0.117
DEV0000936,SIM0000936,CUST000936,2025-11-07,True,False,144,Android,0,1,0.195
DEV0000937,SIM0000937,CUST000937,2024-04-19,True,False,711,Android,0,1,0.082
DEV0000938,SIM0000938,CUST000938,2025-12-05,True,False,116,Android,0,1,0.244
DEV0000939,SIM0000939,CUST000939,2025-12-04,True,False,117,Android,1,1,0.282
DEV0000940,SIM0000940,CUST000940,2025-09-27,True,False,185,Android,0,1,0.074
DEV0000941,SIM0000941,CUST000941,2022-11-05,True,False,1242,Android,0,1,0.112
DEV0000942,SIM0000942,CUST000942,2025-05-04,True,False,331,Android,0,1,0.418
DEV0000943,SIM0000943,CUST000943,2025-10-20,True,False,162,Android,0,1,0.136
DEV0000944,SIM0000944,CUST000944,2025-02-24,True,False,400,Android,0,1,0.275
DEV0000945,SIM0000945,CUST000945,2025-11-21,True,False,130,Android,0,1,0.219
DEV0000946,SIM0000946,CUST000946,2025-05-21,True,False,314,Android,0,1,0.085
DEV0000947,SIM0000947,CUST000947,2024-11-08,True,False,508,Android,1,1,0.165
DEV0000948,SIM0000948,CUST000948,2025-10-23,True,False,159,Android,0,1,0.224
DEV0000949,SIM0000949,CUST000949,2025-07-05,True,False,269,Android,1,1,0.034
DEV0000950,SIM0000950,CUST000950,2025-09-06,True,False,206,Android,0,1,0.283
DEV0000951,SIM0000951,CUST000951,2025-10-06,True,False,176,Android,0,1,0.323
DEV0000952,SIM0000952,CUST000952,2025-11-20,True,False,131,Android,0,1,0.05
DEV0000953,SIM0000953,CUST000953,2025-12-23,True,False,98,Android,0,1,0.29
DEV0000954,SIM0000954,CUST000954,2024-11-20,True,False,496,iOS,0,1,0.231
DEV0000955,SIM0000955,CUST000955,2025-02-28,True,False,396,Android,0,1,0.19
DEV0000956,SIM0000956,CUST000956,2024-12-23,True,False,463,Android,0,1,0.364
DEV0000957,SIM0000957,CUST000957,2025-06-28,True,False,276,Android,0,1,0.081
DEV0000958,SIM0000958,CUST000958,2024-02-20,True,False,770,Android,1,1,0.194
DEV0000959,SIM0000959,CUST000959,2025-07-17,True,False,257,Android,0,1,0.064
DEV0000960,SIM0000960,CUST000960,2025-05-28,True,False,307,Android,0,1,0.256
DEV0000961,SIM0000961,CUST000961,2023-11-04,True,False,878,Android,0,1,0.061
DEV0000962,SIM0000962,CUST000962,2025-11-09,True,False,142,Android,0,1,0.111
DEV0000963,SIM0000963,CUST000963,2024-01-07,True,False,814,Android,0,1,0.082
DEV0000964,SIM0000964,CUST000964,2024-04-23,True,False,707,Android,0,1,0.167
DEV0000965,SIM0000965,CUST000965,2025-01-14,True,False,441,Android,0,1,0.385
DEV0000966,SIM0000966,CUST000966,2025-09-22,True,False,190,Android,0,1,0.164
DEV0000967,SIM0000967,CUST000967,2025-10-08,True,False,174,Android,0,1,0.03
DEV0000968,SIM0000968,CUST000968,2024-05-07,True,False,693,Android,0,1,0.253
DEV0000969,SIM0000969,CUST000969,2024-11-29,True,False,487,Android,0,1,0.315
DEV0000970,SIM0000970,CUST000970,2024-07-19,True,False,620,Android,0,1,0.17
DEV0000971,SIM0000971,CUST000971,2025-10-29,True,False,153,Android,0,1,0.085
DEV0000972,SIM0000972,CUST000972,2024-10-13,True,False,534,Android,1,1,0.046
DEV0000973,SIM0000973,CUST000973,2025-10-08,True,False,174,Android,0,1,0.36
DEV0000974,SIM0000974,CUST000974,2025-09-30,True,False,182,Android,1,1,0.158
DEV0000975,SIM0000975,CUST000975,2025-10-10,True,False,172,Android,0,1,0.032
DEV0000976,SIM0000976,CUST000976,2023-06-18,True,False,1017,Android,0,1,0.111
DEV0000977,SIM0000977,CUST000977,2023-11-04,True,False,878,Android,0,1,0.267
DEV0000978,SIM0000978,CUST000978,2023-08-04,True,False,970,Android,0,1,0.16
DEV0000979,SIM0000979,CUST000979,2025-07-27,True,False,247,Android,0,1,0.117
DEV0000980,SIM0000980,CUST000980,2025-10-22,True,False,160,Android,0,1,0.198
DEV0000981,SIM0000981,CUST000981,2024-08-16,True,False,592,Android,0,1,0.064
DEV0000982,SIM0000982,CUST000982,2024-05-10,True,False,690,Android,0,1,0.068
DEV0000983,SIM0000983,CUST000983,2024-05-24,True,False,676,iOS,0,1,0.12
DEV0000984,SIM0000984,CUST000984,2024-06-27,True,False,642,Android,0,1,0.076
DEV0000985,SIM0000985,CUST000985,2025-08-08,True,False,235,Android,0,1,0.071
DEV0000986,SIM0000986,CUST000986,2025-06-01,True,False,303,Android,0,1,0.146
DEV0000987,SIM0000987,CUST000987,2025-12-12,True,False,109,Android,0,1,0.623
DEV0000988,SIM0000988,CUST000988,2025-12-19,True,False,102,Android,0,1,0.416
DEV0000989,SIM0000989,CUST000989,2025-02-12,True,False,412,Android,0,1,0.448
DEV0000990,SIM0000990,CUST000990,2025-03-08,True,False,388,Android,1,1,0.197
DEV0000991,SIM0000991,CUST000991,2024-07-18,True,False,621,Android,0,1,0.205
DEV0000992,SIM0000992,CUST000992,2025-08-10,True,False,233,Android,0,1,0.304
DEV0000993,SIM0000993,CUST000993,2025-09-02,True,False,210,Android,0,1,0.268
DEV0000994,SIM0000994,CUST000994,2025-06-17,True,False,287,Android,1,1,0.173
DEV0000995,SIM0000995,CUST000995,2025-03-27,True,False,369,Android,0,1,0.293
DEV0000996,SIM0000996,CUST000996,2025-07-19,True,False,255,Android,0,1,0.289
DEV0000997,SIM0000997,CUST000997,2025-07-18,True,False,256,Android,0,1,0.238
DEV0000998,SIM0000998,CUST000998,2025-05-22,True,False,313,Android,0,1,0.158
DEV0000999,SIM0000999,CUST000999,2025-12-17,True,False,104,Android,2,1,0.157
DEV0001000,SIM0001000,CUST001000,2025-09-23,True,False,189,Android,0,1,0.34
DEV0001001,SIM0001001,CUST001001,2025-07-10,True,False,264,Android,0,1,0.338
DEV0001002,SIM0001002,CUST001002,2022-11-05,True,False,1242,iOS,0,1,0.052
DEV0001003,SIM0001003,CUST001003,2025-10-25,True,False,157,Android,0,1,0.445
DEV0001004,SIM0001004,CUST001004,2025-01-30,True,False,425,Android,0,1,0.189
DEV0001005,SIM0001005,CUST001005,2025-11-12,True,False,139,Android,0,1,0.105
DEV0001006,SIM0001006,CUST001006,2025-04-03,True,False,362,iOS,0,1,0.364
DEV0001007,SIM0001007,CUST001007,2025-07-08,True,False,266,iOS,0,1,0.041
DEV0001008,SIM0001008,CUST001008,2024-11-11,True,False,505,Android,2,1,0.245
DEV0001009,SIM0001009,CUST001009,2025-08-02,True,False,241,Android,1,1,0.028
DEV0001010,SIM0001010,CUST001010,2025-04-07,True,False,358,Android,0,1,0.065
DEV0001011,SIM0001011,CUST001011,2025-08-29,True,False,214,Android,0,1,0.117
DEV0001012,SIM0001012,CUST001012,2023-09-04,True,False,939,Android,0,1,0.36
DEV0001013,SIM0001013,CUST001013,2025-11-14,True,False,137,Android,0,1,0.194
DEV0001014,SIM0001014,CUST001014,2022-11-30,True,False,1217,Android,1,1,0.185
DEV0001015,SIM0001015,CUST001015,2025-01-03,True,False,452,Android,0,1,0.116
DEV0001016,SIM0001016,CUST001016,2025-07-07,True,False,267,Android,0,1,0.209
DEV0001017,SIM0001017,CUST001017,2024-12-05,True,False,481,Android,0,1,0.16
DEV0001018,SIM0001018,CUST001018,2024-12-28,True,False,458,Android,0,1,0.283
DEV0001019,SIM0001019,CUST001019,2025-11-07,True,False,144,Android,0,1,0.375
DEV0001020,SIM0001020,CUST001020,2025-05-28,True,False,307,Android,0,1,0.301
DEV0001021,SIM0001021,CUST001021,2024-07-24,True,False,615,Android,0,1,0.22
DEV0001022,SIM0001022,CUST001022,2025-05-16,True,False,319,Android,0,1,0.097
DEV0001023,SIM0001023,CUST001023,2025-08-26,True,False,217,Android,1,1,0.07
DEV0001024,SIM0001024,CUST001024,2023-05-21,True,False,1045,Android,0,1,0.098
DEV0001025,SIM0001025,CUST001025,2024-06-15,True,False,654,iOS,0,1,0.228
DEV0001026,SIM0001026,CUST001026,2024-11-22,True,False,494,Android,0,1,0.054
DEV0001027,SIM0001027,CUST001027,2025-04-01,True,False,364,Android,0,1,0.147
DEV0001028,SIM0001028,CUST001028,2024-02-02,True,False,788,iOS,0,1,0.194
DEV0001029,SIM0001029,CUST001029,2024-04-09,True,False,721,Android,0,1,0.082
DEV0001030,SIM0001030,CUST001030,2021-09-25,True,False,1648,Android,1,1,0.497
DEV0001031,SIM0001031,CUST001031,2022-06-21,True,False,1379,iOS,0,1,0.181
DEV0001032,SIM0001032,CUST001032,2025-04-14,True,False,351,Android,0,1,0.048
DEV0001033,SIM0001033,CUST001033,2025-05-08,True,False,327,iOS,0,1,0.066
DEV0001034,SIM0001034,CUST001034,2024-01-16,True,False,805,Android,0,1,0.15
DEV0001035,SIM0001035,CUST001035,2025-09-27,True,False,185,Android,1,1,0.051
DEV0001036,SIM0001036,CUST001036,2025-12-11,True,False,110,Android,0,1,0.267
DEV0001037,SIM0001037,CUST001037,2021-02-19,True,False,1866,Android,0,1,0.1
DEV0001038,SIM0001038,CUST001038,2024-05-23,True,False,677,Android,0,1,0.28
DEV0001039,SIM0001039,CUST001039,2025-09-13,True,False,199,Android,0,1,0.602
DEV0001040,SIM0001040,CUST001040,2026-01-01,True,False,89,Android,0,1,0.078
DEV0001041,SIM0001041,CUST001041,2025-06-28,True,False,276,iOS,0,1,0.253
DEV0001042,SIM0001042,CUST001042,2024-09-02,True,False,575,Android,0,1,0.259
DEV0001043,SIM0001043,CUST001043,2023-03-23,True,False,1104,Android,0,1,0.069
DEV0001044,SIM0001044,CUST001044,2025-06-21,True,False,283,Android,0,1,0.171
DEV0001045,SIM0001045,CUST001045,2025-07-05,True,False,269,Android,0,1,0.345
DEV0001046,SIM0001046,CUST001046,2025-08-13,True,False,230,Android,0,1,0.091
DEV0001047,SIM0001047,CUST001047,2025-11-23,True,False,128,iOS,0,1,0.095
DEV0001048,SIM0001048,CUST001048,2025-06-14,True,False,290,Android,0,1,0.023
DEV0001049,SIM0001049,CUST001049,2025-08-18,True,False,225,Android,1,1,0.111
DEV0001050,SIM0001050,CUST001050,2025-09-06,True,False,206,Android,0,1,0.216
DEV0001051,SIM0001051,CUST001051,2024-06-08,True,False,661,Android,0,1,0.156
DEV0001052,SIM0001052,CUST001052,2024-07-22,True,False,617,Android,0,1,0.081
DEV0001053,SIM0001053,CUST001053,2025-11-09,True,False,142,Android,0,1,0.184
DEV0001054,SIM0001054,CUST001054,2025-02-18,True,False,406,Android,0,1,0.362
DEV0001055,SIM0001055,CUST001055,2024-10-06,True,False,541,Android,0,1,0.136
DEV0001056,SIM0001056,CUST001056,2024-04-02,True,False,728,Android,1,1,0.212
DEV0001057,SIM0001057,CUST001057,2021-08-30,True,False,1674,iOS,0,1,0.174
DEV0001058,SIM0001058,CUST001058,2024-09-12,True,False,565,Android,0,1,0.375
DEV0001059,SIM0001059,CUST001059,2025-05-27,True,False,308,Android,1,1,0.303
DEV0001060,SIM0001060,CUST001060,2023-12-12,True,False,840,Android,1,1,0.028
DEV0001061,SIM0001061,CUST001061,2025-10-10,True,False,172,Android,0,1,0.038
DEV0001062,SIM0001062,CUST001062,2025-09-04,True,False,208,Android,0,1,0.138
DEV0001063,SIM0001063,CUST001063,2025-03-23,True,False,373,Android,0,1,0.139
DEV0001064,SIM0001064,CUST001064,2024-07-01,True,False,638,Android,0,1,0.156
DEV0001065,SIM0001065,CUST001065,2025-05-14,True,False,321,Android,0,1,0.152
DEV0001066,SIM0001066,CUST001066,2025-04-28,True,False,337,Android,0,1,0.31
DEV0001067,SIM0001067,CUST001067,2025-02-12,True,False,412,Android,0,1,0.322
DEV0001068,SIM0001068,CUST001068,2024-11-11,True,False,505,Android,0,1,0.285
DEV0001069,SIM0001069,CUST001069,2025-03-05,True,False,391,Android,0,1,0.026
DEV0001070,SIM0001070,CUST001070,2024-04-17,True,False,713,Android,0,1,0.103
DEV0001071,SIM0001071,CUST001071,2025-06-19,True,False,285,Android,0,1,0.165
DEV0001072,SIM0001072,CUST001072,2023-11-28,True,False,854,Android,0,1,0.165
DEV0001073,SIM0001073,CUST001073,2025-11-25,True,False,126,Android,0,1,0.125
DEV0001074,SIM0001074,CUST001074,2025-05-07,True,False,328,Android,0,1,0.029
DEV0001075,SIM0001075,CUST001075,2025-02-26,True,False,398,Android,0,1,0.429
DEV0001076,SIM0001076,CUST001076,2021-09-07,True,False,1666,Android,0,1,0.056
DEV0001077,SIM0001077,CUST001077,2025-01-28,True,False,427,Android,0,1,0.032
DEV0001078,SIM0001078,CUST001078,2021-05-04,True,False,1792,Android,0,1,0.092
DEV0001079,SIM0001079,CUST001079,2023-10-31,True,False,882,Android,0,1,0.228
DEV0001080,SIM0001080,CUST001080,2025-05-31,True,False,304,Android,0,1,0.283
DEV0001081,SIM0001081,CUST001081,2024-04-25,True,False,705,Android,0,1,0.238
DEV0001082,SIM0001082,CUST001082,2025-06-23,True,False,281,Android,0,1,0.205
DEV0001083,SIM0001083,CUST001083,2024-03-22,True,False,739,Android,0,1,0.247
DEV0001084,SIM0001084,CUST001084,2025-10-18,True,False,164,Android,0,1,0.205
DEV0001085,SIM0001085,CUST001085,2022-07-30,True,False,1340,Android,1,1,0.425
DEV0001086,SIM0001086,CUST001086,2025-11-04,True,False,147,Android,1,1,0.401
DEV0001087,SIM0001087,CUST001087,2025-08-06,True,False,237,Android,0,1,0.139
DEV0001088,SIM0001088,CUST001088,2024-11-06,True,False,510,Android,0,1,0.307
DEV0001089,SIM0001089,CUST001089,2023-03-11,True,False,1116,Android,1,1,0.16
DEV0001090,SIM0001090,CUST001090,2025-12-23,True,False,98,Android,0,1,0.274
DEV0001091,SIM0001091,CUST001091,2025-12-25,True,False,96,Android,0,1,0.277
DEV0001092,SIM0001092,CUST001092,2023-09-13,True,False,930,Android,0,1,0.152
DEV0001093,SIM0001093,CUST001093,2025-03-19,True,False,377,iOS,0,1,0.124
DEV0001094,SIM0001094,CUST001094,2025-06-02,True,False,302,Android,0,1,0.204
DEV0001095,SIM0001095,CUST001095,2024-01-28,True,False,793,Android,0,1,0.166
DEV0001096,SIM0001096,CUST001096,2025-08-26,True,False,217,iOS,0,1,0.1
DEV0001097,SIM0001097,CUST001097,2025-12-04,True,False,117,Android,0,1,0.325
DEV0001098,SIM0001098,CUST001098,2025-09-23,True,False,189,Android,0,1,0.251
DEV0001099,SIM0001099,CUST001099,2024-10-14,True,False,533,Android,0,1,0.207
DEV0001100,SIM0001100,CUST001100,2024-11-01,True,False,515,Android,0,1,0.025
DEV0001101,SIM0001101,CUST001101,2025-06-06,True,False,298,Android,1,1,0.202
DEV0001102,SIM0001102,CUST001102,2022-09-18,True,False,1290,Android,0,1,0.134
DEV0001103,SIM0001103,CUST001103,2024-12-26,True,False,460,Android,0,1,0.105
DEV0001104,SIM0001104,CUST001104,2024-03-10,True,False,751,Android,0,1,0.346
DEV0001105,SIM0001105,CUST001105,2025-05-25,True,False,310,iOS,0,1,0.453
DEV0001106,SIM0001106,CUST001106,2025-09-27,True,False,185,Android,0,1,0.072
DEV0001107,SIM0001107,CUST001107,2025-05-08,True,False,327,Android,0,1,0.418
DEV0001108,SIM0001108,CUST001108,2025-04-01,True,False,364,Android,0,1,0.197
DEV0001109,SIM0001109,CUST001109,2024-03-07,True,False,754,Android,0,1,0.143
DEV0001110,SIM0001110,CUST001110,2025-10-31,True,False,151,iOS,0,1,0.086
DEV0001111,SIM0001111,CUST001111,2025-01-14,True,False,441,Android,1,1,0.071
DEV0001112,SIM0001112,CUST001112,2025-12-28,True,False,93,Android,1,1,0.391
DEV0001113,SIM0001113,CUST001113,2025-01-26,True,False,429,Android,0,1,0.05
DEV0001114,SIM0001114,CUST001114,2024-08-05,True,False,603,Android,0,1,0.127
DEV0001115,SIM0001115,CUST001115,2023-12-17,True,False,835,Android,0,1,0.457
DEV0001116,SIM0001116,CUST001116,2025-06-19,True,False,285,Android,0,1,0.06
DEV0001117,SIM0001117,CUST001117,2025-08-21,True,False,222,Android,0,1,0.169
DEV0001118,SIM0001118,CUST001118,2025-11-29,True,False,122,Android,0,1,0.634
DEV0001119,SIM0001119,CUST001119,2025-12-10,True,False,111,Android,0,1,0.108
DEV0001120,SIM0001120,CUST001120,2025-10-06,True,False,176,Android,0,1,0.472
DEV0001121,SIM0001121,CUST001121,2025-04-06,True,False,359,Android,0,1,0.093
DEV0001122,SIM0001122,CUST001122,2025-10-19,True,False,163,Android,1,1,0.334
DEV0001123,SIM0001123,CUST001123,2025-11-08,True,False,143,Android,0,1,0.303
DEV0001124,SIM0001124,CUST001124,2025-04-21,True,False,344,Android,0,1,0.119
DEV0001125,SIM0001125,CUST001125,2025-12-09,True,False,112,iOS,0,1,0.299
DEV0001126,SIM0001126,CUST001126,2025-04-18,True,False,347,iOS,0,1,0.497
DEV0001127,SIM0001127,CUST001127,2023-12-27,True,False,825,Android,1,1,0.124
DEV0001128,SIM0001128,CUST001128,2025-07-15,True,False,259,Android,0,1,0.302
DEV0001129,SIM0001129,CUST001129,2025-07-18,True,False,256,iOS,0,1,0.16
DEV0001130,SIM0001130,CUST001130,2025-06-04,True,False,300,Android,0,1,0.161
DEV0001131,SIM0001131,CUST001131,2025-01-15,True,False,440,Android,0,1,0.098
DEV0001132,SIM0001132,CUST001132,2024-10-30,True,False,517,Android,0,1,0.432
DEV0001133,SIM0001133,CUST001133,2025-11-09,True,False,142,Android,0,1,0.307
DEV0001134,SIM0001134,CUST001134,2025-02-02,True,False,422,Android,0,1,0.262
DEV0001135,SIM0001135,CUST001135,2025-12-31,True,False,90,Android,0,1,0.085
DEV0001136,SIM0001136,CUST001136,2025-07-31,True,False,243,Android,0,1,0.203
DEV0001137,SIM0001137,CUST001137,2025-11-21,True,False,130,Android,1,1,0.045
DEV0001138,SIM0001138,CUST001138,2025-01-21,True,False,434,Android,0,1,0.19
DEV0001139,SIM0001139,CUST001139,2024-06-17,True,False,652,iOS,0,1,0.293
DEV0001140,SIM0001140,CUST001140,2025-09-26,True,False,186,Android,0,1,0.386
DEV0001141,SIM0001141,CUST001141,2025-01-28,True,False,427,Android,0,1,0.251
DEV0001142,SIM0001142,CUST001142,2025-10-22,True,False,160,Android,0,1,0.272
DEV0001143,SIM0001143,CUST001143,2024-10-18,True,False,529,Android,0,1,0.144
DEV0001144,SIM0001144,CUST001144,2025-06-18,True,False,286,Android,0,1,0.17
DEV0001145,SIM0001145,CUST001145,2023-01-29,True,False,1157,Android,0,1,0.097
DEV0001146,SIM0001146,CUST001146,2025-07-30,True,False,244,iOS,0,1,0.049
DEV0001147,SIM0001147,CUST001147,2025-03-14,True,False,382,Android,0,1,0.098
DEV0001148,SIM0001148,CUST001148,2025-12-05,True,False,116,Android,0,1,0.262
DEV0001149,SIM0001149,CUST001149,2025-02-12,True,False,412,Android,0,1,0.089
DEV0001150,SIM0001150,CUST001150,2025-02-13,True,False,411,Android,0,1,0.205
DEV0001151,SIM0001151,CUST001151,2025-01-12,True,False,443,Android,0,1,0.136
DEV0001152,SIM0001152,CUST001152,2021-11-02,True,False,1610,Android,0,1,0.289
DEV0001153,SIM0001153,CUST001153,2025-07-19,True,False,255,Android,0,1,0.106
DEV0001154,SIM0001154,CUST001154,2025-12-11,True,False,110,Android,0,1,0.501
DEV0001155,SIM0001155,CUST001155,2025-08-09,True,False,234,iOS,0,1,0.201
DEV0001156,SIM0001156,CUST001156,2024-08-24,True,False,584,Android,0,1,0.204
DEV0001157,SIM0001157,CUST001157,2023-12-15,True,False,837,Android,0,1,0.31
DEV0001158,SIM0001158,CUST001158,2025-12-20,True,False,101,Android,0,1,0.017
DEV0001159,SIM0001159,CUST001159,2025-02-19,True,False,405,Android,0,1,0.074
DEV0001160,SIM0001160,CUST001160,2025-10-04,True,False,178,Android,0,1,0.222
DEV0001161,SIM0001161,CUST001161,2025-04-27,True,False,338,Android,0,1,0.067
DEV0001162,SIM0001162,CUST001162,2025-03-16,True,False,380,Android,0,1,0.188
DEV0001163,SIM0001163,CUST001163,2025-10-02,True,False,180,Android,0,1,0.056
DEV0001164,SIM0001164,CUST001164,2021-09-21,True,False,1652,Android,0,1,0.12
DEV0001165,SIM0001165,CUST001165,2024-09-04,True,False,573,Android,0,1,0.083
DEV0001166,SIM0001166,CUST001166,2024-04-13,True,False,717,Android,1,1,0.306
DEV0001167,SIM0001167,CUST001167,2024-03-06,True,False,755,Android,0,1,0.101
DEV0001168,SIM0001168,CUST001168,2025-04-18,True,False,347,Android,0,1,0.012
DEV0001169,SIM0001169,CUST001169,2022-06-06,True,False,1394,Android,0,1,0.137
DEV0001170,SIM0001170,CUST001170,2025-08-29,True,False,214,Android,0,1,0.156
DEV0001171,SIM0001171,CUST001171,2024-12-13,True,False,473,Android,2,1,0.277
DEV0001172,SIM0001172,CUST001172,2025-06-06,True,False,298,Android,0,1,0.494
DEV0001173,SIM0001173,CUST001173,2025-04-02,True,False,363,Android,0,1,0.097
DEV0001174,SIM0001174,CUST001174,2024-11-21,True,False,495,Android,0,1,0.107
DEV0001175,SIM0001175,CUST001175,2025-10-18,True,False,164,Android,0,1,0.053
DEV0001176,SIM0001176,CUST001176,2025-10-04,True,False,178,Android,0,1,0.085
DEV0001177,SIM0001177,CUST001177,2025-06-06,True,False,298,Android,0,1,0.029
DEV0001178,SIM0001178,CUST001178,2025-11-23,True,False,128,Android,0,1,0.087
DEV0001179,SIM0001179,CUST001179,2025-05-12,True,False,323,Android,0,1,0.327
DEV0001180,SIM0001180,CUST001180,2025-01-17,True,False,438,Android,0,1,0.337
DEV0001181,SIM0001181,CUST001181,2023-05-11,True,False,1055,iOS,0,1,0.439
DEV0001182,SIM0001182,CUST001182,2023-08-01,True,False,973,iOS,0,1,0.237
DEV0001183,SIM0001183,CUST001183,2025-05-04,True,False,331,Android,0,1,0.42
DEV0001184,SIM0001184,CUST001184,2024-09-13,True,False,564,Android,0,1,0.061
DEV0001185,SIM0001185,CUST001185,2025-05-07,True,False,328,Android,0,1,0.127
DEV0001186,SIM0001186,CUST001186,2025-07-27,True,False,247,Android,1,1,0.268
DEV0001187,SIM0001187,CUST001187,2025-03-25,True,False,371,Android,0,1,0.128
DEV0001188,SIM0001188,CUST001188,2025-08-18,True,False,225,iOS,0,1,0.186
DEV0001189,SIM0001189,CUST001189,2025-07-22,True,False,252,Android,0,1,0.262
DEV0001190,SIM0001190,CUST001190,2025-11-26,True,False,125,Android,1,1,0.299
DEV0001191,SIM0001191,CUST001191,2025-09-23,True,False,189,Android,0,1,0.026
DEV0001192,SIM0001192,CUST001192,2025-04-03,True,False,362,Android,0,1,0.045
DEV0001193,SIM0001193,CUST001193,2024-07-24,True,False,615,iOS,0,1,0.455
DEV0001194,SIM0001194,CUST001194,2025-11-20,True,False,131,Android,0,1,0.231
DEV0001195,SIM0001195,CUST001195,2023-08-21,True,False,953,Android,0,1,0.464
DEV0001196,SIM0001196,CUST001196,2024-03-09,True,False,752,Android,0,1,0.041
DEV0001197,SIM0001197,CUST001197,2025-09-29,True,False,183,Android,0,1,0.273
DEV0001198,SIM0001198,CUST001198,2024-06-07,True,False,662,Android,0,1,0.082
DEV0001199,SIM0001199,CUST001199,2025-07-15,True,False,259,Android,0,1,0.203
DEV0001200,SIM0001200,CUST001200,2024-09-24,True,False,553,Android,0,1,0.071
DEV0001201,SIM0001201,CUST001201,2025-03-26,True,False,370,iOS,0,1,0.583
DEV0001202,SIM0001202,CUST001202,2025-06-05,True,False,299,Android,0,1,0.654
DEV0001203,SIM0001203,CUST001203,2023-09-18,True,False,925,Android,0,1,0.275
DEV0001204,SIM0001204,CUST001204,2025-12-29,True,False,92,Android,0,1,0.119
DEV0001205,SIM0001205,CUST001205,2025-08-15,True,False,228,Android,0,1,0.035
DEV0001206,SIM0001206,CUST001206,2025-03-23,True,False,373,Android,0,1,0.159
DEV0001207,SIM0001207,CUST001207,2025-12-03,True,False,118,Android,0,1,0.203
DEV0001208,SIM0001208,CUST001208,2025-06-10,True,False,294,Android,1,1,0.208
DEV0001209,SIM0001209,CUST001209,2024-01-27,True,False,794,Android,0,1,0.123
DEV0001210,SIM0001210,CUST001210,2025-09-19,True,False,193,Android,0,1,0.234
DEV0001211,SIM0001211,CUST001211,2025-06-24,True,False,280,Android,0,1,0.066
DEV0001212,SIM0001212,CUST001212,2024-12-04,True,False,482,Android,0,1,0.108
DEV0001213,SIM0001213,CUST001213,2023-10-04,True,False,909,Android,0,1,0.232
DEV0001214,SIM0001214,CUST001214,2022-08-13,True,False,1326,Android,0,1,0.11
DEV0001215,SIM0001215,CUST001215,2024-09-20,True,False,557,Android,0,1,0.034
DEV0001216,SIM0001216,CUST001216,2025-11-18,True,False,133,iOS,0,1,0.118
DEV0001217,SIM0001217,CUST001217,2024-12-06,True,False,480,Android,0,1,0.192
DEV0001218,SIM0001218,CUST001218,2025-04-27,True,False,338,Android,0,1,0.305
DEV0001219,SIM0001219,CUST001219,2024-07-18,True,False,621,Android,0,1,0.264
DEV0001220,SIM0001220,CUST001220,2025-10-24,True,False,158,Android,0,1,0.164
DEV0001221,SIM0001221,CUST001221,2025-10-10,True,False,172,iOS,0,1,0.209
DEV0001222,SIM0001222,CUST001222,2024-10-13,True,False,534,iOS,3,1,0.136
DEV0001223,SIM0001223,CUST001223,2022-09-29,True,False,1279,Android,0,1,0.188
DEV0001224,SIM0001224,CUST001224,2025-07-16,True,False,258,Android,0,1,0.483
DEV0001225,SIM0001225,CUST001225,2025-12-19,True,False,102,iOS,0,1,0.197
DEV0001226,SIM0001226,CUST001226,2024-01-31,True,False,790,Android,0,1,0.392
DEV0001227,SIM0001227,CUST001227,2025-12-02,True,False,119,Android,0,1,0.127
DEV0001228,SIM0001228,CUST001228,2024-02-05,True,False,785,Android,1,1,0.262
DEV0001229,SIM0001229,CUST001229,2024-07-07,True,False,632,Android,1,1,0.175
DEV0001230,SIM0001230,CUST001230,2025-06-07,True,False,297,Android,0,1,0.446
DEV0001231,SIM0001231,CUST001231,2025-06-13,True,False,291,iOS,0,1,0.122
DEV0001232,SIM0001232,CUST001232,2024-05-19,True,False,681,Android,0,1,0.347
DEV0001233,SIM0001233,CUST001233,2025-04-04,True,False,361,Android,1,1,0.057
DEV0001234,SIM0001234,CUST001234,2022-12-11,True,False,1206,Android,0,1,0.074
DEV0001235,SIM0001235,CUST001235,2024-07-09,True,False,630,Android,0,1,0.398
DEV0001236,SIM0001236,CUST001236,2024-09-13,True,False,564,Android,1,1,0.104
DEV0001237,SIM0001237,CUST001237,2025-12-25,True,False,96,Android,1,1,0.195
DEV0001238,SIM0001238,CUST001238,2024-10-12,True,False,535,Android,0,1,0.148
DEV0001239,SIM0001239,CUST001239,2025-10-23,True,False,159,Android,0,1,0.219
DEV0001240,SIM0001240,CUST001240,2024-02-22,True,False,768,Android,0,1,0.129
DEV0001241,SIM0001241,CUST001241,2024-07-05,True,False,634,Android,0,1,0.207
DEV0001242,SIM0001242,CUST001242,2025-01-20,True,False,435,Android,0,1,0.182
DEV0001243,SIM0001243,CUST001243,2025-12-23,True,False,98,Android,0,1,0.5
DEV0001244,SIM0001244,CUST001244,2024-01-10,True,False,811,Android,0,1,0.193
DEV0001245,SIM0001245,CUST001245,2025-02-14,True,False,410,Android,0,1,0.154
DEV0001246,SIM0001246,CUST001246,2024-03-29,True,False,732,Android,0,1,0.29
DEV0001247,SIM0001247,CUST001247,2023-11-08,True,False,874,Android,1,1,0.088
DEV0001248,SIM0001248,CUST001248,2024-08-13,True,False,595,Android,0,1,0.236
DEV0001249,SIM0001249,CUST001249,2022-04-18,True,False,1443,iOS,0,1,0.235
DEV0001250,SIM0001250,CUST001250,2024-04-30,True,False,700,Android,1,1,0.072
DEV0001251,SIM0001251,CUST001251,2024-11-21,True,False,495,Android,0,1,0.392
DEV0001252,SIM0001252,CUST001252,2025-11-17,True,False,134,Android,0,1,0.336
DEV0001253,SIM0001253,CUST001253,2020-10-04,True,False,2004,Android,1,1,0.308
DEV0001254,SIM0001254,CUST001254,2024-06-08,True,False,661,Android,0,1,0.323
DEV0001255,SIM0001255,CUST001255,2025-05-28,True,False,307,Android,0,1,0.117
DEV0001256,SIM0001256,CUST001256,2025-06-16,True,False,288,iOS,0,1,0.234
DEV0001257,SIM0001257,CUST001257,2025-09-29,True,False,183,Android,0,1,0.072
DEV0001258,SIM0001258,CUST001258,2025-01-26,True,False,429,iOS,0,1,0.247
DEV0001259,SIM0001259,CUST001259,2025-10-04,True,False,178,iOS,0,1,0.216
DEV0001260,SIM0001260,CUST001260,2024-01-28,True,False,793,Android,0,1,0.179
DEV0001261,SIM0001261,CUST001261,2025-07-11,True,False,263,Android,0,1,0.206
DEV0001262,SIM0001262,CUST001262,2025-02-28,True,False,396,Android,0,1,0.072
DEV0001263,SIM0001263,CUST001263,2020-01-31,True,False,2251,Android,1,1,0.255
DEV0001264,SIM0001264,CUST001264,2025-06-07,True,False,297,Android,0,1,0.181
DEV0001265,SIM0001265,CUST001265,2022-01-19,True,False,1532,Android,1,1,0.251
DEV0001266,SIM0001266,CUST001266,2025-10-26,True,False,156,Android,0,1,0.146
DEV0001267,SIM0001267,CUST001267,2025-12-30,True,False,91,Android,0,1,0.152
DEV0001268,SIM0001268,CUST001268,2025-09-29,True,False,183,Android,0,1,0.241
DEV0001269,SIM0001269,CUST001269,2025-02-02,True,False,422,Android,0,1,0.227
DEV0001270,SIM0001270,CUST001270,2025-08-14,True,False,229,Android,0,1,0.17
DEV0001271,SIM0001271,CUST001271,2024-10-03,True,False,544,iOS,0,1,0.063
DEV0001272,SIM0001272,CUST001272,2026-01-01,True,False,89,Android,0,1,0.076
DEV0001273,SIM0001273,CUST001273,2025-09-28,True,False,184,Android,1,1,0.254
DEV0001274,SIM0001274,CUST001274,2025-11-24,True,False,127,iOS,0,1,0.473
DEV0001275,SIM0001275,CUST001275,2025-11-17,True,False,134,Android,1,1,0.023
DEV0001276,SIM0001276,CUST001276,2025-09-07,True,False,205,Android,1,1,0.118
DEV0001277,SIM0001277,CUST001277,2024-10-12,True,False,535,Android,0,1,0.363
DEV0001278,SIM0001278,CUST001278,2025-09-17,True,False,195,Android,1,1,0.357
DEV0001279,SIM0001279,CUST001279,2025-02-02,True,False,422,iOS,1,1,0.111
DEV0001280,SIM0001280,CUST001280,2025-10-11,True,False,171,Android,0,1,0.032
DEV0001281,SIM0001281,CUST001281,2023-05-15,True,False,1051,Android,0,1,0.113
DEV0001282,SIM0001282,CUST001282,2025-07-28,True,False,246,Android,0,1,0.221
DEV0001283,SIM0001283,CUST001283,2022-10-17,True,False,1261,Android,0,1,0.315
DEV0001284,SIM0001284,CUST001284,2023-10-21,True,False,892,Android,0,1,0.316
DEV0001285,SIM0001285,CUST001285,2024-07-28,True,False,611,Android,1,1,0.501
DEV0001286,SIM0001286,CUST001286,2025-09-03,True,False,209,Android,0,1,0.157
DEV0001287,SIM0001287,CUST001287,2021-05-31,True,False,1765,Android,0,1,0.192
DEV0001288,SIM0001288,CUST001288,2025-02-09,True,False,415,Android,0,1,0.401
DEV0001289,SIM0001289,CUST001289,2021-05-22,True,False,1774,Android,0,1,0.081
DEV0001290,SIM0001290,CUST001290,2024-05-14,True,False,686,Android,0,1,0.15
DEV0001291,SIM0001291,CUST001291,2025-09-19,True,False,193,Android,0,1,0.224
DEV0001292,SIM0001292,CUST001292,2025-08-10,True,False,233,Android,0,1,0.062
DEV0001293,SIM0001293,CUST001293,2021-10-19,True,False,1624,Android,0,1,0.337
DEV0001294,SIM0001294,CUST001294,2025-05-31,True,False,304,Android,0,1,0.223
DEV0001295,SIM0001295,CUST001295,2023-12-13,True,False,839,Android,0,1,0.318
DEV0001296,SIM0001296,CUST001296,2025-07-21,True,False,253,Android,0,1,0.212
DEV0001297,SIM0001297,CUST001297,2025-10-20,True,False,162,Android,0,1,0.391
DEV0001298,SIM0001298,CUST001298,2024-06-19,True,False,650,Android,0,1,0.094
DEV0001299,SIM0001299,CUST001299,2024-02-13,True,False,777,Android,1,1,0.224
DEV0001300,SIM0001300,CUST001300,2025-04-30,True,False,335,iOS,0,1,0.068
DEV0001301,SIM0001301,CUST001301,2025-04-23,True,False,342,Android,0,1,0.256
DEV0001302,SIM0001302,CUST001302,2025-06-17,True,False,287,Android,0,1,0.284
DEV0001303,SIM0001303,CUST001303,2025-05-31,True,False,304,Android,0,1,0.222
DEV0001304,SIM0001304,CUST001304,2025-06-17,True,False,287,Android,0,1,0.295
DEV0001305,SIM0001305,CUST001305,2025-05-02,True,False,333,Android,0,1,0.256
DEV0001306,SIM0001306,CUST001306,2024-07-30,True,False,609,Android,0,1,0.213
DEV0001307,SIM0001307,CUST001307,2025-04-03,True,False,362,Android,0,1,0.136
DEV0001308,SIM0001308,CUST001308,2023-02-07,True,False,1148,Android,1,1,0.443
DEV0001309,SIM0001309,CUST001309,2025-10-18,True,False,164,Android,0,1,0.232
DEV0001310,SIM0001310,CUST001310,2025-07-25,True,False,249,Android,0,1,0.508
DEV0001311,SIM0001311,CUST001311,2025-08-03,True,False,240,Android,0,1,0.074
DEV0001312,SIM0001312,CUST001312,2024-04-16,True,False,714,Android,0,1,0.081
DEV0001313,SIM0001313,CUST001313,2025-04-20,True,False,345,Android,2,1,0.061
DEV0001314,SIM0001314,CUST001314,2025-09-27,True,False,185,Android,0,1,0.101
DEV0001315,SIM0001315,CUST001315,2024-04-22,True,False,708,Android,0,1,0.272
DEV0001316,SIM0001316,CUST001316,2025-03-29,True,False,367,Android,0,1,0.222
DEV0001317,SIM0001317,CUST001317,2022-11-17,True,False,1230,Android,0,1,0.429
DEV0001318,SIM0001318,CUST001318,2025-11-25,True,False,126,Android,1,1,0.279
DEV0001319,SIM0001319,CUST001319,2025-05-21,True,False,314,Android,0,1,0.266
DEV0001320,SIM0001320,CUST001320,2025-11-21,True,False,130,Android,0,1,0.474
DEV0001321,SIM0001321,CUST001321,2024-10-06,True,False,541,Android,2,1,0.108
DEV0001322,SIM0001322,CUST001322,2019-03-30,True,False,2558,Android,0,1,0.116
DEV0001323,SIM0001323,CUST001323,2025-08-06,True,False,237,Android,0,1,0.079
DEV0001324,SIM0001324,CUST001324,2025-09-07,True,False,205,Android,0,1,0.155
DEV0001325,SIM0001325,CUST001325,2023-10-01,True,False,912,Android,0,1,0.072
DEV0001326,SIM0001326,CUST001326,2025-05-31,True,False,304,Android,0,1,0.479
DEV0001327,SIM0001327,CUST001327,2025-05-18,True,False,317,Android,2,1,0.109
DEV0001328,SIM0001328,CUST001328,2024-02-13,True,False,777,Android,0,1,0.142
DEV0001329,SIM0001329,CUST001329,2023-08-11,True,False,963,Android,0,1,0.208
DEV0001330,SIM0001330,CUST001330,2025-04-26,True,False,339,Android,0,1,0.083
DEV0001331,SIM0001331,CUST001331,2024-05-12,True,False,688,iOS,0,1,0.044
DEV0001332,SIM0001332,CUST001332,2021-12-08,True,False,1574,Android,0,1,0.05
DEV0001333,SIM0001333,CUST001333,2024-07-03,True,False,636,Android,2,1,0.276
DEV0001334,SIM0001334,CUST001334,2025-10-06,True,False,176,Android,1,1,0.041
DEV0001335,SIM0001335,CUST001335,2025-10-27,True,False,155,Android,0,1,0.175
DEV0001336,SIM0001336,CUST001336,2025-11-28,True,False,123,Android,0,1,0.195
DEV0001337,SIM0001337,CUST001337,2025-07-27,True,False,247,Android,1,1,0.086
DEV0001338,SIM0001338,CUST001338,2025-11-28,True,False,123,Android,0,1,0.116
DEV0001339,SIM0001339,CUST001339,2025-03-30,True,False,366,Android,0,1,0.133
DEV0001340,SIM0001340,CUST001340,2024-10-06,True,False,541,Android,0,1,0.105
DEV0001341,SIM0001341,CUST001341,2025-03-11,True,False,385,Android,0,1,0.104
DEV0001342,SIM0001342,CUST001342,2024-04-01,True,False,729,iOS,0,1,0.386
DEV0001343,SIM0001343,CUST001343,2025-08-15,True,False,228,Android,0,1,0.027
DEV0001344,SIM0001344,CUST001344,2024-05-25,True,False,675,Android,0,1,0.058
DEV0001345,SIM0001345,CUST001345,2024-12-19,True,False,467,iOS,0,1,0.228
DEV0001346,SIM0001346,CUST001346,2025-12-17,True,False,104,Android,0,1,0.151
DEV0001347,SIM0001347,CUST001347,2025-11-11,True,False,140,Android,0,1,0.108
DEV0001348,SIM0001348,CUST001348,2024-12-10,True,False,476,Android,1,1,0.244
DEV0001349,SIM0001349,CUST001349,2025-06-03,True,False,301,Android,0,1,0.173
DEV0001350,SIM0001350,CUST001350,2024-06-29,True,False,640,Android,0,1,0.184
DEV0001351,SIM0001351,CUST001351,2025-11-18,True,False,133,Android,0,1,0.174
DEV0001352,SIM0001352,CUST001352,2022-08-27,True,False,1312,Android,1,1,0.103
DEV0001353,SIM0001353,CUST001353,2024-06-26,True,False,643,Android,0,1,0.149
DEV0001354,SIM0001354,CUST001354,2023-12-04,True,False,848,Android,0,1,0.202
DEV0001355,SIM0001355,CUST001355,2023-06-01,True,False,1034,Android,0,1,0.056
DEV0001356,SIM0001356,CUST001356,2025-04-21,True,False,344,Android,0,1,0.008
DEV0001357,SIM0001357,CUST001357,2024-05-12,True,False,688,iOS,0,1,0.463
DEV0001358,SIM0001358,CUST001358,2025-02-18,True,False,406,Android,0,1,0.118
DEV0001359,SIM0001359,CUST001359,2025-06-09,True,False,295,iOS,0,1,0.064
DEV0001360,SIM0001360,CUST001360,2025-02-28,True,False,396,Android,1,1,0.307
DEV0001361,SIM0001361,CUST001361,2025-07-08,True,False,266,Android,2,1,0.171
DEV0001362,SIM0001362,CUST001362,2024-01-04,True,False,817,Android,0,1,0.309
DEV0001363,SIM0001363,CUST001363,2025-07-04,True,False,270,Android,0,1,0.055
DEV0001364,SIM0001364,CUST001364,2025-01-27,True,False,428,Android,0,1,0.02
DEV0001365,SIM0001365,CUST001365,2025-06-23,True,False,281,Android,0,1,0.486
DEV0001366,SIM0001366,CUST001366,2025-04-22,True,False,343,Android,0,1,0.068
DEV0001367,SIM0001367,CUST001367,2023-05-19,True,False,1047,Android,0,1,0.226
DEV0001368,SIM0001368,CUST001368,2023-09-23,True,False,920,iOS,0,1,0.376
DEV0001369,SIM0001369,CUST001369,2025-05-15,True,False,320,Android,0,1,0.06
DEV0001370,SIM0001370,CUST001370,2024-08-03,True,False,605,Android,0,1,0.051
DEV0001371,SIM0001371,CUST001371,2025-10-12,True,False,170,Android,0,1,0.153
DEV0001372,SIM0001372,CUST001372,2024-10-24,True,False,523,Android,0,1,0.277
DEV0001373,SIM0001373,CUST001373,2025-12-28,True,False,93,iOS,0,1,0.469
DEV0001374,SIM0001374,CUST001374,2024-09-15,True,False,562,Android,0,1,0.266
DEV0001375,SIM0001375,CUST001375,2024-06-15,True,False,654,Android,1,1,0.219
DEV0001376,SIM0001376,CUST001376,2025-09-22,True,False,190,Android,0,1,0.242
DEV0001377,SIM0001377,CUST001377,2023-09-16,True,False,927,Android,0,1,0.103
DEV0001378,SIM0001378,CUST001378,2025-02-09,True,False,415,Android,0,1,0.352
DEV0001379,SIM0001379,CUST001379,2025-12-13,True,False,108,iOS,0,1,0.266
DEV0001380,SIM0001380,CUST001380,2025-01-12,True,False,443,Android,0,1,0.328
DEV0001381,SIM0001381,CUST001381,2025-09-27,True,False,185,iOS,0,1,0.171
DEV0001382,SIM0001382,CUST001382,2022-07-03,True,False,1367,Android,0,1,0.055
DEV0001383,SIM0001383,CUST001383,2024-04-24,True,False,706,Android,0,1,0.256
DEV0001384,SIM0001384,CUST001384,2025-06-05,True,False,299,Android,0,1,0.265
DEV0001385,SIM0001385,CUST001385,2024-05-12,True,False,688,Android,0,1,0.076
DEV0001386,SIM0001386,CUST001386,2024-08-30,True,False,578,Android,0,1,0.454
DEV0001387,SIM0001387,CUST001387,2022-08-13,True,False,1326,Android,0,1,0.095
DEV0001388,SIM0001388,CUST001388,2023-11-30,True,False,852,Android,0,1,0.228
DEV0001389,SIM0001389,CUST001389,2025-01-24,True,False,431,Android,0,1,0.212
DEV0001390,SIM0001390,CUST001390,2023-10-13,True,False,900,Android,0,1,0.247
DEV0001391,SIM0001391,CUST001391,2024-12-04,True,False,482,Android,0,1,0.04
DEV0001392,SIM0001392,CUST001392,2024-02-29,True,False,761,Android,0,1,0.043
DEV0001393,SIM0001393,CUST001393,2025-12-05,True,False,116,Android,0,1,0.098
DEV0001394,SIM0001394,CUST001394,2025-05-08,True,False,327,Android,0,1,0.128
DEV0001395,SIM0001395,CUST001395,2025-03-19,True,False,377,Android,1,1,0.161
DEV0001396,SIM0001396,CUST001396,2023-11-20,True,False,862,Android,0,1,0.069
DEV0001397,SIM0001397,CUST001397,2025-03-19,True,False,377,Android,0,1,0.406
DEV0001398,SIM0001398,CUST001398,2025-04-20,True,False,345,Android,0,1,0.155
DEV0001399,SIM0001399,CUST001399,2023-11-10,True,False,872,Android,0,1,0.176
DEV0001400,SIM0001400,CUST001400,2024-08-15,True,False,593,Android,0,1,0.161
DEV0001401,SIM0001401,CUST001401,2025-01-22,True,False,433,Android,1,1,0.35
DEV0001402,SIM0001402,CUST001402,2025-05-19,True,False,316,Android,1,1,0.04
DEV0001403,SIM0001403,CUST001403,2025-12-09,True,False,112,Android,0,1,0.175
DEV0001404,SIM0001404,CUST001404,2023-09-23,True,False,920,Android,0,1,0.26
DEV0001405,SIM0001405,CUST001405,2025-04-11,True,False,354,Android,1,1,0.278
DEV0001406,SIM0001406,CUST001406,2025-06-17,True,False,287,Android,0,1,0.077
DEV0001407,SIM0001407,CUST001407,2024-09-17,True,False,560,Android,0,1,0.167
DEV0001408,SIM0001408,CUST001408,2025-12-17,True,False,104,Android,0,1,0.185
DEV0001409,SIM0001409,CUST001409,2023-02-21,True,False,1134,Android,0,1,0.173
DEV0001410,SIM0001410,CUST001410,2025-01-09,True,False,446,Android,0,1,0.332
DEV0001411,SIM0001411,CUST001411,2025-03-20,True,False,376,Android,0,1,0.577
DEV0001412,SIM0001412,CUST001412,2024-09-03,True,False,574,Android,0,1,0.316
DEV0001413,SIM0001413,CUST001413,2024-03-31,True,False,730,Android,0,1,0.456
DEV0001414,SIM0001414,CUST001414,2025-01-25,True,False,430,Android,0,1,0.12
DEV0001415,SIM0001415,CUST001415,2025-06-07,True,False,297,iOS,0,1,0.169
DEV0001416,SIM0001416,CUST001416,2025-01-01,True,False,454,Android,0,1,0.337
DEV0001417,SIM0001417,CUST001417,2025-03-23,True,False,373,Android,0,1,0.062
DEV0001418,SIM0001418,CUST001418,2025-08-12,True,False,231,Android,0,1,0.061
DEV0001419,SIM0001419,CUST001419,2024-08-13,True,False,595,Android,0,1,0.117
DEV0001420,SIM0001420,CUST001420,2022-08-29,True,False,1310,Android,0,1,0.369
DEV0001421,SIM0001421,CUST001421,2024-05-29,True,False,671,Android,0,1,0.226
DEV0001422,SIM0001422,CUST001422,2025-08-16,True,False,227,Android,1,1,0.311
DEV0001423,SIM0001423,CUST001423,2023-02-13,True,False,1142,iOS,0,1,0.106
DEV0001424,SIM0001424,CUST001424,2025-06-30,True,False,274,Android,0,1,0.057
DEV0001425,SIM0001425,CUST001425,2025-07-29,True,False,245,Android,0,1,0.037
DEV0001426,SIM0001426,CUST001426,2024-09-22,True,False,555,Android,0,1,0.039
DEV0001427,SIM0001427,CUST001427,2025-07-02,True,False,272,Android,0,1,0.041
DEV0001428,SIM0001428,CUST001428,2024-10-24,True,False,523,Android,0,1,0.215
DEV0001429,SIM0001429,CUST001429,2025-12-07,True,False,114,Android,1,1,0.104
DEV0001430,SIM0001430,CUST001430,2022-11-08,True,False,1239,Android,0,1,0.03
DEV0001431,SIM0001431,CUST001431,2024-08-05,True,False,603,Android,0,1,0.077
DEV0001432,SIM0001432,CUST001432,2025-11-24,True,False,127,Android,0,1,0.224
DEV0001433,SIM0001433,CUST001433,2025-11-08,True,False,143,Android,0,1,0.049
DEV0001434,SIM0001434,CUST001434,2025-09-20,True,False,192,Android,0,1,0.36
DEV0001435,SIM0001435,CUST001435,2025-12-22,True,False,99,Android,0,1,0.331
DEV0001436,SIM0001436,CUST001436,2024-01-08,True,False,813,iOS,0,1,0.181
DEV0001437,SIM0001437,CUST001437,2024-06-01,True,False,668,Android,0,1,0.055
DEV0001438,SIM0001438,CUST001438,2025-08-30,True,False,213,Android,0,1,0.304
DEV0001439,SIM0001439,CUST001439,2025-03-06,True,False,390,Android,1,1,0.284
DEV0001440,SIM0001440,CUST001440,2025-10-18,True,False,164,Android,0,1,0.139
DEV0001441,SIM0001441,CUST001441,2025-02-13,True,False,411,Android,0,1,0.21
DEV0001442,SIM0001442,CUST001442,2023-07-12,True,False,993,Android,2,1,0.06
DEV0001443,SIM0001443,CUST001443,2024-10-10,True,False,537,Android,0,1,0.324
DEV0001444,SIM0001444,CUST001444,2025-02-04,True,False,420,Android,0,1,0.19
DEV0001445,SIM0001445,CUST001445,2022-04-22,True,False,1439,Android,0,1,0.382
DEV0001446,SIM0001446,CUST001446,2025-05-14,True,False,321,Android,1,1,0.124
DEV0001447,SIM0001447,CUST001447,2024-10-22,True,False,525,Android,0,1,0.457
DEV0001448,SIM0001448,CUST001448,2025-12-23,True,False,98,Android,0,1,0.149
DEV0001449,SIM0001449,CUST001449,2022-10-31,True,False,1247,Android,0,1,0.159
DEV0001450,SIM0001450,CUST001450,2024-12-28,True,False,458,Android,1,1,0.45
DEV0001451,SIM0001451,CUST001451,2024-01-07,True,False,814,Android,0,1,0.048
DEV0001452,SIM0001452,CUST001452,2025-10-22,True,False,160,Android,0,1,0.133
DEV0001453,SIM0001453,CUST001453,2025-06-22,True,False,282,Android,1,1,0.216
DEV0001454,SIM0001454,CUST001454,2025-10-15,True,False,167,Android,2,1,0.126
DEV0001455,SIM0001455,CUST001455,2025-11-16,True,False,135,Android,1,1,0.273
DEV0001456,SIM0001456,CUST001456,2024-06-12,True,False,657,Android,1,1,0.126
DEV0001457,SIM0001457,CUST001457,2023-01-16,True,False,1170,Android,0,1,0.187
DEV0001458,SIM0001458,CUST001458,2024-07-05,True,False,634,Android,0,1,0.097
DEV0001459,SIM0001459,CUST001459,2025-08-22,True,False,221,Android,0,1,0.391
DEV0001460,SIM0001460,CUST001460,2024-11-05,True,False,511,Android,0,1,0.169
DEV0001461,SIM0001461,CUST001461,2025-10-30,True,False,152,Android,0,1,0.065
DEV0001462,SIM0001462,CUST001462,2025-10-08,True,False,174,iOS,0,1,0.281
DEV0001463,SIM0001463,CUST001463,2023-02-27,True,False,1128,Android,1,1,0.007
DEV0001464,SIM0001464,CUST001464,2022-11-20,True,False,1227,iOS,0,1,0.199
DEV0001465,SIM0001465,CUST001465,2025-10-08,True,False,174,Android,1,1,0.15
DEV0001466,SIM0001466,CUST001466,2025-04-03,True,False,362,Android,0,1,0.333
DEV0001467,SIM0001467,CUST001467,2023-07-11,True,False,994,Android,0,1,0.18
DEV0001468,SIM0001468,CUST001468,2021-05-01,True,False,1795,Android,0,1,0.324
DEV0001469,SIM0001469,CUST001469,2024-12-03,True,False,483,Android,0,1,0.186
DEV0001470,SIM0001470,CUST001470,2025-09-28,True,False,184,Android,1,1,0.198
DEV0001471,SIM0001471,CUST001471,2024-12-28,True,False,458,Android,0,1,0.094
DEV0001472,SIM0001472,CUST001472,2025-07-17,True,False,257,Android,0,1,0.385
DEV0001473,SIM0001473,CUST001473,2025-02-20,True,False,404,Android,0,1,0.114
DEV0001474,SIM0001474,CUST001474,2025-08-07,True,False,236,Android,0,1,0.224
DEV0001475,SIM0001475,CUST001475,2025-12-15,True,False,106,Android,0,1,0.126
DEV0001476,SIM0001476,CUST001476,2025-06-27,True,False,277,Android,0,1,0.441
DEV0001477,SIM0001477,CUST001477,2025-11-16,True,False,135,Android,0,1,0.166
DEV0001478,SIM0001478,CUST001478,2023-06-21,True,False,1014,iOS,0,1,0.161
DEV0001479,SIM0001479,CUST001479,2024-01-17,True,False,804,Android,0,1,0.089
DEV0001480,SIM0001480,CUST001480,2025-03-23,True,False,373,Android,1,1,0.31
DEV0001481,SIM0001481,CUST001481,2024-12-24,True,False,462,Android,0,1,0.152
DEV0001482,SIM0001482,CUST001482,2025-06-02,True,False,302,Android,0,1,0.181
DEV0001483,SIM0001483,CUST001483,2025-11-20,True,False,131,Android,0,1,0.18
DEV0001484,SIM0001484,CUST001484,2024-05-03,True,False,697,Android,0,1,0.131
DEV0001485,SIM0001485,CUST001485,2023-07-17,True,False,988,Android,0,1,0.426
DEV0001486,SIM0001486,CUST001486,2024-04-28,True,False,702,Android,0,1,0.179
DEV0001487,SIM0001487,CUST001487,2025-03-18,True,False,378,Android,0,1,0.299
DEV0001488,SIM0001488,CUST001488,2022-09-22,True,False,1286,Android,0,1,0.158
DEV0001489,SIM0001489,CUST001489,2023-06-11,True,False,1024,Android,0,1,0.487
DEV0001490,SIM0001490,CUST001490,2025-02-15,True,False,409,Android,0,1,0.073
DEV0001491,SIM0001491,CUST001491,2025-07-18,True,False,256,Android,1,1,0.278
DEV0001492,SIM0001492,CUST001492,2024-12-17,True,False,469,Android,1,1,0.263
DEV0001493,SIM0001493,CUST001493,2025-08-29,True,False,214,Android,0,1,0.3
DEV0001494,SIM0001494,CUST001494,2025-07-07,True,False,267,Android,0,1,0.119
DEV0001495,SIM0001495,CUST001495,2023-11-12,True,False,870,Android,0,1,0.308
DEV0001496,SIM0001496,CUST001496,2025-12-24,True,False,97,Android,0,1,0.195
DEV0001497,SIM0001497,CUST001497,2025-09-24,True,False,188,Android,0,1,0.365
DEV0001498,SIM0001498,CUST001498,2025-08-28,True,False,215,Android,1,1,0.087
DEV0001499,SIM0001499,CUST001499,2024-11-04,True,False,512,Android,0,1,0.486
DEV0001500,SIM0001500,CUST001500,2023-02-19,True,False,1136,Android,1,1,0.042
DEV0001501,SIM0001501,CUST001501,2024-11-23,True,False,493,Android,0,1,0.07
DEV0001502,SIM0001502,CUST001502,2025-06-09,True,False,295,Android,2,1,0.255
DEV0001503,SIM0001503,CUST001503,2023-10-25,True,False,888,Android,0,1,0.417
DEV0001504,SIM0001504,CUST001504,2025-11-19,True,False,132,Android,0,1,0.038
DEV0001505,SIM0001505,CUST001505,2024-08-26,True,False,582,Android,0,1,0.152
DEV0001506,SIM0001506,CUST001506,2021-05-29,True,False,1767,iOS,0,1,0.265
DEV0001507,SIM0001507,CUST001507,2025-09-26,True,False,186,Android,0,1,0.164
DEV0001508,SIM0001508,CUST001508,2025-11-15,True,False,136,Android,0,1,0.288
DEV0001509,SIM0001509,CUST001509,2025-12-11,True,False,110,Android,0,1,0.047
DEV0001510,SIM0001510,CUST001510,2024-10-05,True,False,542,Android,0,1,0.051
DEV0001511,SIM0001511,CUST001511,2023-10-06,True,False,907,Android,1,1,0.351
DEV0001512,SIM0001512,CUST001512,2023-10-02,True,False,911,Android,0,1,0.321
DEV0001513,SIM0001513,CUST001513,2025-07-05,True,False,269,Android,0,1,0.169
DEV0001514,SIM0001514,CUST001514,2025-08-06,True,False,237,Android,0,1,0.269
DEV0001515,SIM0001515,CUST001515,2025-08-17,True,False,226,iOS,0,1,0.065
DEV0001516,SIM0001516,CUST001516,2023-03-31,True,False,1096,Android,0,1,0.237
DEV0001517,SIM0001517,CUST001517,2025-10-18,True,False,164,iOS,0,1,0.482
DEV0001518,SIM0001518,CUST001518,2022-01-10,True,False,1541,Android,0,1,0.129
DEV0001519,SIM0001519,CUST001519,2025-07-09,True,False,265,Android,0,1,0.233
DEV0001520,SIM0001520,CUST001520,2024-11-30,True,False,486,Android,1,1,0.081
DEV0001521,SIM0001521,CUST001521,2022-12-24,True,False,1193,iOS,0,1,0.156
DEV0001522,SIM0001522,CUST001522,2026-01-01,True,False,89,iOS,0,1,0.098
DEV0001523,SIM0001523,CUST001523,2025-06-13,True,False,291,Android,0,1,0.071
DEV0001524,SIM0001524,CUST001524,2023-07-12,True,False,993,Android,0,1,0.11
DEV0001525,SIM0001525,CUST001525,2025-04-17,True,False,348,iOS,0,1,0.091
DEV0001526,SIM0001526,CUST001526,2025-09-18,True,False,194,Android,0,1,0.24
DEV0001527,SIM0001527,CUST001527,2025-02-02,True,False,422,Android,0,1,0.162
DEV0001528,SIM0001528,CUST001528,2025-11-07,True,False,144,Android,0,1,0.248
DEV0001529,SIM0001529,CUST001529,2024-08-08,True,False,600,Android,0,1,0.563
DEV0001530,SIM0001530,CUST001530,2023-04-27,True,False,1069,Android,1,1,0.201
DEV0001531,SIM0001531,CUST001531,2025-05-05,True,False,330,Android,0,1,0.082
DEV0001532,SIM0001532,CUST001532,2023-11-05,True,False,877,Android,0,1,0.14
DEV0001533,SIM0001533,CUST001533,2025-12-31,True,False,90,Android,0,1,0.057
DEV0001534,SIM0001534,CUST001534,2022-10-16,True,False,1262,Android,1,1,0.124
DEV0001535,SIM0001535,CUST001535,2025-11-29,True,False,122,Android,0,1,0.376
DEV0001536,SIM0001536,CUST001536,2021-10-04,True,False,1639,Android,0,1,0.356
DEV0001537,SIM0001537,CUST001537,2024-12-06,True,False,480,iOS,0,1,0.179
DEV0001538,SIM0001538,CUST001538,2025-08-06,True,False,237,Android,0,1,0.288
DEV0001539,SIM0001539,CUST001539,2025-02-22,True,False,402,Android,0,1,0.329
DEV0001540,SIM0001540,CUST001540,2025-05-05,True,False,330,Android,0,1,0.168
DEV0001541,SIM0001541,CUST001541,2025-10-24,True,False,158,Android,0,1,0.013
DEV0001542,SIM0001542,CUST001542,2025-05-17,True,False,318,Android,0,1,0.196
DEV0001543,SIM0001543,CUST001543,2024-11-11,True,False,505,Android,0,1,0.187
DEV0001544,SIM0001544,CUST001544,2025-06-01,True,False,303,Android,1,1,0.166
DEV0001545,SIM0001545,CUST001545,2025-02-18,True,False,406,Android,0,1,0.02
DEV0001546,SIM0001546,CUST001546,2025-02-01,True,False,423,Android,0,1,0.186
DEV0001547,SIM0001547,CUST001547,2023-12-07,True,False,845,Android,0,1,0.132
DEV0001548,SIM0001548,CUST001548,2025-09-02,True,False,210,Android,1,1,0.178
DEV0001549,SIM0001549,CUST001549,2025-08-13,True,False,230,Android,0,1,0.315
DEV0001550,SIM0001550,CUST001550,2024-03-25,True,False,736,Android,0,1,0.28
DEV0001551,SIM0001551,CUST001551,2022-01-04,True,False,1547,Android,0,1,0.221
DEV0001552,SIM0001552,CUST001552,2025-08-27,True,False,216,Android,0,1,0.228
DEV0001553,SIM0001553,CUST001553,2023-11-29,True,False,853,Android,0,1,0.224
DEV0001554,SIM0001554,CUST001554,2025-12-26,True,False,95,Android,1,1,0.098
DEV0001555,SIM0001555,CUST001555,2024-10-11,True,False,536,Android,0,1,0.225
DEV0001556,SIM0001556,CUST001556,2024-12-02,True,False,484,Android,0,1,0.026
DEV0001557,SIM0001557,CUST001557,2024-06-21,True,False,648,Android,0,1,0.132
DEV0001558,SIM0001558,CUST001558,2024-12-25,True,False,461,Android,0,1,0.162
DEV0001559,SIM0001559,CUST001559,2025-06-02,True,False,302,Android,0,1,0.185
DEV0001560,SIM0001560,CUST001560,2025-09-17,True,False,195,Android,0,1,0.181
DEV0001561,SIM0001561,CUST001561,2025-10-23,True,False,159,Android,1,1,0.148
DEV0001562,SIM0001562,CUST001562,2025-09-18,True,False,194,Android,0,1,0.097
DEV0001563,SIM0001563,CUST001563,2025-05-13,True,False,322,Android,0,1,0.091
DEV0001564,SIM0001564,CUST001564,2025-04-11,True,False,354,Android,0,1,0.265
DEV0001565,SIM0001565,CUST001565,2021-11-11,True,False,1601,Android,0,1,0.457
DEV0001566,SIM0001566,CUST001566,2020-09-16,True,False,2022,Android,0,1,0.286
DEV0001567,SIM0001567,CUST001567,2024-05-08,True,False,692,Android,0,1,0.052
DEV0001568,SIM0001568,CUST001568,2024-02-08,True,False,782,iOS,0,1,0.067
DEV0001569,SIM0001569,CUST001569,2024-12-20,True,False,466,Android,0,1,0.23
DEV0001570,SIM0001570,CUST001570,2024-07-10,True,False,629,Android,0,1,0.091
DEV0001571,SIM0001571,CUST001571,2025-08-16,True,False,227,Android,0,1,0.227
DEV0001572,SIM0001572,CUST001572,2025-05-23,True,False,312,Android,0,1,0.231
DEV0001573,SIM0001573,CUST001573,2025-11-22,True,False,129,Android,1,1,0.323
DEV0001574,SIM0001574,CUST001574,2023-05-12,True,False,1054,Android,1,1,0.168
DEV0001575,SIM0001575,CUST001575,2025-07-12,True,False,262,Android,0,1,0.117
DEV0001576,SIM0001576,CUST001576,2025-12-29,True,False,92,Android,0,1,0.204
DEV0001577,SIM0001577,CUST001577,2024-04-29,True,False,701,Android,0,1,0.216
DEV0001578,SIM0001578,CUST001578,2025-07-18,True,False,256,Android,0,1,0.119
DEV0001579,SIM0001579,CUST001579,2025-04-25,True,False,340,Android,0,1,0.36
DEV0001580,SIM0001580,CUST001580,2024-10-31,True,False,516,iOS,0,1,0.069
DEV0001581,SIM0001581,CUST001581,2025-10-31,True,False,151,Android,0,1,0.078
DEV0001582,SIM0001582,CUST001582,2024-12-22,True,False,464,Android,0,1,0.504
DEV0001583,SIM0001583,CUST001583,2025-07-01,True,False,273,Android,0,1,0.293
DEV0001584,SIM0001584,CUST001584,2025-03-08,True,False,388,Android,1,1,0.197
DEV0001585,SIM0001585,CUST001585,2024-06-17,True,False,652,Android,0,1,0.299
DEV0001586,SIM0001586,CUST001586,2024-01-30,True,False,791,Android,1,1,0.443
DEV0001587,SIM0001587,CUST001587,2025-06-04,True,False,300,Android,0,1,0.274
DEV0001588,SIM0001588,CUST001588,2025-11-01,True,False,150,Android,0,1,0.149
DEV0001589,SIM0001589,CUST001589,2024-10-04,True,False,543,Android,0,1,0.141
DEV0001590,SIM0001590,CUST001590,2021-05-01,True,False,1795,Android,0,1,0.114
DEV0001591,SIM0001591,CUST001591,2024-01-17,True,False,804,Android,0,1,0.399
DEV0001592,SIM0001592,CUST001592,2025-03-24,True,False,372,Android,0,1,0.277
DEV0001593,SIM0001593,CUST001593,2025-09-21,True,False,191,Android,0,1,0.116
DEV0001594,SIM0001594,CUST001594,2020-12-12,True,False,1935,Android,2,1,0.15
DEV0001595,SIM0001595,CUST001595,2024-08-31,True,False,577,Android,0,1,0.512
DEV0001596,SIM0001596,CUST001596,2025-09-28,True,False,184,Android,0,1,0.138
DEV0001597,SIM0001597,CUST001597,2025-06-16,True,False,288,Android,0,1,0.122
DEV0001598,SIM0001598,CUST001598,2025-07-22,True,False,252,Android,0,1,0.457
DEV0001599,SIM0001599,CUST001599,2025-06-27,True,False,277,Android,0,1,0.188
DEV0001600,SIM0001600,CUST001600,2025-07-30,True,False,244,Android,0,1,0.511
DEV0001601,SIM0001601,CUST001601,2025-12-10,True,False,111,Android,0,1,0.214
DEV0001602,SIM0001602,CUST001602,2025-12-27,True,False,94,Android,0,1,0.231
DEV0001603,SIM0001603,CUST001603,2024-10-25,True,False,522,iOS,0,1,0.517
DEV0001604,SIM0001604,CUST001604,2022-10-23,True,False,1255,Android,0,1,0.201
DEV0001605,SIM0001605,CUST001605,2025-04-10,True,False,355,Android,0,1,0.258
DEV0001606,SIM0001606,CUST001606,2024-09-29,True,False,548,Android,0,1,0.124
DEV0001607,SIM0001607,CUST001607,2025-06-21,True,False,283,Android,0,1,0.13
DEV0001608,SIM0001608,CUST001608,2022-04-04,True,False,1457,Android,0,1,0.335
DEV0001609,SIM0001609,CUST001609,2025-06-19,True,False,285,Android,0,1,0.292
DEV0001610,SIM0001610,CUST001610,2025-09-30,True,False,182,Android,0,1,0.049
DEV0001611,SIM0001611,CUST001611,2025-02-14,True,False,410,iOS,0,1,0.101
DEV0001612,SIM0001612,CUST001612,2024-02-14,True,False,776,iOS,0,1,0.3
DEV0001613,SIM0001613,CUST001613,2023-05-17,True,False,1049,Android,0,1,0.335
DEV0001614,SIM0001614,CUST001614,2022-11-29,True,False,1218,Android,0,1,0.025
DEV0001615,SIM0001615,CUST001615,2025-04-07,True,False,358,Android,0,1,0.138
DEV0001616,SIM0001616,CUST001616,2024-08-08,True,False,600,Android,1,1,0.22
DEV0001617,SIM0001617,CUST001617,2025-10-21,True,False,161,Android,1,1,0.023
DEV0001618,SIM0001618,CUST001618,2025-08-20,True,False,223,Android,0,1,0.266
DEV0001619,SIM0001619,CUST001619,2025-08-31,True,False,212,iOS,0,1,0.153
DEV0001620,SIM0001620,CUST001620,2024-01-10,True,False,811,Android,0,1,0.092
DEV0001621,SIM0001621,CUST001621,2025-07-21,True,False,253,Android,0,1,0.223
DEV0001622,SIM0001622,CUST001622,2024-07-29,True,False,610,Android,1,1,0.292
DEV0001623,SIM0001623,CUST001623,2024-09-29,True,False,548,Android,0,1,0.222
DEV0001624,SIM0001624,CUST001624,2024-08-07,True,False,601,Android,0,1,0.085
DEV0001625,SIM0001625,CUST001625,2024-06-19,True,False,650,Android,0,1,0.078
DEV0001626,SIM0001626,CUST001626,2025-10-25,True,False,157,Android,0,1,0.255
DEV0001627,SIM0001627,CUST001627,2024-08-22,True,False,586,Android,0,1,0.123
DEV0001628,SIM0001628,CUST001628,2024-09-09,True,False,568,Android,0,1,0.095
DEV0001629,SIM0001629,CUST001629,2025-09-04,True,False,208,Android,0,1,0.446
DEV0001630,SIM0001630,CUST001630,2024-10-19,True,False,528,Android,0,1,0.312
DEV0001631,SIM0001631,CUST001631,2025-10-16,True,False,166,Android,0,1,0.092
DEV0001632,SIM0001632,CUST001632,2025-09-28,True,False,184,Android,0,1,0.158
DEV0001633,SIM0001633,CUST001633,2024-12-02,True,False,484,Android,0,1,0.178
DEV0001634,SIM0001634,CUST001634,2025-10-15,True,False,167,Android,0,1,0.151
DEV0001635,SIM0001635,CUST001635,2024-10-03,True,False,544,Android,0,1,0.305
DEV0001636,SIM0001636,CUST001636,2025-12-18,True,False,103,Android,0,1,0.335
DEV0001637,SIM0001637,CUST001637,2024-02-07,True,False,783,Android,0,1,0.43
DEV0001638,SIM0001638,CUST001638,2024-09-12,True,False,565,Android,0,1,0.378
DEV0001639,SIM0001639,CUST001639,2025-08-13,True,False,230,Android,0,1,0.347
DEV0001640,SIM0001640,CUST001640,2025-10-31,True,False,151,Android,0,1,0.069
DEV0001641,SIM0001641,CUST001641,2025-07-12,True,False,262,Android,0,1,0.082
DEV0001642,SIM0001642,CUST001642,2023-04-03,True,False,1093,Android,0,1,0.046
DEV0001643,SIM0001643,CUST001643,2025-05-08,True,False,327,Android,0,1,0.15
DEV0001644,SIM0001644,CUST001644,2023-09-17,True,False,926,Android,0,1,0.15
DEV0001645,SIM0001645,CUST001645,2025-07-23,True,False,251,Android,0,1,0.192
DEV0001646,SIM0001646,CUST001646,2025-07-19,True,False,255,iOS,0,1,0.109
DEV0001647,SIM0001647,CUST001647,2022-07-10,True,False,1360,Android,0,1,0.222
DEV0001648,SIM0001648,CUST001648,2024-06-18,True,False,651,Android,0,1,0.14
DEV0001649,SIM0001649,CUST001649,2022-08-22,True,False,1317,iOS,0,1,0.023
DEV0001650,SIM0001650,CUST001650,2025-06-27,True,False,277,Android,0,1,0.067
DEV0001651,SIM0001651,CUST001651,2025-12-17,True,False,104,Android,1,1,0.175
DEV0001652,SIM0001652,CUST001652,2024-04-24,True,False,706,Android,0,1,0.099
DEV0001653,SIM0001653,CUST001653,2025-06-19,True,False,285,Android,0,1,0.07
DEV0001654,SIM0001654,CUST001654,2025-05-24,True,False,311,Android,1,1,0.099
DEV0001655,SIM0001655,CUST001655,2025-05-06,True,False,329,Android,0,1,0.067
DEV0001656,SIM0001656,CUST001656,2025-02-09,True,False,415,Android,0,1,0.266
DEV0001657,SIM0001657,CUST001657,2025-03-07,True,False,389,Android,0,1,0.216
DEV0001658,SIM0001658,CUST001658,2025-05-28,True,False,307,Android,0,1,0.216
DEV0001659,SIM0001659,CUST001659,2025-12-07,True,False,114,Android,0,1,0.176
DEV0001660,SIM0001660,CUST001660,2025-03-28,True,False,368,iOS,0,1,0.336
DEV0001661,SIM0001661,CUST001661,2025-11-23,True,False,128,Android,0,1,0.271
DEV0001662,SIM0001662,CUST001662,2025-04-27,True,False,338,Android,1,1,0.18
DEV0001663,SIM0001663,CUST001663,2025-07-03,True,False,271,Android,0,1,0.224
DEV0001664,SIM0001664,CUST001664,2021-09-09,True,False,1664,Android,0,1,0.103
DEV0001665,SIM0001665,CUST001665,2023-12-12,True,False,840,Android,0,1,0.299
DEV0001666,SIM0001666,CUST001666,2022-08-25,True,False,1314,Android,0,1,0.233
DEV0001667,SIM0001667,CUST001667,2025-08-09,True,False,234,Android,0,1,0.129
DEV0001668,SIM0001668,CUST001668,2025-02-27,True,False,397,iOS,1,1,0.121
DEV0001669,SIM0001669,CUST001669,2025-10-16,True,False,166,Android,0,1,0.092
DEV0001670,SIM0001670,CUST001670,2018-08-06,True,False,2794,Android,0,1,0.052
DEV0001671,SIM0001671,CUST001671,2024-04-05,True,False,725,Android,0,1,0.384
DEV0001672,SIM0001672,CUST001672,2023-04-23,True,False,1073,Android,0,1,0.206
DEV0001673,SIM0001673,CUST001673,2024-02-22,True,False,768,Android,0,1,0.106
DEV0001674,SIM0001674,CUST001674,2025-09-20,True,False,192,Android,0,1,0.173
DEV0001675,SIM0001675,CUST001675,2025-10-02,True,False,180,Android,0,1,0.239
DEV0001676,SIM0001676,CUST001676,2025-06-20,True,False,284,Android,0,1,0.115
DEV0001677,SIM0001677,CUST001677,2025-07-25,True,False,249,Android,0,1,0.085
DEV0001678,SIM0001678,CUST001678,2025-11-18,True,False,133,Android,0,1,0.249
DEV0001679,SIM0001679,CUST001679,2024-11-03,True,False,513,Android,0,1,0.378
DEV0001680,SIM0001680,CUST001680,2024-06-06,True,False,663,Android,0,1,0.034
DEV0001681,SIM0001681,CUST001681,2025-11-09,True,False,142,iOS,0,1,0.142
DEV0001682,SIM0001682,CUST001682,2025-10-10,True,False,172,iOS,0,1,0.148
DEV0001683,SIM0001683,CUST001683,2023-12-26,True,False,826,iOS,1,1,0.091
DEV0001684,SIM0001684,CUST001684,2025-12-14,True,False,107,Android,0,1,0.09
DEV0001685,SIM0001685,CUST001685,2023-01-03,True,False,1183,Android,0,1,0.435
DEV0001686,SIM0001686,CUST001686,2025-10-11,True,False,171,iOS,0,1,0.174
DEV0001687,SIM0001687,CUST001687,2023-04-14,True,False,1082,iOS,0,1,0.235
DEV0001688,SIM0001688,CUST001688,2023-02-22,True,False,1133,Android,0,1,0.604
DEV0001689,SIM0001689,CUST001689,2025-07-07,True,False,267,Android,0,1,0.068
DEV0001690,SIM0001690,CUST001690,2024-08-16,True,False,592,Android,0,1,0.264
DEV0001691,SIM0001691,CUST001691,2023-01-19,True,False,1167,iOS,0,1,0.199
DEV0001692,SIM0001692,CUST001692,2024-10-10,True,False,537,Android,0,1,0.169
DEV0001693,SIM0001693,CUST001693,2025-05-14,True,False,321,Android,0,1,0.311
DEV0001694,SIM0001694,CUST001694,2025-10-11,True,False,171,Android,0,1,0.096
DEV0001695,SIM0001695,CUST001695,2022-07-07,True,False,1363,Android,0,1,0.176
DEV0001696,SIM0001696,CUST001696,2024-09-19,True,False,558,Android,0,1,0.188
DEV0001697,SIM0001697,CUST001697,2025-09-16,True,False,196,Android,0,1,0.032
DEV0001698,SIM0001698,CUST001698,2025-11-14,True,False,137,Android,0,1,0.369
DEV0001699,SIM0001699,CUST001699,2025-09-27,True,False,185,Android,0,1,0.079
DEV0001700,SIM0001700,CUST001700,2025-04-30,True,False,335,Android,0,1,0.399
DEV0001701,SIM0001701,CUST001701,2025-04-15,True,False,350,Android,0,1,0.197
DEV0001702,SIM0001702,CUST001702,2025-12-12,True,False,109,Android,0,1,0.206
DEV0001703,SIM0001703,CUST001703,2025-08-05,True,False,238,Android,0,1,0.202
DEV0001704,SIM0001704,CUST001704,2025-07-09,True,False,265,Android,0,1,0.257
DEV0001705,SIM0001705,CUST001705,2025-05-17,True,False,318,Android,0,1,0.16
DEV0001706,SIM0001706,CUST001706,2024-11-14,True,False,502,iOS,0,1,0.206
DEV0001707,SIM0001707,CUST001707,2025-06-29,True,False,275,Android,0,1,0.317
DEV0001708,SIM0001708,CUST001708,2025-09-10,True,False,202,Android,0,1,0.047
DEV0001709,SIM0001709,CUST001709,2022-03-02,True,False,1490,Android,0,1,0.125
DEV0001710,SIM0001710,CUST001710,2025-08-07,True,False,236,Android,0,1,0.121
DEV0001711,SIM0001711,CUST001711,2025-07-25,True,False,249,iOS,0,1,0.487
DEV0001712,SIM0001712,CUST001712,2025-12-30,True,False,91,Android,0,1,0.084
DEV0001713,SIM0001713,CUST001713,2025-07-16,True,False,258,Android,0,1,0.29
DEV0001714,SIM0001714,CUST001714,2022-06-27,True,False,1373,Android,0,1,0.094
DEV0001715,SIM0001715,CUST001715,2024-04-04,True,False,726,Android,0,1,0.075
DEV0001716,SIM0001716,CUST001716,2025-03-13,True,False,383,Android,0,1,0.29
DEV0001717,SIM0001717,CUST001717,2025-05-18,True,False,317,iOS,0,1,0.266
DEV0001718,SIM0001718,CUST001718,2025-01-23,True,False,432,Android,0,1,0.105
DEV0001719,SIM0001719,CUST001719,2025-10-18,True,False,164,Android,0,1,0.134
DEV0001720,SIM0001720,CUST001720,2024-06-21,True,False,648,Android,0,1,0.237
DEV0001721,SIM0001721,CUST001721,2025-05-13,True,False,322,Android,0,1,0.332
DEV0001722,SIM0001722,CUST001722,2023-10-24,True,False,889,Android,0,1,0.163
DEV0001723,SIM0001723,CUST001723,2024-09-29,True,False,548,Android,0,1,0.328
DEV0001724,SIM0001724,CUST001724,2025-06-27,True,False,277,Android,0,1,0.14
DEV0001725,SIM0001725,CUST001725,2024-10-31,True,False,516,Android,1,1,0.126
DEV0001726,SIM0001726,CUST001726,2023-02-15,True,False,1140,iOS,0,1,0.301
DEV0001727,SIM0001727,CUST001727,2023-11-14,True,False,868,Android,0,1,0.137
DEV0001728,SIM0001728,CUST001728,2025-08-10,True,False,233,Android,0,1,0.167
DEV0001729,SIM0001729,CUST001729,2025-08-09,True,False,234,Android,0,1,0.067
DEV0001730,SIM0001730,CUST001730,2025-02-13,True,False,411,Android,0,1,0.236
DEV0001731,SIM0001731,CUST001731,2025-09-26,True,False,186,Android,1,1,0.058
DEV0001732,SIM0001732,CUST001732,2025-07-09,True,False,265,Android,0,1,0.454
DEV0001733,SIM0001733,CUST001733,2025-05-03,True,False,332,Android,0,1,0.214
DEV0001734,SIM0001734,CUST001734,2024-10-12,True,False,535,Android,0,1,0.303
DEV0001735,SIM0001735,CUST001735,2025-12-24,True,False,97,iOS,0,1,0.151
DEV0001736,SIM0001736,CUST001736,2025-09-12,True,False,200,Android,0,1,0.13
DEV0001737,SIM0001737,CUST001737,2025-10-29,True,False,153,Android,0,1,0.121
DEV0001738,SIM0001738,CUST001738,2025-11-05,True,False,146,Android,0,1,0.19
DEV0001739,SIM0001739,CUST001739,2025-12-19,True,False,102,Android,1,1,0.287
DEV0001740,SIM0001740,CUST001740,2025-12-16,True,False,105,Android,0,1,0.102
DEV0001741,SIM0001741,CUST001741,2025-03-20,True,False,376,iOS,0,1,0.248
DEV0001742,SIM0001742,CUST001742,2024-08-11,True,False,597,Android,0,1,0.094
DEV0001743,SIM0001743,CUST001743,2025-07-06,True,False,268,Android,0,1,0.128
DEV0001744,SIM0001744,CUST001744,2025-04-22,True,False,343,Android,0,1,0.129
DEV0001745,SIM0001745,CUST001745,2022-01-29,True,False,1522,iOS,0,1,0.135
DEV0001746,SIM0001746,CUST001746,2022-11-25,True,False,1222,Android,0,1,0.336
DEV0001747,SIM0001747,CUST001747,2025-08-17,True,False,226,Android,1,1,0.357
DEV0001748,SIM0001748,CUST001748,2024-11-28,True,False,488,Android,0,1,0.324
DEV0001749,SIM0001749,CUST001749,2025-04-19,True,False,346,Android,0,1,0.261
DEV0001750,SIM0001750,CUST001750,2025-06-02,True,False,302,Android,0,1,0.16
DEV0001751,SIM0001751,CUST001751,2025-08-04,True,False,239,iOS,0,1,0.174
DEV0001752,SIM0001752,CUST001752,2022-10-13,True,False,1265,iOS,0,1,0.119
DEV0001753,SIM0001753,CUST001753,2023-05-16,True,False,1050,Android,0,1,0.132
DEV0001754,SIM0001754,CUST001754,2025-11-23,True,False,128,Android,0,1,0.155
DEV0001755,SIM0001755,CUST001755,2025-10-08,True,False,174,Android,0,1,0.396
DEV0001756,SIM0001756,CUST001756,2025-12-27,True,False,94,Android,0,1,0.22
DEV0001757,SIM0001757,CUST001757,2024-06-12,True,False,657,Android,0,1,0.067
DEV0001758,SIM0001758,CUST001758,2023-09-09,True,False,934,Android,1,1,0.126
DEV0001759,SIM0001759,CUST001759,2025-09-02,True,False,210,Android,0,1,0.023
DEV0001760,SIM0001760,CUST001760,2025-09-08,True,False,204,Android,1,1,0.266
DEV0001761,SIM0001761,CUST001761,2023-05-20,True,False,1046,Android,0,1,0.475
DEV0001762,SIM0001762,CUST001762,2025-06-14,True,False,290,Android,1,1,0.336
DEV0001763,SIM0001763,CUST001763,2025-01-11,True,False,444,Android,0,1,0.538
DEV0001764,SIM0001764,CUST001764,2025-10-16,True,False,166,Android,1,1,0.191
DEV0001765,SIM0001765,CUST001765,2025-06-12,True,False,292,Android,0,1,0.237
DEV0001766,SIM0001766,CUST001766,2025-04-27,True,False,338,iOS,0,1,0.193
DEV0001767,SIM0001767,CUST001767,2024-09-08,True,False,569,Android,0,1,0.496
DEV0001768,SIM0001768,CUST001768,2021-05-27,True,False,1769,Android,1,1,0.383
DEV0001769,SIM0001769,CUST001769,2025-08-06,True,False,237,Android,0,1,0.241
DEV0001770,SIM0001770,CUST001770,2024-03-31,True,False,730,Android,0,1,0.641
DEV0001771,SIM0001771,CUST001771,2025-06-10,True,False,294,Android,0,1,0.327
DEV0001772,SIM0001772,CUST001772,2025-04-11,True,False,354,Android,1,1,0.45
DEV0001773,SIM0001773,CUST001773,2024-06-02,True,False,667,Android,1,1,0.028
DEV0001774,SIM0001774,CUST001774,2025-01-03,True,False,452,Android,0,1,0.084
DEV0001775,SIM0001775,CUST001775,2023-03-19,True,False,1108,Android,0,1,0.069
DEV0001776,SIM0001776,CUST001776,2025-01-19,True,False,436,Android,1,1,0.095
DEV0001777,SIM0001777,CUST001777,2025-10-17,True,False,165,Android,0,1,0.032
DEV0001778,SIM0001778,CUST001778,2025-12-17,True,False,104,Android,0,1,0.35
DEV0001779,SIM0001779,CUST001779,2024-10-04,True,False,543,Android,1,1,0.057
DEV0001780,SIM0001780,CUST001780,2025-11-23,True,False,128,iOS,0,1,0.15
DEV0001781,SIM0001781,CUST001781,2019-05-09,True,False,2518,Android,0,1,0.174
DEV0001782,SIM0001782,CUST001782,2025-08-27,True,False,216,Android,0,1,0.403
DEV0001783,SIM0001783,CUST001783,2025-10-02,True,False,180,Android,0,1,0.223
DEV0001784,SIM0001784,CUST001784,2024-12-31,True,False,455,Android,0,1,0.401
DEV0001785,SIM0001785,CUST001785,2025-12-29,True,False,92,Android,0,1,0.148
DEV0001786,SIM0001786,CUST001786,2023-11-01,True,False,881,iOS,0,1,0.233
DEV0001787,SIM0001787,CUST001787,2024-04-16,True,False,714,Android,0,1,0.199
DEV0001788,SIM0001788,CUST001788,2024-01-21,True,False,800,Android,0,1,0.39
DEV0001789,SIM0001789,CUST001789,2025-07-13,True,False,261,Android,0,1,0.333
DEV0001790,SIM0001790,CUST001790,2025-12-06,True,False,115,Android,0,1,0.076
DEV0001791,SIM0001791,CUST001791,2025-08-18,True,False,225,Android,0,1,0.23
DEV0001792,SIM0001792,CUST001792,2024-12-03,True,False,483,iOS,0,1,0.344
DEV0001793,SIM0001793,CUST001793,2024-10-12,True,False,535,Android,0,1,0.241
DEV0001794,SIM0001794,CUST001794,2025-06-07,True,False,297,Android,0,1,0.278
DEV0001795,SIM0001795,CUST001795,2024-03-31,True,False,730,Android,0,1,0.229
DEV0001796,SIM0001796,CUST001796,2025-10-30,True,False,152,Android,0,1,0.308
DEV0001797,SIM0001797,CUST001797,2022-01-30,True,False,1521,Android,0,1,0.295
DEV0001798,SIM0001798,CUST001798,2025-12-24,True,False,97,Android,0,1,0.417
DEV0001799,SIM0001799,CUST001799,2025-02-05,True,False,419,iOS,0,1,0.223
DEV0001800,SIM0001800,CUST001800,2025-08-17,True,False,226,iOS,1,1,0.073
DEV0001801,SIM0001801,CUST001801,2025-10-11,True,False,171,Android,0,1,0.108
DEV0001802,SIM0001802,CUST001802,2021-05-01,True,False,1795,Android,1,1,0.161
DEV0001803,SIM0001803,CUST001803,2024-09-19,True,False,558,Android,0,1,0.389
DEV0001804,SIM0001804,CUST001804,2025-05-19,True,False,316,Android,0,1,0.202
DEV0001805,SIM0001805,CUST001805,2025-07-14,True,False,260,Android,0,1,0.244
DEV0001806,SIM0001806,CUST001806,2024-10-27,True,False,520,Android,0,1,0.145
DEV0001807,SIM0001807,CUST001807,2024-06-15,True,False,654,iOS,0,1,0.065
DEV0001808,SIM0001808,CUST001808,2025-11-17,True,False,134,Android,0,1,0.369
DEV0001809,SIM0001809,CUST001809,2025-10-19,True,False,163,Android,0,1,0.281
DEV0001810,SIM0001810,CUST001810,2025-08-01,True,False,242,Android,0,1,0.32
DEV0001811,SIM0001811,CUST001811,2025-02-05,True,False,419,Android,0,1,0.224
DEV0001812,SIM0001812,CUST001812,2025-05-29,True,False,306,Android,0,1,0.19
DEV0001813,SIM0001813,CUST001813,2024-08-05,True,False,603,Android,0,1,0.039
DEV0001814,SIM0001814,CUST001814,2024-03-01,True,False,760,Android,0,1,0.218
DEV0001815,SIM0001815,CUST001815,2025-06-19,True,False,285,Android,0,1,0.255
DEV0001816,SIM0001816,CUST001816,2025-05-13,True,False,322,iOS,1,1,0.326
DEV0001817,SIM0001817,CUST001817,2025-10-02,True,False,180,Android,0,1,0.059
DEV0001818,SIM0001818,CUST001818,2024-03-16,True,False,745,iOS,1,1,0.098
DEV0001819,SIM0001819,CUST001819,2024-02-22,True,False,768,Android,0,1,0.048
DEV0001820,SIM0001820,CUST001820,2025-05-21,True,False,314,Android,0,1,0.2
DEV0001821,SIM0001821,CUST001821,2025-03-30,True,False,366,Android,0,1,0.187
DEV0001822,SIM0001822,CUST001822,2025-10-11,True,False,171,Android,0,1,0.215
DEV0001823,SIM0001823,CUST001823,2025-05-08,True,False,327,Android,0,1,0.322
DEV0001824,SIM0001824,CUST001824,2025-09-26,True,False,186,iOS,0,1,0.233
DEV0001825,SIM0001825,CUST001825,2025-11-27,True,False,124,Android,0,1,0.072
DEV0001826,SIM0001826,CUST001826,2025-10-02,True,False,180,Android,0,1,0.206
DEV0001827,SIM0001827,CUST001827,2025-11-08,True,False,143,iOS,0,1,0.173
DEV0001828,SIM0001828,CUST001828,2025-06-04,True,False,300,Android,0,1,0.1
DEV0001829,SIM0001829,CUST001829,2025-08-08,True,False,235,Android,0,1,0.2
DEV0001830,SIM0001830,CUST001830,2025-07-29,True,False,245,Android,0,1,0.176
DEV0001831,SIM0001831,CUST001831,2025-10-11,True,False,171,Android,0,1,0.224
DEV0001832,SIM0001832,CUST001832,2025-11-23,True,False,128,Android,0,1,0.02
DEV0001833,SIM0001833,CUST001833,2025-12-01,True,False,120,Android,0,1,0.219
DEV0001834,SIM0001834,CUST001834,2023-03-06,True,False,1121,iOS,0,1,0.048
DEV0001835,SIM0001835,CUST001835,2025-08-13,True,False,230,Android,0,1,0.339
DEV0001836,SIM0001836,CUST001836,2025-07-03,True,False,271,Android,0,1,0.578
DEV0001837,SIM0001837,CUST001837,2025-12-06,True,False,115,Android,0,1,0.368
DEV0001838,SIM0001838,CUST001838,2024-03-16,True,False,745,Android,0,1,0.086
DEV0001839,SIM0001839,CUST001839,2024-07-21,True,False,618,Android,0,1,0.097
DEV0001840,SIM0001840,CUST001840,2025-06-24,True,False,280,Android,0,1,0.241
DEV0001841,SIM0001841,CUST001841,2024-08-11,True,False,597,Android,0,1,0.059
DEV0001842,SIM0001842,CUST001842,2025-10-31,True,False,151,Android,0,1,0.348
DEV0001843,SIM0001843,CUST001843,2023-08-14,True,False,960,Android,0,1,0.045
DEV0001844,SIM0001844,CUST001844,2025-10-07,True,False,175,Android,0,1,0.075
DEV0001845,SIM0001845,CUST001845,2025-01-15,True,False,440,Android,0,1,0.334
DEV0001846,SIM0001846,CUST001846,2025-09-02,True,False,210,Android,0,1,0.059
DEV0001847,SIM0001847,CUST001847,2023-10-08,True,False,905,Android,0,1,0.162
DEV0001848,SIM0001848,CUST001848,2025-07-16,True,False,258,Android,0,1,0.023
DEV0001849,SIM0001849,CUST001849,2023-08-19,True,False,955,Android,1,1,0.269
DEV0001850,SIM0001850,CUST001850,2025-11-19,True,False,132,Android,0,1,0.362
DEV0001851,SIM0001851,CUST001851,2024-04-25,True,False,705,Android,0,1,0.065
DEV0001852,SIM0001852,CUST001852,2025-06-11,True,False,293,Android,0,1,0.181
DEV0001853,SIM0001853,CUST001853,2024-05-17,True,False,683,Android,0,1,0.205
DEV0001854,SIM0001854,CUST001854,2025-07-26,True,False,248,Android,1,1,0.402
DEV0001855,SIM0001855,CUST001855,2025-02-01,True,False,423,Android,0,1,0.077
DEV0001856,SIM0001856,CUST001856,2025-09-05,True,False,207,Android,0,1,0.027
DEV0001857,SIM0001857,CUST001857,2025-04-24,True,False,341,Android,0,1,0.644
DEV0001858,SIM0001858,CUST001858,2024-05-21,True,False,679,Android,0,1,0.029
DEV0001859,SIM0001859,CUST001859,2021-05-13,True,False,1783,Android,0,1,0.217
DEV0001860,SIM0001860,CUST001860,2025-04-28,True,False,337,Android,0,1,0.125
DEV0001861,SIM0001861,CUST001861,2024-07-21,True,False,618,Android,1,1,0.542
DEV0001862,SIM0001862,CUST001862,2022-12-29,True,False,1188,Android,0,1,0.046
DEV0001863,SIM0001863,CUST001863,2025-03-19,True,False,377,Android,0,1,0.246
DEV0001864,SIM0001864,CUST001864,2025-02-28,True,False,396,Android,0,1,0.11
DEV0001865,SIM0001865,CUST001865,2025-07-01,True,False,273,Android,0,1,0.302
DEV0001866,SIM0001866,CUST001866,2024-11-01,True,False,515,Android,0,1,0.195
DEV0001867,SIM0001867,CUST001867,2024-09-08,True,False,569,Android,0,1,0.333
DEV0001868,SIM0001868,CUST001868,2024-04-23,True,False,707,Android,0,1,0.16
DEV0001869,SIM0001869,CUST001869,2025-06-30,True,False,274,iOS,0,1,0.131
DEV0001870,SIM0001870,CUST001870,2025-09-26,True,False,186,iOS,0,1,0.255
DEV0001871,SIM0001871,CUST001871,2024-11-09,True,False,507,Android,2,1,0.327
DEV0001872,SIM0001872,CUST001872,2025-10-19,True,False,163,Android,0,1,0.087
DEV0001873,SIM0001873,CUST001873,2024-04-18,True,False,712,Android,0,1,0.34
DEV0001874,SIM0001874,CUST001874,2024-01-25,True,False,796,Android,0,1,0.008
DEV0001875,SIM0001875,CUST001875,2025-10-02,True,False,180,Android,0,1,0.069
DEV0001876,SIM0001876,CUST001876,2025-02-22,True,False,402,Android,0,1,0.044
DEV0001877,SIM0001877,CUST001877,2025-03-02,True,False,394,Android,0,1,0.086
DEV0001878,SIM0001878,CUST001878,2025-07-10,True,False,264,Android,0,1,0.077
DEV0001879,SIM0001879,CUST001879,2025-02-24,True,False,400,Android,2,1,0.17
DEV0001880,SIM0001880,CUST001880,2024-03-17,True,False,744,iOS,0,1,0.157
DEV0001881,SIM0001881,CUST001881,2025-03-08,True,False,388,Android,0,1,0.191
DEV0001882,SIM0001882,CUST001882,2024-08-05,True,False,603,Android,0,1,0.183
DEV0001883,SIM0001883,CUST001883,2025-05-01,True,False,334,Android,1,1,0.294
DEV0001884,SIM0001884,CUST001884,2025-08-31,True,False,212,Android,0,1,0.211
DEV0001885,SIM0001885,CUST001885,2025-05-11,True,False,324,Android,1,1,0.201
DEV0001886,SIM0001886,CUST001886,2025-05-03,True,False,332,Android,0,1,0.165
DEV0001887,SIM0001887,CUST001887,2025-06-07,True,False,297,Android,0,1,0.289
DEV0001888,SIM0001888,CUST001888,2024-10-13,True,False,534,Android,0,1,0.048
DEV0001889,SIM0001889,CUST001889,2025-12-26,True,False,95,iOS,0,1,0.173
DEV0001890,SIM0001890,CUST001890,2025-03-24,True,False,372,Android,0,1,0.271
DEV0001891,SIM0001891,CUST001891,2024-09-05,True,False,572,Android,0,1,0.083
DEV0001892,SIM0001892,CUST001892,2025-09-22,True,False,190,Android,1,1,0.132
DEV0001893,SIM0001893,CUST001893,2024-01-10,True,False,811,Android,0,1,0.027
DEV0001894,SIM0001894,CUST001894,2025-03-27,True,False,369,Android,0,1,0.088
DEV0001895,SIM0001895,CUST001895,2024-07-24,True,False,615,Android,0,1,0.128
DEV0001896,SIM0001896,CUST001896,2025-10-07,True,False,175,Android,0,1,0.281
DEV0001897,SIM0001897,CUST001897,2025-01-20,True,False,435,Android,0,1,0.088
DEV0001898,SIM0001898,CUST001898,2022-10-17,True,False,1261,Android,0,1,0.088
DEV0001899,SIM0001899,CUST001899,2025-12-29,True,False,92,Android,0,1,0.219
DEV0001900,SIM0001900,CUST001900,2024-08-17,True,False,591,Android,0,1,0.181
DEV0001901,SIM0001901,CUST001901,2024-07-12,True,False,627,Android,0,1,0.059
DEV0001902,SIM0001902,CUST001902,2024-07-18,True,False,621,Android,0,1,0.152
DEV0001903,SIM0001903,CUST001903,2022-12-30,True,False,1187,Android,0,1,0.092
DEV0001904,SIM0001904,CUST001904,2025-02-06,True,False,418,Android,0,1,0.304
DEV0001905,SIM0001905,CUST001905,2025-04-11,True,False,354,Android,0,1,0.377
DEV0001906,SIM0001906,CUST001906,2025-12-12,True,False,109,Android,0,1,0.309
DEV0001907,SIM0001907,CUST001907,2025-01-09,True,False,446,Android,0,1,0.173
DEV0001908,SIM0001908,CUST001908,2023-09-14,True,False,929,Android,1,1,0.235
DEV0001909,SIM0001909,CUST001909,2016-08-24,True,False,3506,Android,0,1,0.055
DEV0001910,SIM0001910,CUST001910,2025-02-21,True,False,403,Android,0,1,0.095
DEV0001911,SIM0001911,CUST001911,2024-04-11,True,False,719,Android,0,1,0.159
DEV0001912,SIM0001912,CUST001912,2025-09-15,True,False,197,Android,0,1,0.255
DEV0001913,SIM0001913,CUST001913,2025-03-31,True,False,365,Android,0,1,0.203
DEV0001914,SIM0001914,CUST001914,2025-09-04,True,False,208,Android,0,1,0.402
DEV0001915,SIM0001915,CUST001915,2023-10-16,True,False,897,Android,0,1,0.261
DEV0001916,SIM0001916,CUST001916,2025-08-27,True,False,216,Android,0,1,0.192
DEV0001917,SIM0001917,CUST001917,2024-11-13,True,False,503,Android,0,1,0.101
DEV0001918,SIM0001918,CUST001918,2023-10-12,True,False,901,Android,0,1,0.134
DEV0001919,SIM0001919,CUST001919,2025-11-01,True,False,150,Android,0,1,0.121
DEV0001920,SIM0001920,CUST001920,2025-11-27,True,False,124,iOS,1,1,0.322
DEV0001921,SIM0001921,CUST001921,2025-12-26,True,False,95,Android,1,1,0.37
DEV0001922,SIM0001922,CUST001922,2025-12-21,True,False,100,Android,0,1,0.228
DEV0001923,SIM0001923,CUST001923,2023-01-23,True,False,1163,Android,0,1,0.279
DEV0001924,SIM0001924,CUST001924,2024-10-15,True,False,532,Android,0,1,0.13
DEV0001925,SIM0001925,CUST001925,2025-01-05,True,False,450,Android,0,1,0.016
DEV0001926,SIM0001926,CUST001926,2025-01-07,True,False,448,Android,0,1,0.301
DEV0001927,SIM0001927,CUST001927,2025-10-11,True,False,171,Android,0,1,0.331
DEV0001928,SIM0001928,CUST001928,2024-05-31,True,False,669,Android,0,1,0.34
DEV0001929,SIM0001929,CUST001929,2025-12-09,True,False,112,Android,0,1,0.137
DEV0001930,SIM0001930,CUST001930,2025-10-09,True,False,173,Android,0,1,0.172
DEV0001931,SIM0001931,CUST001931,2025-12-21,True,False,100,Android,0,1,0.277
DEV0001932,SIM0001932,CUST001932,2024-08-22,True,False,586,Android,0,1,0.289
DEV0001933,SIM0001933,CUST001933,2025-09-29,True,False,183,Android,0,1,0.502
DEV0001934,SIM0001934,CUST001934,2025-03-06,True,False,390,Android,0,1,0.081
DEV0001935,SIM0001935,CUST001935,2025-10-06,True,False,176,Android,0,1,0.224
DEV0001936,SIM0001936,CUST001936,2024-08-18,True,False,590,Android,0,1,0.159
DEV0001937,SIM0001937,CUST001937,2025-10-16,True,False,166,Android,0,1,0.27
DEV0001938,SIM0001938,CUST001938,2025-02-15,True,False,409,Android,1,1,0.064
DEV0001939,SIM0001939,CUST001939,2025-06-25,True,False,279,Android,1,1,0.387
DEV0001940,SIM0001940,CUST001940,2025-06-10,True,False,294,Android,0,1,0.379
DEV0001941,SIM0001941,CUST001941,2025-03-01,True,False,395,Android,0,1,0.118
DEV0001942,SIM0001942,CUST001942,2022-12-11,True,False,1206,Android,0,1,0.134
DEV0001943,SIM0001943,CUST001943,2024-12-11,True,False,475,Android,0,1,0.493
DEV0001944,SIM0001944,CUST001944,2025-12-26,True,False,95,Android,0,1,0.333
DEV0001945,SIM0001945,CUST001945,2024-03-30,True,False,731,Android,0,1,0.122
DEV0001946,SIM0001946,CUST001946,2024-11-18,True,False,498,iOS,0,1,0.261
DEV0001947,SIM0001947,CUST001947,2024-11-23,True,False,493,Android,0,1,0.206
DEV0001948,SIM0001948,CUST001948,2026-01-01,True,False,89,Android,0,1,0.253
DEV0001949,SIM0001949,CUST001949,2025-07-09,True,False,265,Android,0,1,0.085
DEV0001950,SIM0001950,CUST001950,2024-09-12,True,False,565,Android,0,1,0.153
DEV0001951,SIM0001951,CUST001951,2025-07-28,True,False,246,Android,0,1,0.209
DEV0001952,SIM0001952,CUST001952,2021-01-03,True,False,1913,Android,1,1,0.155
DEV0001953,SIM0001953,CUST001953,2023-12-04,True,False,848,Android,0,1,0.325
DEV0001954,SIM0001954,CUST001954,2024-06-14,True,False,655,Android,0,1,0.252
DEV0001955,SIM0001955,CUST001955,2024-11-14,True,False,502,iOS,0,1,0.075
DEV0001956,SIM0001956,CUST001956,2025-01-13,True,False,442,Android,0,1,0.216
DEV0001957,SIM0001957,CUST001957,2024-08-30,True,False,578,Android,0,1,0.273
DEV0001958,SIM0001958,CUST001958,2025-09-20,True,False,192,Android,1,1,0.081
DEV0001959,SIM0001959,CUST001959,2025-06-12,True,False,292,Android,1,1,0.062
DEV0001960,SIM0001960,CUST001960,2025-10-11,True,False,171,Android,0,1,0.411
DEV0001961,SIM0001961,CUST001961,2024-01-24,True,False,797,Android,0,1,0.106
DEV0001962,SIM0001962,CUST001962,2022-11-21,True,False,1226,iOS,0,1,0.169
DEV0001963,SIM0001963,CUST001963,2025-08-17,True,False,226,Android,0,1,0.195
DEV0001964,SIM0001964,CUST001964,2025-03-06,True,False,390,Android,0,1,0.19
DEV0001965,SIM0001965,CUST001965,2024-07-21,True,False,618,Android,1,1,0.047
DEV0001966,SIM0001966,CUST001966,2023-08-27,True,False,947,Android,1,1,0.075
DEV0001967,SIM0001967,CUST001967,2025-07-30,True,False,244,Android,0,1,0.497
DEV0001968,SIM0001968,CUST001968,2024-12-19,True,False,467,Android,0,1,0.383
DEV0001969,SIM0001969,CUST001969,2024-04-02,True,False,728,Android,0,1,0.2
DEV0001970,SIM0001970,CUST001970,2025-05-02,True,False,333,Android,0,1,0.084
DEV0001971,SIM0001971,CUST001971,2021-02-05,True,False,1880,Android,0,1,0.002
DEV0001972,SIM0001972,CUST001972,2024-10-03,True,False,544,Android,1,1,0.193
DEV0001973,SIM0001973,CUST001973,2023-07-02,True,False,1003,Android,0,1,0.032
DEV0001974,SIM0001974,CUST001974,2024-12-17,True,False,469,Android,0,1,0.151
DEV0001975,SIM0001975,CUST001975,2024-12-17,True,False,469,Android,0,1,0.114
DEV0001976,SIM0001976,CUST001976,2025-07-17,True,False,257,iOS,0,1,0.076
DEV0001977,SIM0001977,CUST001977,2025-06-06,True,False,298,Android,1,1,0.206
DEV0001978,SIM0001978,CUST001978,2024-10-24,True,False,523,Android,0,1,0.047
DEV0001979,SIM0001979,CUST001979,2023-07-19,True,False,986,Android,1,1,0.016
DEV0001980,SIM0001980,CUST001980,2025-04-27,True,False,338,Android,0,1,0.526
DEV0001981,SIM0001981,CUST001981,2025-11-26,True,False,125,Android,0,1,0.097
DEV0001982,SIM0001982,CUST001982,2025-03-01,True,False,395,Android,1,1,0.234
DEV0001983,SIM0001983,CUST001983,2024-11-15,True,False,501,Android,0,1,0.068
DEV0001984,SIM0001984,CUST001984,2025-07-14,True,False,260,Android,0,1,0.109
DEV0001985,SIM0001985,CUST001985,2025-03-18,True,False,378,Android,0,1,0.189
DEV0001986,SIM0001986,CUST001986,2023-09-12,True,False,931,Android,0,1,0.118
DEV0001987,SIM0001987,CUST001987,2022-11-18,True,False,1229,iOS,0,1,0.333
DEV0001988,SIM0001988,CUST001988,2025-09-30,True,False,182,Android,0,1,0.229
DEV0001989,SIM0001989,CUST001989,2025-11-14,True,False,137,Android,2,1,0.015
DEV0001990,SIM0001990,CUST001990,2025-01-06,True,False,449,iOS,0,1,0.152
DEV0001991,SIM0001991,CUST001991,2025-02-04,True,False,420,Android,0,1,0.125
DEV0001992,SIM0001992,CUST001992,2025-02-19,True,False,405,Android,0,1,0.117
DEV0001993,SIM0001993,CUST001993,2024-12-22,True,False,464,Android,1,1,0.131
DEV0001994,SIM0001994,CUST001994,2025-06-06,True,False,298,Android,0,1,0.226
DEV0001995,SIM0001995,CUST001995,2023-07-06,True,False,999,Android,0,1,0.217
DEV0001996,SIM0001996,CUST001996,2025-12-22,True,False,99,iOS,0,1,0.044
DEV0001997,SIM0001997,CUST001997,2025-09-11,True,False,201,Android,0,1,0.266
DEV0001998,SIM0001998,CUST001998,2024-09-14,True,False,563,Android,0,1,0.605
DEV0001999,SIM0001999,CUST001999,2025-10-05,True,False,177,Android,0,1,0.228
DEV0002000,SIM0002000,CUST002000,2024-02-16,True,False,774,Android,0,1,0.278
DEV0002001,SIM0002001,CUST002001,2025-10-15,True,False,167,Android,2,1,0.366
DEV0002002,SIM0002002,CUST002002,2023-11-28,True,False,854,Android,0,1,0.166
DEV0002003,SIM0002003,CUST002003,2025-09-29,True,False,183,iOS,0,1,0.197
DEV0002004,SIM0002004,CUST002004,2025-11-30,True,False,121,iOS,0,1,0.049
DEV0002005,SIM0002005,CUST002005,2025-06-16,True,False,288,Android,0,1,0.067
DEV0002006,SIM0002006,CUST002006,2025-03-25,True,False,371,Android,0,1,0.133
DEV0002007,SIM0002007,CUST002007,2023-04-08,True,False,1088,Android,0,1,0.162
DEV0002008,SIM0002008,CUST002008,2025-11-22,True,False,129,Android,0,1,0.135
DEV0002009,SIM0002009,CUST002009,2025-11-13,True,False,138,Android,1,1,0.147
DEV0002010,SIM0002010,CUST002010,2025-11-04,True,False,147,Android,0,1,0.331
DEV0002011,SIM0002011,CUST002011,2025-09-21,True,False,191,Android,0,1,0.186
DEV0002012,SIM0002012,CUST002012,2025-11-21,True,False,130,Android,0,1,0.084
DEV0002013,SIM0002013,CUST002013,2025-07-18,True,False,256,Android,0,1,0.121
DEV0002014,SIM0002014,CUST002014,2025-10-25,True,False,157,Android,0,1,0.081
DEV0002015,SIM0002015,CUST002015,2025-01-30,True,False,425,Android,0,1,0.177
DEV0002016,SIM0002016,CUST002016,2023-08-17,True,False,957,Android,0,1,0.06
DEV0002017,SIM0002017,CUST002017,2024-08-20,True,False,588,Android,1,1,0.434
DEV0002018,SIM0002018,CUST002018,2025-08-13,True,False,230,Android,0,1,0.034
DEV0002019,SIM0002019,CUST002019,2024-03-24,True,False,737,Android,0,1,0.197
DEV0002020,SIM0002020,CUST002020,2025-01-23,True,False,432,Android,0,1,0.055
DEV0002021,SIM0002021,CUST002021,2025-10-29,True,False,153,Android,0,1,0.068
DEV0002022,SIM0002022,CUST002022,2025-09-19,True,False,193,Android,0,1,0.154
DEV0002023,SIM0002023,CUST002023,2025-02-04,True,False,420,Android,0,1,0.2
DEV0002024,SIM0002024,CUST002024,2024-11-06,True,False,510,Android,0,1,0.294
DEV0002025,SIM0002025,CUST002025,2025-10-02,True,False,180,Android,0,1,0.081
DEV0002026,SIM0002026,CUST002026,2025-01-12,True,False,443,Android,0,1,0.104
DEV0002027,SIM0002027,CUST002027,2025-12-03,True,False,118,Android,0,1,0.185
DEV0002028,SIM0002028,CUST002028,2025-09-10,True,False,202,Android,0,1,0.185
DEV0002029,SIM0002029,CUST002029,2025-06-06,True,False,298,Android,0,1,0.165
DEV0002030,SIM0002030,CUST002030,2023-09-09,True,False,934,Android,0,1,0.377
DEV0002031,SIM0002031,CUST002031,2025-07-27,True,False,247,Android,1,1,0.151
DEV0002032,SIM0002032,CUST002032,2025-08-27,True,False,216,Android,0,1,0.283
DEV0002033,SIM0002033,CUST002033,2024-10-04,True,False,543,Android,1,1,0.159
DEV0002034,SIM0002034,CUST002034,2024-03-08,True,False,753,iOS,0,1,0.179
DEV0002035,SIM0002035,CUST002035,2024-04-15,True,False,715,Android,1,1,0.042
DEV0002036,SIM0002036,CUST002036,2024-08-12,True,False,596,Android,0,1,0.329
DEV0002037,SIM0002037,CUST002037,2024-01-12,True,False,809,Android,2,1,0.286
DEV0002038,SIM0002038,CUST002038,2025-07-24,True,False,250,Android,1,1,0.224
DEV0002039,SIM0002039,CUST002039,2022-12-18,True,False,1199,iOS,0,1,0.252
DEV0002040,SIM0002040,CUST002040,2025-12-31,True,False,90,Android,0,1,0.35
DEV0002041,SIM0002041,CUST002041,2025-06-17,True,False,287,Android,1,1,0.229
DEV0002042,SIM0002042,CUST002042,2020-07-05,True,False,2095,Android,2,1,0.273
DEV0002043,SIM0002043,CUST002043,2024-09-03,True,False,574,Android,0,1,0.034
DEV0002044,SIM0002044,CUST002044,2023-10-22,True,False,891,Android,0,1,0.259
DEV0002045,SIM0002045,CUST002045,2025-11-16,True,False,135,Android,0,1,0.136
DEV0002046,SIM0002046,CUST002046,2025-02-01,True,False,423,Android,0,1,0.226
DEV0002047,SIM0002047,CUST002047,2025-07-11,True,False,263,Android,1,1,0.3
DEV0002048,SIM0002048,CUST002048,2025-11-11,True,False,140,Android,0,1,0.275
DEV0002049,SIM0002049,CUST002049,2022-05-05,True,False,1426,Android,0,1,0.053
DEV0002050,SIM0002050,CUST002050,2024-05-09,True,False,691,Android,0,1,0.206
DEV0002051,SIM0002051,CUST002051,2025-01-27,True,False,428,Android,0,1,0.5
DEV0002052,SIM0002052,CUST002052,2024-09-20,True,False,557,Android,2,1,0.182
DEV0002053,SIM0002053,CUST002053,2024-11-13,True,False,503,Android,0,1,0.044
DEV0002054,SIM0002054,CUST002054,2025-04-21,True,False,344,Android,0,1,0.415
DEV0002055,SIM0002055,CUST002055,2025-08-13,True,False,230,Android,0,1,0.207
DEV0002056,SIM0002056,CUST002056,2025-03-25,True,False,371,Android,1,1,0.113
DEV0002057,SIM0002057,CUST002057,2023-05-25,True,False,1041,Android,0,1,0.035
DEV0002058,SIM0002058,CUST002058,2022-10-31,True,False,1247,iOS,1,1,0.352
DEV0002059,SIM0002059,CUST002059,2024-04-26,True,False,704,Android,0,1,0.397
DEV0002060,SIM0002060,CUST002060,2025-02-02,True,False,422,Android,0,1,0.259
DEV0002061,SIM0002061,CUST002061,2025-02-23,True,False,401,Android,0,1,0.152
DEV0002062,SIM0002062,CUST002062,2025-04-18,True,False,347,Android,0,1,0.231
DEV0002063,SIM0002063,CUST002063,2025-02-04,True,False,420,Android,0,1,0.02
DEV0002064,SIM0002064,CUST002064,2025-08-05,True,False,238,Android,0,1,0.167
DEV0002065,SIM0002065,CUST002065,2020-05-22,True,False,2139,Android,0,1,0.283
DEV0002066,SIM0002066,CUST002066,2024-05-09,True,False,691,Android,0,1,0.152
DEV0002067,SIM0002067,CUST002067,2024-09-21,True,False,556,iOS,0,1,0.231
DEV0002068,SIM0002068,CUST002068,2025-11-06,True,False,145,Android,0,1,0.274
DEV0002069,SIM0002069,CUST002069,2024-08-18,True,False,590,Android,0,1,0.201
DEV0002070,SIM0002070,CUST002070,2025-08-10,True,False,233,Android,0,1,0.046
DEV0002071,SIM0002071,CUST002071,2025-07-20,True,False,254,Android,0,1,0.16
DEV0002072,SIM0002072,CUST002072,2024-07-17,True,False,622,iOS,0,1,0.174
DEV0002073,SIM0002073,CUST002073,2022-08-03,True,False,1336,Android,0,1,0.072
DEV0002074,SIM0002074,CUST002074,2023-02-15,True,False,1140,Android,0,1,0.12
DEV0002075,SIM0002075,CUST002075,2025-08-17,True,False,226,Android,0,1,0.096
DEV0002076,SIM0002076,CUST002076,2020-08-08,True,False,2061,Android,1,1,0.131
DEV0002077,SIM0002077,CUST002077,2025-09-04,True,False,208,iOS,0,1,0.103
DEV0002078,SIM0002078,CUST002078,2025-06-01,True,False,303,Android,0,1,0.085
DEV0002079,SIM0002079,CUST002079,2025-07-02,True,False,272,Android,0,1,0.12
DEV0002080,SIM0002080,CUST002080,2025-10-07,True,False,175,Android,0,1,0.016
DEV0002081,SIM0002081,CUST002081,2025-10-05,True,False,177,Android,0,1,0.09
DEV0002082,SIM0002082,CUST002082,2024-07-02,True,False,637,Android,0,1,0.089
DEV0002083,SIM0002083,CUST002083,2026-01-01,True,False,89,Android,0,1,0.12
DEV0002084,SIM0002084,CUST002084,2025-07-07,True,False,267,iOS,0,1,0.042
DEV0002085,SIM0002085,CUST002085,2025-12-09,True,False,112,Android,0,1,0.23
DEV0002086,SIM0002086,CUST002086,2023-11-14,True,False,868,Android,0,1,0.253
DEV0002087,SIM0002087,CUST002087,2025-01-12,True,False,443,Android,0,1,0.291
DEV0002088,SIM0002088,CUST002088,2025-10-26,True,False,156,Android,0,1,0.298
DEV0002089,SIM0002089,CUST002089,2025-10-01,True,False,181,Android,0,1,0.107
DEV0002090,SIM0002090,CUST002090,2025-10-18,True,False,164,iOS,0,1,0.608
DEV0002091,SIM0002091,CUST002091,2022-09-13,True,False,1295,Android,0,1,0.226
DEV0002092,SIM0002092,CUST002092,2025-10-05,True,False,177,Android,1,1,0.039
DEV0002093,SIM0002093,CUST002093,2024-05-08,True,False,692,Android,0,1,0.058
DEV0002094,SIM0002094,CUST002094,2025-09-11,True,False,201,Android,0,1,0.163
DEV0002095,SIM0002095,CUST002095,2025-08-17,True,False,226,Android,0,1,0.018
DEV0002096,SIM0002096,CUST002096,2024-09-13,True,False,564,iOS,0,1,0.265
DEV0002097,SIM0002097,CUST002097,2025-11-23,True,False,128,Android,0,1,0.314
DEV0002098,SIM0002098,CUST002098,2023-12-13,True,False,839,Android,0,1,0.161
DEV0002099,SIM0002099,CUST002099,2025-09-22,True,False,190,Android,0,1,0.087
DEV0002100,SIM0002100,CUST002100,2025-07-18,True,False,256,Android,0,1,0.168
DEV0002101,SIM0002101,CUST002101,2025-05-26,True,False,309,Android,0,1,0.104
DEV0002102,SIM0002102,CUST002102,2025-06-23,True,False,281,Android,0,1,0.14
DEV0002103,SIM0002103,CUST002103,2025-11-22,True,False,129,Android,0,1,0.25
DEV0002104,SIM0002104,CUST002104,2025-08-11,True,False,232,Android,1,1,0.365
DEV0002105,SIM0002105,CUST002105,2025-09-27,True,False,185,Android,0,1,0.236
DEV0002106,SIM0002106,CUST002106,2023-09-30,True,False,913,Android,0,1,0.246
DEV0002107,SIM0002107,CUST002107,2024-01-10,True,False,811,Android,1,1,0.19
DEV0002108,SIM0002108,CUST002108,2025-11-17,True,False,134,Android,0,1,0.32
DEV0002109,SIM0002109,CUST002109,2024-12-17,True,False,469,iOS,0,1,0.165
DEV0002110,SIM0002110,CUST002110,2024-11-06,True,False,510,iOS,0,1,0.095
DEV0002111,SIM0002111,CUST002111,2025-10-26,True,False,156,Android,0,1,0.67
DEV0002112,SIM0002112,CUST002112,2024-02-25,True,False,765,Android,0,1,0.227
DEV0002113,SIM0002113,CUST002113,2019-10-21,True,False,2353,Android,0,1,0.078
DEV0002114,SIM0002114,CUST002114,2025-11-18,True,False,133,Android,0,1,0.436
DEV0002115,SIM0002115,CUST002115,2025-10-22,True,False,160,Android,1,1,0.03
DEV0002116,SIM0002116,CUST002116,2024-11-04,True,False,512,Android,0,1,0.258
DEV0002117,SIM0002117,CUST002117,2025-06-09,True,False,295,Android,0,1,0.328
DEV0002118,SIM0002118,CUST002118,2024-12-29,True,False,457,Android,0,1,0.206
DEV0002119,SIM0002119,CUST002119,2025-10-13,True,False,169,iOS,0,1,0.203
DEV0002120,SIM0002120,CUST002120,2025-04-12,True,False,353,Android,0,1,0.367
DEV0002121,SIM0002121,CUST002121,2025-04-08,True,False,357,Android,0,1,0.133
DEV0002122,SIM0002122,CUST002122,2025-07-14,True,False,260,Android,0,1,0.103
DEV0002123,SIM0002123,CUST002123,2022-10-14,True,False,1264,iOS,0,1,0.097
DEV0002124,SIM0002124,CUST002124,2025-06-14,True,False,290,iOS,0,1,0.341
DEV0002125,SIM0002125,CUST002125,2023-10-11,True,False,902,Android,0,1,0.176
DEV0002126,SIM0002126,CUST002126,2024-08-13,True,False,595,Android,0,1,0.205
DEV0002127,SIM0002127,CUST002127,2024-12-12,True,False,474,Android,0,1,0.109
DEV0002128,SIM0002128,CUST002128,2025-11-27,True,False,124,Android,0,1,0.12
DEV0002129,SIM0002129,CUST002129,2024-08-14,True,False,594,Android,1,1,0.306
DEV0002130,SIM0002130,CUST002130,2024-09-29,True,False,548,Android,0,1,0.447
DEV0002131,SIM0002131,CUST002131,2024-07-13,True,False,626,Android,0,1,0.204
DEV0002132,SIM0002132,CUST002132,2025-04-05,True,False,360,Android,0,1,0.102
DEV0002133,SIM0002133,CUST002133,2024-12-10,True,False,476,Android,0,1,0.073
DEV0002134,SIM0002134,CUST002134,2024-04-18,True,False,712,Android,2,1,0.101
DEV0002135,SIM0002135,CUST002135,2024-01-16,True,False,805,Android,0,1,0.165
DEV0002136,SIM0002136,CUST002136,2025-09-25,True,False,187,Android,0,1,0.152
DEV0002137,SIM0002137,CUST002137,2025-10-08,True,False,174,Android,0,1,0.102
DEV0002138,SIM0002138,CUST002138,2025-03-15,True,False,381,Android,0,1,0.091
DEV0002139,SIM0002139,CUST002139,2025-03-08,True,False,388,Android,0,1,0.534
DEV0002140,SIM0002140,CUST002140,2024-11-09,True,False,507,Android,0,1,0.141
DEV0002141,SIM0002141,CUST002141,2025-06-19,True,False,285,Android,0,1,0.089
DEV0002142,SIM0002142,CUST002142,2025-07-05,True,False,269,Android,0,1,0.072
DEV0002143,SIM0002143,CUST002143,2025-11-01,True,False,150,Android,0,1,0.254
DEV0002144,SIM0002144,CUST002144,2023-08-29,True,False,945,Android,0,1,0.203
DEV0002145,SIM0002145,CUST002145,2023-06-01,True,False,1034,iOS,0,1,0.066
DEV0002146,SIM0002146,CUST002146,2025-03-12,True,False,384,iOS,0,1,0.069
DEV0002147,SIM0002147,CUST002147,2025-01-12,True,False,443,iOS,1,1,0.089
DEV0002148,SIM0002148,CUST002148,2025-01-26,True,False,429,Android,0,1,0.332
DEV0002149,SIM0002149,CUST002149,2024-11-26,True,False,490,Android,0,1,0.266
DEV0002150,SIM0002150,CUST002150,2023-07-07,True,False,998,Android,0,1,0.073
DEV0002151,SIM0002151,CUST002151,2025-05-10,True,False,325,Android,0,1,0.154
DEV0002152,SIM0002152,CUST002152,2024-03-02,True,False,759,Android,0,1,0.173
DEV0002153,SIM0002153,CUST002153,2025-11-24,True,False,127,Android,0,1,0.069
DEV0002154,SIM0002154,CUST002154,2024-07-06,True,False,633,Android,0,1,0.201
DEV0002155,SIM0002155,CUST002155,2024-12-19,True,False,467,Android,0,1,0.147
DEV0002156,SIM0002156,CUST002156,2023-01-02,True,False,1184,Android,0,1,0.176
DEV0002157,SIM0002157,CUST002157,2023-07-05,True,False,1000,Android,0,1,0.269
DEV0002158,SIM0002158,CUST002158,2025-12-16,True,False,105,Android,0,1,0.064
DEV0002159,SIM0002159,CUST002159,2024-07-20,True,False,619,Android,0,1,0.094
DEV0002160,SIM0002160,CUST002160,2025-12-06,True,False,115,iOS,0,1,0.086
DEV0002161,SIM0002161,CUST002161,2025-09-10,True,False,202,Android,0,1,0.141
DEV0002162,SIM0002162,CUST002162,2025-07-04,True,False,270,Android,0,1,0.088
DEV0002163,SIM0002163,CUST002163,2022-07-11,True,False,1359,Android,0,1,0.132
DEV0002164,SIM0002164,CUST002164,2025-10-22,True,False,160,Android,0,1,0.186
DEV0002165,SIM0002165,CUST002165,2024-01-30,True,False,791,Android,0,1,0.138
DEV0002166,SIM0002166,CUST002166,2025-08-15,True,False,228,iOS,0,1,0.168
DEV0002167,SIM0002167,CUST002167,2025-11-21,True,False,130,Android,0,1,0.078
DEV0002168,SIM0002168,CUST002168,2025-08-15,True,False,228,Android,0,1,0.2
DEV0002169,SIM0002169,CUST002169,2025-06-26,True,False,278,Android,0,1,0.183
DEV0002170,SIM0002170,CUST002170,2024-03-02,True,False,759,Android,1,1,0.084
DEV0002171,SIM0002171,CUST002171,2023-01-17,True,False,1169,Android,0,1,0.179
DEV0002172,SIM0002172,CUST002172,2025-08-01,True,False,242,Android,0,1,0.122
DEV0002173,SIM0002173,CUST002173,2024-04-19,True,False,711,Android,0,1,0.265
DEV0002174,SIM0002174,CUST002174,2025-03-17,True,False,379,Android,0,1,0.145
DEV0002175,SIM0002175,CUST002175,2025-03-22,True,False,374,Android,0,1,0.461
DEV0002176,SIM0002176,CUST002176,2025-01-28,True,False,427,Android,0,1,0.338
DEV0002177,SIM0002177,CUST002177,2025-04-23,True,False,342,Android,0,1,0.457
DEV0002178,SIM0002178,CUST002178,2023-07-16,True,False,989,Android,0,1,0.068
DEV0002179,SIM0002179,CUST002179,2024-12-15,True,False,471,Android,0,1,0.144
DEV0002180,SIM0002180,CUST002180,2024-07-13,True,False,626,Android,0,1,0.32
DEV0002181,SIM0002181,CUST002181,2024-04-09,True,False,721,Android,0,1,0.399
DEV0002182,SIM0002182,CUST002182,2022-06-01,True,False,1399,Android,0,1,0.278
DEV0002183,SIM0002183,CUST002183,2024-01-20,True,False,801,Android,0,1,0.132
DEV0002184,SIM0002184,CUST002184,2024-08-01,True,False,607,Android,0,1,0.078
DEV0002185,SIM0002185,CUST002185,2024-11-06,True,False,510,Android,0,1,0.142
DEV0002186,SIM0002186,CUST002186,2025-09-23,True,False,189,Android,0,1,0.151
DEV0002187,SIM0002187,CUST002187,2025-06-04,True,False,300,Android,1,1,0.22
DEV0002188,SIM0002188,CUST002188,2021-02-19,True,False,1866,Android,0,1,0.089
DEV0002189,SIM0002189,CUST002189,2023-12-07,True,False,845,Android,0,1,0.075
DEV0002190,SIM0002190,CUST002190,2025-03-26,True,False,370,Android,1,1,0.26
DEV0002191,SIM0002191,CUST002191,2024-09-11,True,False,566,Android,0,1,0.175
DEV0002192,SIM0002192,CUST002192,2023-07-02,True,False,1003,Android,0,1,0.06
DEV0002193,SIM0002193,CUST002193,2025-12-31,True,False,90,Android,0,1,0.19
DEV0002194,SIM0002194,CUST002194,2021-12-13,True,False,1569,Android,0,1,0.35
DEV0002195,SIM0002195,CUST002195,2025-07-12,True,False,262,Android,0,1,0.118
DEV0002196,SIM0002196,CUST002196,2025-11-21,True,False,130,Android,0,1,0.296
DEV0002197,SIM0002197,CUST002197,2025-03-18,True,False,378,Android,1,1,0.072
DEV0002198,SIM0002198,CUST002198,2024-12-08,True,False,478,Android,0,1,0.293
DEV0002199,SIM0002199,CUST002199,2025-12-20,True,False,101,Android,0,1,0.068
DEV0002200,SIM0002200,CUST002200,2025-01-30,True,False,425,Android,1,1,0.085
DEV0002201,SIM0002201,CUST002201,2024-05-22,True,False,678,Android,0,1,0.045
DEV0002202,SIM0002202,CUST002202,2025-11-30,True,False,121,Android,0,1,0.086
DEV0002203,SIM0002203,CUST002203,2025-05-24,True,False,311,Android,0,1,0.147
DEV0002204,SIM0002204,CUST002204,2024-03-08,True,False,753,Android,0,1,0.045
DEV0002205,SIM0002205,CUST002205,2025-08-01,True,False,242,Android,1,1,0.317
DEV0002206,SIM0002206,CUST002206,2025-09-10,True,False,202,Android,0,1,0.301
DEV0002207,SIM0002207,CUST002207,2025-06-17,True,False,287,Android,1,1,0.378
DEV0002208,SIM0002208,CUST002208,2024-08-12,True,False,596,Android,0,1,0.024
DEV0002209,SIM0002209,CUST002209,2023-09-23,True,False,920,Android,0,1,0.117
DEV0002210,SIM0002210,CUST002210,2025-12-07,True,False,114,Android,0,1,0.141
DEV0002211,SIM0002211,CUST002211,2025-03-31,True,False,365,Android,1,1,0.24
DEV0002212,SIM0002212,CUST002212,2024-12-17,True,False,469,Android,0,1,0.073
DEV0002213,SIM0002213,CUST002213,2024-07-22,True,False,617,Android,0,1,0.188
DEV0002214,SIM0002214,CUST002214,2025-05-11,True,False,324,Android,0,1,0.027
DEV0002215,SIM0002215,CUST002215,2024-11-01,True,False,515,Android,0,1,0.01
DEV0002216,SIM0002216,CUST002216,2024-03-18,True,False,743,Android,0,1,0.221
DEV0002217,SIM0002217,CUST002217,2025-10-02,True,False,180,Android,0,1,0.33
DEV0002218,SIM0002218,CUST002218,2022-04-24,True,False,1437,Android,0,1,0.344
DEV0002219,SIM0002219,CUST002219,2024-12-08,True,False,478,Android,0,1,0.117
DEV0002220,SIM0002220,CUST002220,2023-09-11,True,False,932,Android,1,1,0.385
DEV0002221,SIM0002221,CUST002221,2025-12-05,True,False,116,Android,0,1,0.076
DEV0002222,SIM0002222,CUST002222,2025-11-16,True,False,135,Android,0,1,0.07
DEV0002223,SIM0002223,CUST002223,2025-03-01,True,False,395,Android,0,1,0.403
DEV0002224,SIM0002224,CUST002224,2020-12-19,True,False,1928,Android,1,1,0.175
DEV0002225,SIM0002225,CUST002225,2025-06-07,True,False,297,Android,0,1,0.183
DEV0002226,SIM0002226,CUST002226,2023-07-09,True,False,996,iOS,0,1,0.348
DEV0002227,SIM0002227,CUST002227,2021-07-29,True,False,1706,Android,0,1,0.105
DEV0002228,SIM0002228,CUST002228,2022-10-17,True,False,1261,Android,1,1,0.062
DEV0002229,SIM0002229,CUST002229,2025-04-27,True,False,338,Android,1,1,0.106
DEV0002230,SIM0002230,CUST002230,2024-05-08,True,False,692,Android,0,1,0.267
DEV0002231,SIM0002231,CUST002231,2024-09-20,True,False,557,Android,1,1,0.346
DEV0002232,SIM0002232,CUST002232,2023-10-15,True,False,898,iOS,0,1,0.377
DEV0002233,SIM0002233,CUST002233,2025-04-15,True,False,350,Android,1,1,0.198
DEV0002234,SIM0002234,CUST002234,2023-03-25,True,False,1102,Android,0,1,0.148
DEV0002235,SIM0002235,CUST002235,2025-11-02,True,False,149,Android,0,1,0.079
DEV0002236,SIM0002236,CUST002236,2024-07-13,True,False,626,Android,1,1,0.217
DEV0002237,SIM0002237,CUST002237,2025-10-12,True,False,170,Android,0,1,0.159
DEV0002238,SIM0002238,CUST002238,2024-11-15,True,False,501,Android,0,1,0.333
DEV0002239,SIM0002239,CUST002239,2025-03-15,True,False,381,Android,1,1,0.121
DEV0002240,SIM0002240,CUST002240,2024-04-12,True,False,718,Android,0,1,0.028
DEV0002241,SIM0002241,CUST002241,2023-03-22,True,False,1105,iOS,0,1,0.116
DEV0002242,SIM0002242,CUST002242,2024-11-18,True,False,498,Android,0,1,0.28
DEV0002243,SIM0002243,CUST002243,2024-04-29,True,False,701,Android,0,1,0.199
DEV0002244,SIM0002244,CUST002244,2025-12-21,True,False,100,Android,0,1,0.142
DEV0002245,SIM0002245,CUST002245,2024-11-05,True,False,511,Android,0,1,0.139
DEV0002246,SIM0002246,CUST002246,2025-09-19,True,False,193,Android,1,1,0.254
DEV0002247,SIM0002247,CUST002247,2025-07-27,True,False,247,Android,0,1,0.215
DEV0002248,SIM0002248,CUST002248,2025-12-01,True,False,120,Android,0,1,0.047
DEV0002249,SIM0002249,CUST002249,2024-08-17,True,False,591,Android,0,1,0.278
DEV0002250,SIM0002250,CUST002250,2025-12-19,True,False,102,Android,0,1,0.154
DEV0002251,SIM0002251,CUST002251,2024-11-25,True,False,491,Android,0,1,0.097
DEV0002252,SIM0002252,CUST002252,2025-05-03,True,False,332,Android,0,1,0.052
DEV0002253,SIM0002253,CUST002253,2025-07-16,True,False,258,Android,0,1,0.132
DEV0002254,SIM0002254,CUST002254,2025-08-10,True,False,233,Android,0,1,0.06
DEV0002255,SIM0002255,CUST002255,2022-01-13,True,False,1538,Android,0,1,0.088
DEV0002256,SIM0002256,CUST002256,2025-03-19,True,False,377,Android,0,1,0.135
DEV0002257,SIM0002257,CUST002257,2024-09-30,True,False,547,Android,1,1,0.121
DEV0002258,SIM0002258,CUST002258,2024-08-30,True,False,578,Android,0,1,0.088
DEV0002259,SIM0002259,CUST002259,2025-08-22,True,False,221,Android,0,1,0.153
DEV0002260,SIM0002260,CUST002260,2025-11-09,True,False,142,Android,1,1,0.149
DEV0002261,SIM0002261,CUST002261,2025-05-30,True,False,305,Android,0,1,0.221
DEV0002262,SIM0002262,CUST002262,2025-08-18,True,False,225,Android,0,1,0.112
DEV0002263,SIM0002263,CUST002263,2025-10-11,True,False,171,Android,1,1,0.28
DEV0002264,SIM0002264,CUST002264,2025-02-24,True,False,400,Android,0,1,0.18
DEV0002265,SIM0002265,CUST002265,2024-10-03,True,False,544,Android,0,1,0.546
DEV0002266,SIM0002266,CUST002266,2024-10-17,True,False,530,iOS,0,1,0.198
DEV0002267,SIM0002267,CUST002267,2024-07-14,True,False,625,Android,1,1,0.228
DEV0002268,SIM0002268,CUST002268,2024-08-03,True,False,605,Android,0,1,0.215
DEV0002269,SIM0002269,CUST002269,2025-10-19,True,False,163,Android,0,1,0.16
DEV0002270,SIM0002270,CUST002270,2025-08-20,True,False,223,Android,0,1,0.101
DEV0002271,SIM0002271,CUST002271,2025-05-22,True,False,313,Android,1,1,0.091
DEV0002272,SIM0002272,CUST002272,2025-09-12,True,False,200,Android,0,1,0.095
DEV0002273,SIM0002273,CUST002273,2025-08-01,True,False,242,Android,2,1,0.034
DEV0002274,SIM0002274,CUST002274,2025-09-30,True,False,182,Android,0,1,0.016
DEV0002275,SIM0002275,CUST002275,2024-12-24,True,False,462,Android,0,1,0.112
DEV0002276,SIM0002276,CUST002276,2024-02-21,True,False,769,iOS,0,1,0.409
DEV0002277,SIM0002277,CUST002277,2025-07-08,True,False,266,Android,0,1,0.298
DEV0002278,SIM0002278,CUST002278,2025-05-23,True,False,312,iOS,0,1,0.175
DEV0002279,SIM0002279,CUST002279,2020-11-30,True,False,1947,Android,1,1,0.294
DEV0002280,SIM0002280,CUST002280,2024-07-02,True,False,637,Android,0,1,0.279
DEV0002281,SIM0002281,CUST002281,2022-11-16,True,False,1231,Android,0,1,0.1
DEV0002282,SIM0002282,CUST002282,2025-11-28,True,False,123,Android,0,1,0.172
DEV0002283,SIM0002283,CUST002283,2025-09-15,True,False,197,Android,1,1,0.218
DEV0002284,SIM0002284,CUST002284,2025-04-14,True,False,351,Android,0,1,0.098
DEV0002285,SIM0002285,CUST002285,2025-07-11,True,False,263,Android,0,1,0.198
DEV0002286,SIM0002286,CUST002286,2025-11-18,True,False,133,Android,0,1,0.144
DEV0002287,SIM0002287,CUST002287,2025-06-15,True,False,289,Android,0,1,0.359
DEV0002288,SIM0002288,CUST002288,2024-12-21,True,False,465,Android,0,1,0.371
DEV0002289,SIM0002289,CUST002289,2025-07-02,True,False,272,Android,0,1,0.244
DEV0002290,SIM0002290,CUST002290,2025-01-27,True,False,428,iOS,0,1,0.078
DEV0002291,SIM0002291,CUST002291,2024-12-13,True,False,473,Android,0,1,0.415
DEV0002292,SIM0002292,CUST002292,2025-05-23,True,False,312,Android,0,1,0.073
DEV0002293,SIM0002293,CUST002293,2025-07-29,True,False,245,Android,0,1,0.13
DEV0002294,SIM0002294,CUST002294,2023-12-24,True,False,828,Android,0,1,0.281
DEV0002295,SIM0002295,CUST002295,2025-02-26,True,False,398,Android,0,1,0.17
DEV0002296,SIM0002296,CUST002296,2025-04-29,True,False,336,Android,0,1,0.187
DEV0002297,SIM0002297,CUST002297,2024-08-26,True,False,582,Android,0,1,0.173
DEV0002298,SIM0002298,CUST002298,2024-07-30,True,False,609,Android,0,1,0.239
DEV0002299,SIM0002299,CUST002299,2025-04-21,True,False,344,Android,0,1,0.188
DEV0002300,SIM0002300,CUST002300,2025-01-21,True,False,434,Android,1,1,0.16
DEV0002301,SIM0002301,CUST002301,2025-03-09,True,False,387,iOS,0,1,0.161
DEV0002302,SIM0002302,CUST002302,2024-08-17,True,False,591,iOS,1,1,0.064
DEV0002303,SIM0002303,CUST002303,2025-03-24,True,False,372,Android,0,1,0.069
DEV0002304,SIM0002304,CUST002304,2025-04-26,True,False,339,Android,0,1,0.277
DEV0002305,SIM0002305,CUST002305,2023-12-19,True,False,833,Android,0,1,0.27
DEV0002306,SIM0002306,CUST002306,2025-11-06,True,False,145,Android,0,1,0.052
DEV0002307,SIM0002307,CUST002307,2025-10-03,True,False,179,iOS,0,1,0.049
DEV0002308,SIM0002308,CUST002308,2023-10-12,True,False,901,Android,0,1,0.134
DEV0002309,SIM0002309,CUST002309,2024-10-01,True,False,546,Android,1,1,0.221
DEV0002310,SIM0002310,CUST002310,2025-06-29,True,False,275,Android,0,1,0.199
DEV0002311,SIM0002311,CUST002311,2025-11-03,True,False,148,Android,0,1,0.049
DEV0002312,SIM0002312,CUST002312,2025-05-30,True,False,305,Android,0,1,0.147
DEV0002313,SIM0002313,CUST002313,2025-05-26,True,False,309,Android,0,1,0.121
DEV0002314,SIM0002314,CUST002314,2024-06-04,True,False,665,Android,0,1,0.148
DEV0002315,SIM0002315,CUST002315,2025-04-03,True,False,362,Android,0,1,0.216
DEV0002316,SIM0002316,CUST002316,2023-09-25,True,False,918,Android,0,1,0.438
DEV0002317,SIM0002317,CUST002317,2025-12-11,True,False,110,Android,0,1,0.148
DEV0002318,SIM0002318,CUST002318,2024-07-21,True,False,618,Android,0,1,0.202
DEV0002319,SIM0002319,CUST002319,2024-10-14,True,False,533,Android,0,1,0.548
DEV0002320,SIM0002320,CUST002320,2021-07-02,True,False,1733,iOS,0,1,0.216
DEV0002321,SIM0002321,CUST002321,2024-10-27,True,False,520,Android,0,1,0.102
DEV0002322,SIM0002322,CUST002322,2025-10-22,True,False,160,Android,0,1,0.132
DEV0002323,SIM0002323,CUST002323,2024-05-26,True,False,674,iOS,0,1,0.271
DEV0002324,SIM0002324,CUST002324,2020-12-08,True,False,1939,Android,0,1,0.159
DEV0002325,SIM0002325,CUST002325,2025-12-10,True,False,111,Android,0,1,0.293
DEV0002326,SIM0002326,CUST002326,2025-11-21,True,False,130,iOS,1,1,0.21
DEV0002327,SIM0002327,CUST002327,2024-07-21,True,False,618,Android,0,1,0.298
DEV0002328,SIM0002328,CUST002328,2024-07-10,True,False,629,Android,1,1,0.005
DEV0002329,SIM0002329,CUST002329,2025-01-07,True,False,448,Android,0,1,0.201
DEV0002330,SIM0002330,CUST002330,2025-11-11,True,False,140,Android,2,1,0.195
DEV0002331,SIM0002331,CUST002331,2024-05-31,True,False,669,Android,0,1,0.199
DEV0002332,SIM0002332,CUST002332,2025-02-17,True,False,407,Android,0,1,0.207
DEV0002333,SIM0002333,CUST002333,2024-12-01,True,False,485,Android,0,1,0.362
DEV0002334,SIM0002334,CUST002334,2025-12-15,True,False,106,Android,0,1,0.085
DEV0002335,SIM0002335,CUST002335,2023-03-19,True,False,1108,Android,0,1,0.292
DEV0002336,SIM0002336,CUST002336,2025-12-08,True,False,113,Android,0,1,0.189
DEV0002337,SIM0002337,CUST002337,2025-03-27,True,False,369,Android,0,1,0.097
DEV0002338,SIM0002338,CUST002338,2025-04-24,True,False,341,iOS,0,1,0.358
DEV0002339,SIM0002339,CUST002339,2025-01-02,True,False,453,Android,0,1,0.333
DEV0002340,SIM0002340,CUST002340,2025-07-05,True,False,269,Android,0,1,0.372
DEV0002341,SIM0002341,CUST002341,2025-04-24,True,False,341,iOS,0,1,0.096
DEV0002342,SIM0002342,CUST002342,2023-08-06,True,False,968,Android,0,1,0.102
DEV0002343,SIM0002343,CUST002343,2025-11-08,True,False,143,Android,0,1,0.391
DEV0002344,SIM0002344,CUST002344,2023-12-31,True,False,821,Android,0,1,0.155
DEV0002345,SIM0002345,CUST002345,2021-01-22,True,False,1894,Android,0,1,0.272
DEV0002346,SIM0002346,CUST002346,2024-06-06,True,False,663,Android,0,1,0.109
DEV0002347,SIM0002347,CUST002347,2025-05-02,True,False,333,iOS,0,1,0.182
DEV0002348,SIM0002348,CUST002348,2025-01-10,True,False,445,iOS,0,1,0.072
DEV0002349,SIM0002349,CUST002349,2022-04-06,True,False,1455,Android,0,1,0.055
DEV0002350,SIM0002350,CUST002350,2024-09-24,True,False,553,Android,0,1,0.414
DEV0002351,SIM0002351,CUST002351,2025-11-05,True,False,146,Android,0,1,0.459
DEV0002352,SIM0002352,CUST002352,2025-11-01,True,False,150,Android,0,1,0.198
DEV0002353,SIM0002353,CUST002353,2025-02-08,True,False,416,iOS,0,1,0.14
DEV0002354,SIM0002354,CUST002354,2025-03-31,True,False,365,Android,0,1,0.139
DEV0002355,SIM0002355,CUST002355,2024-03-07,True,False,754,Android,0,1,0.277
DEV0002356,SIM0002356,CUST002356,2025-05-19,True,False,316,Android,0,1,0.287
DEV0002357,SIM0002357,CUST002357,2025-01-23,True,False,432,Android,0,1,0.158
DEV0002358,SIM0002358,CUST002358,2025-05-05,True,False,330,Android,0,1,0.069
DEV0002359,SIM0002359,CUST002359,2023-08-05,True,False,969,Android,0,1,0.02
DEV0002360,SIM0002360,CUST002360,2025-02-25,True,False,399,Android,0,1,0.233
DEV0002361,SIM0002361,CUST002361,2023-05-29,True,False,1037,Android,0,1,0.249
DEV0002362,SIM0002362,CUST002362,2025-07-24,True,False,250,Android,0,1,0.33
DEV0002363,SIM0002363,CUST002363,2025-10-09,True,False,173,Android,0,1,0.138
DEV0002364,SIM0002364,CUST002364,2025-03-21,True,False,375,Android,0,1,0.028
DEV0002365,SIM0002365,CUST002365,2022-05-22,True,False,1409,Android,0,1,0.248
DEV0002366,SIM0002366,CUST002366,2025-12-12,True,False,109,Android,1,1,0.104
DEV0002367,SIM0002367,CUST002367,2020-05-14,True,False,2147,Android,0,1,0.052
DEV0002368,SIM0002368,CUST002368,2025-06-28,True,False,276,Android,1,1,0.041
DEV0002369,SIM0002369,CUST002369,2025-03-25,True,False,371,Android,0,1,0.148
DEV0002370,SIM0002370,CUST002370,2025-05-01,True,False,334,Android,0,1,0.111
DEV0002371,SIM0002371,CUST002371,2024-01-26,True,False,795,Android,0,1,0.193
DEV0002372,SIM0002372,CUST002372,2025-09-16,True,False,196,Android,0,1,0.089
DEV0002373,SIM0002373,CUST002373,2025-12-28,True,False,93,Android,0,1,0.276
DEV0002374,SIM0002374,CUST002374,2024-11-27,True,False,489,Android,0,1,0.222
DEV0002375,SIM0002375,CUST002375,2025-06-09,True,False,295,Android,0,1,0.221
DEV0002376,SIM0002376,CUST002376,2024-12-06,True,False,480,Android,0,1,0.261
DEV0002377,SIM0002377,CUST002377,2025-09-28,True,False,184,Android,0,1,0.217
DEV0002378,SIM0002378,CUST002378,2025-04-14,True,False,351,Android,0,1,0.022
DEV0002379,SIM0002379,CUST002379,2025-06-23,True,False,281,Android,0,1,0.132
DEV0002380,SIM0002380,CUST002380,2025-09-03,True,False,209,Android,0,1,0.112
DEV0002381,SIM0002381,CUST002381,2024-06-11,True,False,658,iOS,0,1,0.225
DEV0002382,SIM0002382,CUST002382,2025-02-25,True,False,399,Android,1,1,0.19
DEV0002383,SIM0002383,CUST002383,2023-11-30,True,False,852,Android,0,1,0.093
DEV0002384,SIM0002384,CUST002384,2024-08-08,True,False,600,Android,0,1,0.18
DEV0002385,SIM0002385,CUST002385,2025-07-09,True,False,265,Android,0,1,0.265
DEV0002386,SIM0002386,CUST002386,2025-07-25,True,False,249,Android,0,1,0.188
DEV0002387,SIM0002387,CUST002387,2024-09-04,True,False,573,Android,0,1,0.258
DEV0002388,SIM0002388,CUST002388,2024-09-07,True,False,570,Android,0,1,0.23
DEV0002389,SIM0002389,CUST002389,2023-03-19,True,False,1108,Android,0,1,0.191
DEV0002390,SIM0002390,CUST002390,2023-08-06,True,False,968,Android,0,1,0.084
DEV0002391,SIM0002391,CUST002391,2025-07-26,True,False,248,Android,1,1,0.299
DEV0002392,SIM0002392,CUST002392,2025-09-25,True,False,187,Android,0,1,0.074
DEV0002393,SIM0002393,CUST002393,2025-09-13,True,False,199,Android,0,1,0.12
DEV0002394,SIM0002394,CUST002394,2023-12-21,True,False,831,Android,0,1,0.347
DEV0002395,SIM0002395,CUST002395,2024-07-03,True,False,636,Android,0,1,0.025
DEV0002396,SIM0002396,CUST002396,2024-11-07,True,False,509,Android,0,1,0.122
DEV0002397,SIM0002397,CUST002397,2022-03-29,True,False,1463,Android,0,1,0.052
DEV0002398,SIM0002398,CUST002398,2024-01-22,True,False,799,Android,0,1,0.469
DEV0002399,SIM0002399,CUST002399,2025-09-05,True,False,207,Android,0,1,0.127
DEV0002400,SIM0002400,CUST002400,2025-11-09,True,False,142,Android,0,1,0.066
DEV0002401,SIM0002401,CUST002401,2024-12-13,True,False,473,Android,1,1,0.073
DEV0002402,SIM0002402,CUST002402,2023-09-06,True,False,937,iOS,0,1,0.124
DEV0002403,SIM0002403,CUST002403,2022-08-20,True,False,1319,iOS,0,1,0.327
DEV0002404,SIM0002404,CUST002404,2024-09-26,True,False,551,Android,0,1,0.182
DEV0002405,SIM0002405,CUST002405,2021-11-30,True,False,1582,Android,0,1,0.219
DEV0002406,SIM0002406,CUST002406,2025-10-11,True,False,171,Android,0,1,0.539
DEV0002407,SIM0002407,CUST002407,2025-11-25,True,False,126,iOS,0,1,0.079
DEV0002408,SIM0002408,CUST002408,2024-08-15,True,False,593,Android,0,1,0.126
DEV0002409,SIM0002409,CUST002409,2025-04-28,True,False,337,Android,0,1,0.228
DEV0002410,SIM0002410,CUST002410,2025-04-17,True,False,348,Android,0,1,0.325
DEV0002411,SIM0002411,CUST002411,2025-05-15,True,False,320,Android,0,1,0.035
DEV0002412,SIM0002412,CUST002412,2025-04-06,True,False,359,Android,0,1,0.451
DEV0002413,SIM0002413,CUST002413,2025-12-04,True,False,117,iOS,0,1,0.382
DEV0002414,SIM0002414,CUST002414,2024-12-14,True,False,472,Android,2,1,0.103
DEV0002415,SIM0002415,CUST002415,2024-06-08,True,False,661,Android,0,1,0.123
DEV0002416,SIM0002416,CUST002416,2022-11-19,True,False,1228,Android,0,1,0.151
DEV0002417,SIM0002417,CUST002417,2025-11-07,True,False,144,Android,0,1,0.356
DEV0002418,SIM0002418,CUST002418,2023-12-02,True,False,850,Android,0,1,0.139
DEV0002419,SIM0002419,CUST002419,2025-10-19,True,False,163,Android,0,1,0.184
DEV0002420,SIM0002420,CUST002420,2023-09-02,True,False,941,Android,0,1,0.229
DEV0002421,SIM0002421,CUST002421,2024-02-10,True,False,780,Android,0,1,0.185
DEV0002422,SIM0002422,CUST002422,2025-11-22,True,False,129,Android,0,1,0.025
DEV0002423,SIM0002423,CUST002423,2025-09-03,True,False,209,Android,0,1,0.11
DEV0002424,SIM0002424,CUST002424,2025-05-11,True,False,324,Android,0,1,0.062
DEV0002425,SIM0002425,CUST002425,2024-08-08,True,False,600,Android,0,1,0.128
DEV0002426,SIM0002426,CUST002426,2025-11-11,True,False,140,Android,1,1,0.056
DEV0002427,SIM0002427,CUST002427,2024-10-06,True,False,541,Android,0,1,0.163
DEV0002428,SIM0002428,CUST002428,2025-07-23,True,False,251,Android,0,1,0.215
DEV0002429,SIM0002429,CUST002429,2025-12-22,True,False,99,Android,0,1,0.277
DEV0002430,SIM0002430,CUST002430,2025-06-06,True,False,298,Android,0,1,0.172
DEV0002431,SIM0002431,CUST002431,2022-11-09,True,False,1238,Android,0,1,0.289
DEV0002432,SIM0002432,CUST002432,2023-12-22,True,False,830,Android,0,1,0.082
DEV0002433,SIM0002433,CUST002433,2025-10-10,True,False,172,Android,0,1,0.234
DEV0002434,SIM0002434,CUST002434,2024-11-14,True,False,502,iOS,1,1,0.361
DEV0002435,SIM0002435,CUST002435,2024-01-26,True,False,795,Android,0,1,0.179
DEV0002436,SIM0002436,CUST002436,2025-09-23,True,False,189,Android,0,1,0.13
DEV0002437,SIM0002437,CUST002437,2024-11-01,True,False,515,Android,0,1,0.137
DEV0002438,SIM0002438,CUST002438,2025-06-22,True,False,282,Android,0,1,0.039
DEV0002439,SIM0002439,CUST002439,2025-10-14,True,False,168,Android,0,1,0.219
DEV0002440,SIM0002440,CUST002440,2025-05-11,True,False,324,Android,0,1,0.023
DEV0002441,SIM0002441,CUST002441,2024-12-04,True,False,482,Android,0,1,0.379
DEV0002442,SIM0002442,CUST002442,2025-02-08,True,False,416,Android,0,1,0.052
DEV0002443,SIM0002443,CUST002443,2023-03-14,True,False,1113,Android,1,1,0.105
DEV0002444,SIM0002444,CUST002444,2025-10-05,True,False,177,Android,0,1,0.024
DEV0002445,SIM0002445,CUST002445,2025-11-10,True,False,141,Android,0,1,0.252
DEV0002446,SIM0002446,CUST002446,2023-06-17,True,False,1018,Android,0,1,0.189
DEV0002447,SIM0002447,CUST002447,2025-12-11,True,False,110,Android,0,1,0.16
DEV0002448,SIM0002448,CUST002448,2025-01-25,True,False,430,Android,0,1,0.391
DEV0002449,SIM0002449,CUST002449,2025-08-28,True,False,215,Android,0,1,0.276
DEV0002450,SIM0002450,CUST002450,2025-12-15,True,False,106,Android,0,1,0.224
DEV0002451,SIM0002451,CUST002451,2024-07-02,True,False,637,Android,0,1,0.124
DEV0002452,SIM0002452,CUST002452,2025-10-24,True,False,158,Android,0,1,0.238
DEV0002453,SIM0002453,CUST002453,2024-07-22,True,False,617,Android,1,1,0.214
DEV0002454,SIM0002454,CUST002454,2025-11-03,True,False,148,Android,0,1,0.448
DEV0002455,SIM0002455,CUST002455,2024-12-01,True,False,485,Android,0,1,0.082
DEV0002456,SIM0002456,CUST002456,2025-07-09,True,False,265,Android,0,1,0.565
DEV0002457,SIM0002457,CUST002457,2025-10-31,True,False,151,Android,0,1,0.499
DEV0002458,SIM0002458,CUST002458,2025-05-08,True,False,327,Android,0,1,0.311
DEV0002459,SIM0002459,CUST002459,2022-04-26,True,False,1435,Android,0,1,0.385
DEV0002460,SIM0002460,CUST002460,2024-07-24,True,False,615,Android,0,1,0.257
DEV0002461,SIM0002461,CUST002461,2024-01-01,True,False,820,Android,0,1,0.195
DEV0002462,SIM0002462,CUST002462,2025-10-23,True,False,159,Android,1,1,0.168
DEV0002463,SIM0002463,CUST002463,2025-07-21,True,False,253,Android,0,1,0.204
DEV0002464,SIM0002464,CUST002464,2022-05-15,True,False,1416,Android,0,1,0.189
DEV0002465,SIM0002465,CUST002465,2023-11-08,True,False,874,Android,0,1,0.161
DEV0002466,SIM0002466,CUST002466,2025-04-12,True,False,353,Android,0,1,0.161
DEV0002467,SIM0002467,CUST002467,2024-11-07,True,False,509,Android,0,1,0.123
DEV0002468,SIM0002468,CUST002468,2023-12-20,True,False,832,Android,0,1,0.008
DEV0002469,SIM0002469,CUST002469,2023-11-29,True,False,853,Android,0,1,0.146
DEV0002470,SIM0002470,CUST002470,2024-07-08,True,False,631,Android,1,1,0.066
DEV0002471,SIM0002471,CUST002471,2025-01-19,True,False,436,Android,0,1,0.327
DEV0002472,SIM0002472,CUST002472,2023-08-28,True,False,946,Android,0,1,0.112
DEV0002473,SIM0002473,CUST002473,2024-04-21,True,False,709,Android,0,1,0.123
DEV0002474,SIM0002474,CUST002474,2025-06-30,True,False,274,Android,3,1,0.095
DEV0002475,SIM0002475,CUST002475,2025-08-28,True,False,215,Android,0,1,0.217
DEV0002476,SIM0002476,CUST002476,2025-07-02,True,False,272,Android,0,1,0.182
DEV0002477,SIM0002477,CUST002477,2024-10-01,True,False,546,Android,0,1,0.062
DEV0002478,SIM0002478,CUST002478,2025-05-12,True,False,323,Android,0,1,0.087
DEV0002479,SIM0002479,CUST002479,2025-05-12,True,False,323,Android,0,1,0.328
DEV0002480,SIM0002480,CUST002480,2025-01-18,True,False,437,Android,0,1,0.445
DEV0002481,SIM0002481,CUST002481,2025-03-12,True,False,384,Android,0,1,0.014
DEV0002482,SIM0002482,CUST002482,2025-09-13,True,False,199,Android,1,1,0.068
DEV0002483,SIM0002483,CUST002483,2024-12-20,True,False,466,Android,0,1,0.095
DEV0002484,SIM0002484,CUST002484,2021-12-10,True,False,1572,Android,0,1,0.384
DEV0002485,SIM0002485,CUST002485,2025-12-14,True,False,107,Android,0,1,0.149
DEV0002486,SIM0002486,CUST002486,2025-09-14,True,False,198,Android,0,1,0.146
DEV0002487,SIM0002487,CUST002487,2023-04-24,True,False,1072,iOS,0,1,0.177
DEV0002488,SIM0002488,CUST002488,2026-01-01,True,False,89,iOS,0,1,0.175
DEV0002489,SIM0002489,CUST002489,2025-01-10,True,False,445,Android,0,1,0.236
DEV0002490,SIM0002490,CUST002490,2024-09-26,True,False,551,Android,1,1,0.412
DEV0002491,SIM0002491,CUST002491,2025-08-17,True,False,226,Android,0,1,0.073
DEV0002492,SIM0002492,CUST002492,2024-06-24,True,False,645,Android,0,1,0.051
DEV0002493,SIM0002493,CUST002493,2025-10-06,True,False,176,Android,1,1,0.325
DEV0002494,SIM0002494,CUST002494,2025-04-03,True,False,362,Android,0,1,0.22
DEV0002495,SIM0002495,CUST002495,2025-11-12,True,False,139,iOS,0,1,0.054
DEV0002496,SIM0002496,CUST002496,2025-01-09,True,False,446,Android,0,1,0.267
DEV0002497,SIM0002497,CUST002497,2025-12-01,True,False,120,Android,0,1,0.261
DEV0002498,SIM0002498,CUST002498,2024-07-19,True,False,620,Android,0,1,0.326
DEV0002499,SIM0002499,CUST002499,2025-10-26,True,False,156,Android,0,1,0.076
DEV0002500,SIM0002500,CUST002500,2025-12-08,True,False,113,Android,0,1,0.221
DEV0002501,SIM0002501,CUST002501,2025-01-02,True,False,453,Android,1,1,0.024
DEV0002502,SIM0002502,CUST002502,2024-04-01,True,False,729,Android,0,1,0.144
DEV0002503,SIM0002503,CUST002503,2025-08-18,True,False,225,Android,0,1,0.257
DEV0002504,SIM0002504,CUST002504,2025-01-11,True,False,444,Android,0,1,0.031
DEV0002505,SIM0002505,CUST002505,2023-07-24,True,False,981,Android,0,1,0.287
DEV0002506,SIM0002506,CUST002506,2025-10-30,True,False,152,iOS,0,1,0.227
DEV0002507,SIM0002507,CUST002507,2024-09-27,True,False,550,Android,0,1,0.079
DEV0002508,SIM0002508,CUST002508,2024-12-01,True,False,485,Android,0,1,0.116
DEV0002509,SIM0002509,CUST002509,2024-10-10,True,False,537,Android,0,1,0.157
DEV0002510,SIM0002510,CUST002510,2022-08-23,True,False,1316,Android,0,1,0.522
DEV0002511,SIM0002511,CUST002511,2025-03-28,True,False,368,Android,0,1,0.221
DEV0002512,SIM0002512,CUST002512,2025-10-02,True,False,180,Android,0,1,0.102
DEV0002513,SIM0002513,CUST002513,2025-04-25,True,False,340,Android,0,1,0.031
DEV0002514,SIM0002514,CUST002514,2025-02-13,True,False,411,Android,0,1,0.097
DEV0002515,SIM0002515,CUST002515,2025-11-18,True,False,133,Android,0,1,0.302
DEV0002516,SIM0002516,CUST002516,2025-12-11,True,False,110,Android,0,1,0.287
DEV0002517,SIM0002517,CUST002517,2025-05-17,True,False,318,Android,0,1,0.29
DEV0002518,SIM0002518,CUST002518,2025-06-28,True,False,276,Android,0,1,0.194
DEV0002519,SIM0002519,CUST002519,2024-08-26,True,False,582,Android,0,1,0.027
DEV0002520,SIM0002520,CUST002520,2025-05-30,True,False,305,Android,0,1,0.227
DEV0002521,SIM0002521,CUST002521,2021-12-16,True,False,1566,Android,0,1,0.02
DEV0002522,SIM0002522,CUST002522,2025-07-04,True,False,270,Android,0,1,0.37
DEV0002523,SIM0002523,CUST002523,2024-12-08,True,False,478,Android,0,1,0.175
DEV0002524,SIM0002524,CUST002524,2025-12-02,True,False,119,Android,0,1,0.11
DEV0002525,SIM0002525,CUST002525,2025-12-08,True,False,113,Android,0,1,0.158
DEV0002526,SIM0002526,CUST002526,2025-12-03,True,False,118,Android,0,1,0.091
DEV0002527,SIM0002527,CUST002527,2025-12-25,True,False,96,Android,0,1,0.254
DEV0002528,SIM0002528,CUST002528,2025-08-02,True,False,241,Android,0,1,0.25
DEV0002529,SIM0002529,CUST002529,2025-06-13,True,False,291,Android,0,1,0.201
DEV0002530,SIM0002530,CUST002530,2024-10-05,True,False,542,Android,0,1,0.192
DEV0002531,SIM0002531,CUST002531,2025-10-24,True,False,158,Android,0,1,0.039
DEV0002532,SIM0002532,CUST002532,2023-11-10,True,False,872,Android,0,1,0.184
DEV0002533,SIM0002533,CUST002533,2025-03-06,True,False,390,Android,0,1,0.066
DEV0002534,SIM0002534,CUST002534,2023-01-13,True,False,1173,Android,0,1,0.368
DEV0002535,SIM0002535,CUST002535,2024-12-10,True,False,476,Android,2,1,0.377
DEV0002536,SIM0002536,CUST002536,2025-07-03,True,False,271,Android,0,1,0.33
DEV0002537,SIM0002537,CUST002537,2025-03-06,True,False,390,Android,1,1,0.201
DEV0002538,SIM0002538,CUST002538,2024-12-01,True,False,485,Android,0,1,0.173
DEV0002539,SIM0002539,CUST002539,2025-12-07,True,False,114,Android,0,1,0.33
DEV0002540,SIM0002540,CUST002540,2025-11-19,True,False,132,Android,0,1,0.173
DEV0002541,SIM0002541,CUST002541,2025-09-25,True,False,187,Android,0,1,0.155
DEV0002542,SIM0002542,CUST002542,2025-09-02,True,False,210,Android,0,1,0.078
DEV0002543,SIM0002543,CUST002543,2025-09-10,True,False,202,Android,0,1,0.318
DEV0002544,SIM0002544,CUST002544,2024-02-09,True,False,781,Android,0,1,0.172
DEV0002545,SIM0002545,CUST002545,2025-04-27,True,False,338,Android,0,1,0.35
DEV0002546,SIM0002546,CUST002546,2025-03-29,True,False,367,Android,0,1,0.078
DEV0002547,SIM0002547,CUST002547,2025-11-26,True,False,125,Android,0,1,0.224
DEV0002548,SIM0002548,CUST002548,2023-10-11,True,False,902,Android,0,1,0.218
DEV0002549,SIM0002549,CUST002549,2025-04-24,True,False,341,iOS,0,1,0.109
DEV0002550,SIM0002550,CUST002550,2022-10-01,True,False,1277,Android,0,1,0.112
DEV0002551,SIM0002551,CUST002551,2023-09-16,True,False,927,Android,0,1,0.452
DEV0002552,SIM0002552,CUST002552,2024-10-23,True,False,524,Android,0,1,0.223
DEV0002553,SIM0002553,CUST002553,2025-12-19,True,False,102,Android,0,1,0.116
DEV0002554,SIM0002554,CUST002554,2025-09-13,True,False,199,Android,0,1,0.272
DEV0002555,SIM0002555,CUST002555,2025-06-21,True,False,283,Android,0,1,0.03
DEV0002556,SIM0002556,CUST002556,2024-03-02,True,False,759,Android,0,1,0.195
DEV0002557,SIM0002557,CUST002557,2024-06-23,True,False,646,Android,0,1,0.299
DEV0002558,SIM0002558,CUST002558,2023-05-13,True,False,1053,Android,1,1,0.17
DEV0002559,SIM0002559,CUST002559,2022-04-22,True,False,1439,Android,0,1,0.09
DEV0002560,SIM0002560,CUST002560,2024-05-18,True,False,682,iOS,0,1,0.279
DEV0002561,SIM0002561,CUST002561,2025-01-05,True,False,450,Android,0,1,0.38
DEV0002562,SIM0002562,CUST002562,2025-06-01,True,False,303,Android,0,1,0.011
DEV0002563,SIM0002563,CUST002563,2024-04-05,True,False,725,Android,0,1,0.194
DEV0002564,SIM0002564,CUST002564,2024-07-04,True,False,635,iOS,0,1,0.035
DEV0002565,SIM0002565,CUST002565,2025-01-03,True,False,452,Android,0,1,0.189
DEV0002566,SIM0002566,CUST002566,2025-05-01,True,False,334,Android,0,1,0.161
DEV0002567,SIM0002567,CUST002567,2025-01-12,True,False,443,Android,0,1,0.259
DEV0002568,SIM0002568,CUST002568,2025-10-11,True,False,171,Android,0,1,0.109
DEV0002569,SIM0002569,CUST002569,2025-12-12,True,False,109,Android,0,1,0.365
DEV0002570,SIM0002570,CUST002570,2025-07-30,True,False,244,Android,0,1,0.123
DEV0002571,SIM0002571,CUST002571,2024-12-30,True,False,456,Android,0,1,0.193
DEV0002572,SIM0002572,CUST002572,2025-10-09,True,False,173,Android,0,1,0.21
DEV0002573,SIM0002573,CUST002573,2022-10-24,True,False,1254,Android,0,1,0.167
DEV0002574,SIM0002574,CUST002574,2023-12-13,True,False,839,Android,0,1,0.106
DEV0002575,SIM0002575,CUST002575,2025-12-23,True,False,98,iOS,0,1,0.227
DEV0002576,SIM0002576,CUST002576,2025-09-17,True,False,195,Android,0,1,0.06
DEV0002577,SIM0002577,CUST002577,2024-12-23,True,False,463,Android,0,1,0.172
DEV0002578,SIM0002578,CUST002578,2022-08-27,True,False,1312,Android,0,1,0.111
DEV0002579,SIM0002579,CUST002579,2025-08-21,True,False,222,Android,0,1,0.095
DEV0002580,SIM0002580,CUST002580,2025-07-03,True,False,271,Android,0,1,0.267
DEV0002581,SIM0002581,CUST002581,2023-10-31,True,False,882,Android,0,1,0.11
DEV0002582,SIM0002582,CUST002582,2020-12-03,True,False,1944,Android,0,1,0.21
DEV0002583,SIM0002583,CUST002583,2025-12-27,True,False,94,Android,1,1,0.13
DEV0002584,SIM0002584,CUST002584,2025-09-12,True,False,200,Android,0,1,0.48
DEV0002585,SIM0002585,CUST002585,2025-06-23,True,False,281,iOS,0,1,0.185
DEV0002586,SIM0002586,CUST002586,2025-03-24,True,False,372,Android,0,1,0.262
DEV0002587,SIM0002587,CUST002587,2025-11-14,True,False,137,Android,0,1,0.323
DEV0002588,SIM0002588,CUST002588,2019-07-05,True,False,2461,Android,0,1,0.171
DEV0002589,SIM0002589,CUST002589,2025-12-21,True,False,100,Android,0,1,0.406
DEV0002590,SIM0002590,CUST002590,2024-01-13,True,False,808,Android,0,1,0.142
DEV0002591,SIM0002591,CUST002591,2025-10-25,True,False,157,Android,0,1,0.141
DEV0002592,SIM0002592,CUST002592,2025-12-16,True,False,105,Android,0,1,0.106
DEV0002593,SIM0002593,CUST002593,2024-01-16,True,False,805,Android,0,1,0.127
DEV0002594,SIM0002594,CUST002594,2021-05-30,True,False,1766,Android,0,1,0.144
DEV0002595,SIM0002595,CUST002595,2025-08-20,True,False,223,Android,0,1,0.275
DEV0002596,SIM0002596,CUST002596,2025-07-08,True,False,266,Android,0,1,0.262
DEV0002597,SIM0002597,CUST002597,2022-03-07,True,False,1485,iOS,1,1,0.309
DEV0002598,SIM0002598,CUST002598,2025-07-13,True,False,261,Android,0,1,0.05
DEV0002599,SIM0002599,CUST002599,2024-02-01,True,False,789,Android,0,1,0.21
DEV0002600,SIM0002600,CUST002600,2025-12-31,True,False,90,Android,0,1,0.112
DEV0002601,SIM0002601,CUST002601,2025-01-18,True,False,437,Android,1,1,0.175
DEV0002602,SIM0002602,CUST002602,2025-08-15,True,False,228,Android,0,1,0.153
DEV0002603,SIM0002603,CUST002603,2025-12-18,True,False,103,Android,0,1,0.268
DEV0002604,SIM0002604,CUST002604,2024-07-17,True,False,622,Android,0,1,0.147
DEV0002605,SIM0002605,CUST002605,2024-08-29,True,False,579,Android,0,1,0.244
DEV0002606,SIM0002606,CUST002606,2024-12-06,True,False,480,Android,0,1,0.084
DEV0002607,SIM0002607,CUST002607,2025-01-05,True,False,450,iOS,0,1,0.341
DEV0002608,SIM0002608,CUST002608,2025-12-04,True,False,117,Android,1,1,0.219
DEV0002609,SIM0002609,CUST002609,2025-10-21,True,False,161,Android,0,1,0.195
DEV0002610,SIM0002610,CUST002610,2025-09-25,True,False,187,Android,0,1,0.031
DEV0002611,SIM0002611,CUST002611,2024-12-05,True,False,481,Android,0,1,0.222
DEV0002612,SIM0002612,CUST002612,2025-03-11,True,False,385,Android,1,1,0.216
DEV0002613,SIM0002613,CUST002613,2025-04-13,True,False,352,Android,0,1,0.118
DEV0002614,SIM0002614,CUST002614,2025-05-16,True,False,319,Android,0,1,0.099
DEV0002615,SIM0002615,CUST002615,2024-01-07,True,False,814,Android,0,1,0.143
DEV0002616,SIM0002616,CUST002616,2022-01-20,True,False,1531,Android,0,1,0.186
DEV0002617,SIM0002617,CUST002617,2025-05-20,True,False,315,iOS,0,1,0.233
DEV0002618,SIM0002618,CUST002618,2024-11-12,True,False,504,Android,1,1,0.561
DEV0002619,SIM0002619,CUST002619,2025-08-05,True,False,238,Android,0,1,0.087
DEV0002620,SIM0002620,CUST002620,2025-11-06,True,False,145,Android,1,1,0.133
DEV0002621,SIM0002621,CUST002621,2025-09-11,True,False,201,Android,0,1,0.141
DEV0002622,SIM0002622,CUST002622,2025-12-03,True,False,118,iOS,0,1,0.225
DEV0002623,SIM0002623,CUST002623,2024-04-21,True,False,709,Android,0,1,0.424
DEV0002624,SIM0002624,CUST002624,2025-06-05,True,False,299,Android,1,1,0.253
DEV0002625,SIM0002625,CUST002625,2024-12-20,True,False,466,Android,0,1,0.121
DEV0002626,SIM0002626,CUST002626,2024-08-21,True,False,587,Android,0,1,0.496
DEV0002627,SIM0002627,CUST002627,2024-02-06,True,False,784,Android,1,1,0.187
DEV0002628,SIM0002628,CUST002628,2025-07-16,True,False,258,iOS,0,1,0.318
DEV0002629,SIM0002629,CUST002629,2025-11-27,True,False,124,Android,0,1,0.154
DEV0002630,SIM0002630,CUST002630,2023-12-01,True,False,851,Android,0,1,0.17
DEV0002631,SIM0002631,CUST002631,2025-07-04,True,False,270,Android,0,1,0.148
DEV0002632,SIM0002632,CUST002632,2025-08-15,True,False,228,Android,0,1,0.259
DEV0002633,SIM0002633,CUST002633,2025-06-18,True,False,286,iOS,0,1,0.086
DEV0002634,SIM0002634,CUST002634,2025-11-05,True,False,146,Android,0,1,0.107
DEV0002635,SIM0002635,CUST002635,2025-12-11,True,False,110,Android,1,1,0.238
DEV0002636,SIM0002636,CUST002636,2025-12-28,True,False,93,Android,0,1,0.295
DEV0002637,SIM0002637,CUST002637,2025-11-03,True,False,148,Android,0,1,0.306
DEV0002638,SIM0002638,CUST002638,2025-09-26,True,False,186,Android,0,1,0.074
DEV0002639,SIM0002639,CUST002639,2023-12-10,True,False,842,Android,0,1,0.361
DEV0002640,SIM0002640,CUST002640,2025-08-27,True,False,216,Android,0,1,0.614
DEV0002641,SIM0002641,CUST002641,2024-01-23,True,False,798,Android,0,1,0.436
DEV0002642,SIM0002642,CUST002642,2024-09-17,True,False,560,Android,0,1,0.167
DEV0002643,SIM0002643,CUST002643,2025-06-07,True,False,297,Android,0,1,0.461
DEV0002644,SIM0002644,CUST002644,2025-02-15,True,False,409,iOS,0,1,0.056
DEV0002645,SIM0002645,CUST002645,2024-03-19,True,False,742,Android,0,1,0.421
DEV0002646,SIM0002646,CUST002646,2025-12-17,True,False,104,Android,0,1,0.318
DEV0002647,SIM0002647,CUST002647,2025-04-21,True,False,344,Android,0,1,0.139
DEV0002648,SIM0002648,CUST002648,2025-09-03,True,False,209,Android,0,1,0.138
DEV0002649,SIM0002649,CUST002649,2025-06-09,True,False,295,Android,0,1,0.222
DEV0002650,SIM0002650,CUST002650,2025-03-26,True,False,370,iOS,0,1,0.139
DEV0002651,SIM0002651,CUST002651,2025-04-23,True,False,342,Android,0,1,0.144
DEV0002652,SIM0002652,CUST002652,2024-11-21,True,False,495,Android,0,1,0.178
DEV0002653,SIM0002653,CUST002653,2024-08-22,True,False,586,Android,0,1,0.076
DEV0002654,SIM0002654,CUST002654,2023-10-04,True,False,909,Android,0,1,0.134
DEV0002655,SIM0002655,CUST002655,2024-05-02,True,False,698,Android,0,1,0.075
DEV0002656,SIM0002656,CUST002656,2025-10-15,True,False,167,Android,0,1,0.359
DEV0002657,SIM0002657,CUST002657,2025-02-08,True,False,416,Android,0,1,0.192
DEV0002658,SIM0002658,CUST002658,2025-08-10,True,False,233,Android,0,1,0.266
DEV0002659,SIM0002659,CUST002659,2025-02-28,True,False,396,Android,0,1,0.166
DEV0002660,SIM0002660,CUST002660,2023-09-15,True,False,928,Android,0,1,0.221
DEV0002661,SIM0002661,CUST002661,2024-12-20,True,False,466,Android,0,1,0.009
DEV0002662,SIM0002662,CUST002662,2025-05-10,True,False,325,Android,1,1,0.169
DEV0002663,SIM0002663,CUST002663,2025-01-04,True,False,451,Android,1,1,0.178
DEV0002664,SIM0002664,CUST002664,2025-03-29,True,False,367,Android,0,1,0.207
DEV0002665,SIM0002665,CUST002665,2024-10-13,True,False,534,Android,0,1,0.095
DEV0002666,SIM0002666,CUST002666,2025-10-30,True,False,152,iOS,0,1,0.119
DEV0002667,SIM0002667,CUST002667,2024-11-04,True,False,512,Android,0,1,0.194
DEV0002668,SIM0002668,CUST002668,2024-12-16,True,False,470,iOS,0,1,0.044
DEV0002669,SIM0002669,CUST002669,2024-09-11,True,False,566,Android,0,1,0.144
DEV0002670,SIM0002670,CUST002670,2025-01-15,True,False,440,Android,1,1,0.516
DEV0002671,SIM0002671,CUST002671,2024-11-18,True,False,498,Android,0,1,0.362
DEV0002672,SIM0002672,CUST002672,2025-08-18,True,False,225,Android,0,1,0.129
DEV0002673,SIM0002673,CUST002673,2022-10-31,True,False,1247,Android,0,1,0.054
DEV0002674,SIM0002674,CUST002674,2025-07-21,True,False,253,Android,0,1,0.234
DEV0002675,SIM0002675,CUST002675,2024-09-17,True,False,560,Android,2,1,0.161
DEV0002676,SIM0002676,CUST002676,2025-09-04,True,False,208,Android,0,1,0.241
DEV0002677,SIM0002677,CUST002677,2025-11-30,True,False,121,Android,0,1,0.45
DEV0002678,SIM0002678,CUST002678,2025-10-28,True,False,154,Android,1,1,0.278
DEV0002679,SIM0002679,CUST002679,2025-04-14,True,False,351,Android,0,1,0.018
DEV0002680,SIM0002680,CUST002680,2025-06-12,True,False,292,Android,0,1,0.254
DEV0002681,SIM0002681,CUST002681,2022-11-07,True,False,1240,Android,0,1,0.281
DEV0002682,SIM0002682,CUST002682,2025-01-11,True,False,444,Android,0,1,0.141
DEV0002683,SIM0002683,CUST002683,2025-12-27,True,False,94,Android,0,1,0.089
DEV0002684,SIM0002684,CUST002684,2025-01-21,True,False,434,Android,0,1,0.206
DEV0002685,SIM0002685,CUST002685,2025-12-23,True,False,98,Android,0,1,0.116
DEV0002686,SIM0002686,CUST002686,2025-02-14,True,False,410,Android,0,1,0.196
DEV0002687,SIM0002687,CUST002687,2025-06-24,True,False,280,Android,1,1,0.323
DEV0002688,SIM0002688,CUST002688,2025-09-07,True,False,205,Android,0,1,0.106
DEV0002689,SIM0002689,CUST002689,2024-11-02,True,False,514,Android,0,1,0.24
DEV0002690,SIM0002690,CUST002690,2025-12-02,True,False,119,Android,0,1,0.31
DEV0002691,SIM0002691,CUST002691,2025-10-07,True,False,175,Android,0,1,0.09
DEV0002692,SIM0002692,CUST002692,2024-11-21,True,False,495,iOS,0,1,0.062
DEV0002693,SIM0002693,CUST002693,2025-11-04,True,False,147,iOS,0,1,0.137
DEV0002694,SIM0002694,CUST002694,2024-03-24,True,False,737,Android,0,1,0.137
DEV0002695,SIM0002695,CUST002695,2024-04-03,True,False,727,Android,0,1,0.165
DEV0002696,SIM0002696,CUST002696,2024-11-10,True,False,506,Android,0,1,0.116
DEV0002697,SIM0002697,CUST002697,2025-11-29,True,False,122,Android,0,1,0.118
DEV0002698,SIM0002698,CUST002698,2023-02-11,True,False,1144,Android,0,1,0.373
DEV0002699,SIM0002699,CUST002699,2024-09-07,True,False,570,Android,0,1,0.224
DEV0002700,SIM0002700,CUST002700,2025-01-14,True,False,441,Android,0,1,0.342
DEV0002701,SIM0002701,CUST002701,2024-08-02,True,False,606,Android,0,1,0.066
DEV0002702,SIM0002702,CUST002702,2025-10-23,True,False,159,Android,1,1,0.339
DEV0002703,SIM0002703,CUST002703,2025-02-06,True,False,418,Android,0,1,0.074
DEV0002704,SIM0002704,CUST002704,2025-01-15,True,False,440,Android,0,1,0.093
DEV0002705,SIM0002705,CUST002705,2025-12-21,True,False,100,Android,0,1,0.093
DEV0002706,SIM0002706,CUST002706,2021-06-18,True,False,1747,Android,0,1,0.257
DEV0002707,SIM0002707,CUST002707,2024-10-05,True,False,542,Android,0,1,0.06
DEV0002708,SIM0002708,CUST002708,2024-03-30,True,False,731,iOS,0,1,0.289
DEV0002709,SIM0002709,CUST002709,2025-06-12,True,False,292,Android,0,1,0.321
DEV0002710,SIM0002710,CUST002710,2025-10-22,True,False,160,Android,0,1,0.054
DEV0002711,SIM0002711,CUST002711,2025-08-26,True,False,217,Android,0,1,0.175
DEV0002712,SIM0002712,CUST002712,2024-09-08,True,False,569,Android,1,1,0.241
DEV0002713,SIM0002713,CUST002713,2025-01-09,True,False,446,Android,0,1,0.135
DEV0002714,SIM0002714,CUST002714,2024-08-22,True,False,586,Android,0,1,0.401
DEV0002715,SIM0002715,CUST002715,2025-06-14,True,False,290,iOS,0,1,0.171
DEV0002716,SIM0002716,CUST002716,2025-08-26,True,False,217,Android,1,1,0.152
DEV0002717,SIM0002717,CUST002717,2024-02-28,True,False,762,Android,0,1,0.341
DEV0002718,SIM0002718,CUST002718,2023-09-23,True,False,920,Android,0,1,0.231
DEV0002719,SIM0002719,CUST002719,2025-10-20,True,False,162,Android,0,1,0.07
DEV0002720,SIM0002720,CUST002720,2023-06-13,True,False,1022,Android,0,1,0.298
DEV0002721,SIM0002721,CUST002721,2024-10-24,True,False,523,Android,0,1,0.07
DEV0002722,SIM0002722,CUST002722,2024-11-27,True,False,489,Android,0,1,0.002
DEV0002723,SIM0002723,CUST002723,2019-02-27,True,False,2589,Android,0,1,0.109
DEV0002724,SIM0002724,CUST002724,2025-10-29,True,False,153,Android,0,1,0.129
DEV0002725,SIM0002725,CUST002725,2025-07-25,True,False,249,Android,0,1,0.082
DEV0002726,SIM0002726,CUST002726,2025-08-15,True,False,228,Android,1,1,0.023
DEV0002727,SIM0002727,CUST002727,2024-07-04,True,False,635,Android,0,1,0.338
DEV0002728,SIM0002728,CUST002728,2025-06-19,True,False,285,Android,1,1,0.096
DEV0002729,SIM0002729,CUST002729,2025-12-15,True,False,106,Android,0,1,0.062
DEV0002730,SIM0002730,CUST002730,2024-07-26,True,False,613,Android,0,1,0.119
DEV0002731,SIM0002731,CUST002731,2024-07-22,True,False,617,Android,0,1,0.124
DEV0002732,SIM0002732,CUST002732,2025-10-04,True,False,178,Android,1,1,0.369
DEV0002733,SIM0002733,CUST002733,2025-09-29,True,False,183,Android,0,1,0.185
DEV0002734,SIM0002734,CUST002734,2025-08-30,True,False,213,Android,0,1,0.148
DEV0002735,SIM0002735,CUST002735,2025-12-04,True,False,117,Android,0,1,0.036
DEV0002736,SIM0002736,CUST002736,2024-07-29,True,False,610,Android,0,1,0.348
DEV0002737,SIM0002737,CUST002737,2024-11-24,True,False,492,Android,0,1,0.413
DEV0002738,SIM0002738,CUST002738,2023-05-04,True,False,1062,Android,0,1,0.17
DEV0002739,SIM0002739,CUST002739,2025-12-05,True,False,116,Android,1,1,0.38
DEV0002740,SIM0002740,CUST002740,2025-10-05,True,False,177,Android,0,1,0.146
DEV0002741,SIM0002741,CUST002741,2025-12-11,True,False,110,Android,0,1,0.257
DEV0002742,SIM0002742,CUST002742,2023-03-04,True,False,1123,Android,0,1,0.218
DEV0002743,SIM0002743,CUST002743,2026-01-01,True,False,89,Android,0,1,0.165
DEV0002744,SIM0002744,CUST002744,2024-01-24,True,False,797,Android,0,1,0.073
DEV0002745,SIM0002745,CUST002745,2025-11-02,True,False,149,iOS,1,1,0.347
DEV0002746,SIM0002746,CUST002746,2025-10-24,True,False,158,Android,0,1,0.05
DEV0002747,SIM0002747,CUST002747,2024-02-21,True,False,769,Android,0,1,0.07
DEV0002748,SIM0002748,CUST002748,2024-02-20,True,False,770,iOS,0,1,0.239
DEV0002749,SIM0002749,CUST002749,2025-09-04,True,False,208,Android,0,1,0.152
DEV0002750,SIM0002750,CUST002750,2025-10-16,True,False,166,Android,0,1,0.089
DEV0002751,SIM0002751,CUST002751,2023-10-28,True,False,885,Android,0,1,0.148
DEV0002752,SIM0002752,CUST002752,2025-11-25,True,False,126,Android,0,1,0.233
DEV0002753,SIM0002753,CUST002753,2025-12-25,True,False,96,Android,0,1,0.015
DEV0002754,SIM0002754,CUST002754,2025-02-13,True,False,411,Android,0,1,0.088
DEV0002755,SIM0002755,CUST002755,2024-01-05,True,False,816,Android,0,1,0.281
DEV0002756,SIM0002756,CUST002756,2025-08-03,True,False,240,Android,0,1,0.309
DEV0002757,SIM0002757,CUST002757,2025-01-28,True,False,427,Android,1,1,0.051
DEV0002758,SIM0002758,CUST002758,2025-11-18,True,False,133,Android,0,1,0.087
DEV0002759,SIM0002759,CUST002759,2021-06-23,True,False,1742,Android,0,1,0.369
DEV0002760,SIM0002760,CUST002760,2025-11-26,True,False,125,iOS,0,1,0.15
DEV0002761,SIM0002761,CUST002761,2024-05-29,True,False,671,Android,0,1,0.277
DEV0002762,SIM0002762,CUST002762,2025-02-12,True,False,412,Android,0,1,0.028
DEV0002763,SIM0002763,CUST002763,2024-02-16,True,False,774,Android,1,1,0.203
DEV0002764,SIM0002764,CUST002764,2024-07-11,True,False,628,Android,0,1,0.048
DEV0002765,SIM0002765,CUST002765,2023-07-11,True,False,994,Android,0,1,0.165
DEV0002766,SIM0002766,CUST002766,2024-06-22,True,False,647,Android,0,1,0.079
DEV0002767,SIM0002767,CUST002767,2025-06-16,True,False,288,Android,0,1,0.305
DEV0002768,SIM0002768,CUST002768,2025-07-24,True,False,250,iOS,0,1,0.045
DEV0002769,SIM0002769,CUST002769,2023-05-16,True,False,1050,Android,0,1,0.118
DEV0002770,SIM0002770,CUST002770,2025-04-30,True,False,335,Android,0,1,0.464
DEV0002771,SIM0002771,CUST002771,2025-08-16,True,False,227,Android,0,1,0.015
DEV0002772,SIM0002772,CUST002772,2025-09-03,True,False,209,iOS,0,1,0.304
DEV0002773,SIM0002773,CUST002773,2025-12-26,True,False,95,Android,0,1,0.091
DEV0002774,SIM0002774,CUST002774,2025-07-10,True,False,264,iOS,0,1,0.452
DEV0002775,SIM0002775,CUST002775,2021-05-12,True,False,1784,Android,0,1,0.424
DEV0002776,SIM0002776,CUST002776,2025-12-24,True,False,97,Android,0,1,0.171
DEV0002777,SIM0002777,CUST002777,2025-05-29,True,False,306,Android,0,1,0.074
DEV0002778,SIM0002778,CUST002778,2023-02-20,True,False,1135,Android,0,1,0.248
DEV0002779,SIM0002779,CUST002779,2023-08-14,True,False,960,Android,1,1,0.03
DEV0002780,SIM0002780,CUST002780,2025-01-30,True,False,425,Android,0,1,0.278
DEV0002781,SIM0002781,CUST002781,2025-07-30,True,False,244,Android,0,1,0.135
DEV0002782,SIM0002782,CUST002782,2017-04-08,True,False,3279,Android,0,1,0.331
DEV0002783,SIM0002783,CUST002783,2024-01-28,True,False,793,iOS,1,1,0.29
DEV0002784,SIM0002784,CUST002784,2025-03-06,True,False,390,Android,0,1,0.154
DEV0002785,SIM0002785,CUST002785,2023-07-11,True,False,994,Android,1,1,0.263
DEV0002786,SIM0002786,CUST002786,2023-02-22,True,False,1133,Android,0,1,0.129
DEV0002787,SIM0002787,CUST002787,2025-10-13,True,False,169,Android,0,1,0.172
DEV0002788,SIM0002788,CUST002788,2024-04-17,True,False,713,Android,0,1,0.387
DEV0002789,SIM0002789,CUST002789,2024-12-03,True,False,483,Android,1,1,0.155
DEV0002790,SIM0002790,CUST002790,2024-07-19,True,False,620,Android,0,1,0.214
DEV0002791,SIM0002791,CUST002791,2025-05-10,True,False,325,iOS,0,1,0.401
DEV0002792,SIM0002792,CUST002792,2025-09-07,True,False,205,iOS,1,1,0.229
DEV0002793,SIM0002793,CUST002793,2023-02-17,True,False,1138,Android,0,1,0.229
DEV0002794,SIM0002794,CUST002794,2025-08-16,True,False,227,Android,0,1,0.08
DEV0002795,SIM0002795,CUST002795,2023-08-17,True,False,957,Android,0,1,0.169
DEV0002796,SIM0002796,CUST002796,2025-07-15,True,False,259,Android,0,1,0.082
DEV0002797,SIM0002797,CUST002797,2023-11-16,True,False,866,Android,0,1,0.124
DEV0002798,SIM0002798,CUST002798,2021-05-15,True,False,1781,Android,0,1,0.419
DEV0002799,SIM0002799,CUST002799,2022-04-16,True,False,1445,Android,0,1,0.047
DEV0002800,SIM0002800,CUST002800,2021-03-14,True,False,1843,Android,0,1,0.383
DEV0002801,SIM0002801,CUST002801,2025-11-04,True,False,147,Android,0,1,0.298
DEV0002802,SIM0002802,CUST002802,2024-09-04,True,False,573,Android,0,1,0.322
DEV0002803,SIM0002803,CUST002803,2025-05-01,True,False,334,Android,0,1,0.155
DEV0002804,SIM0002804,CUST002804,2024-04-10,True,False,720,iOS,0,1,0.196
DEV0002805,SIM0002805,CUST002805,2024-03-29,True,False,732,Android,0,1,0.63
DEV0002806,SIM0002806,CUST002806,2025-08-28,True,False,215,Android,0,1,0.002
DEV0002807,SIM0002807,CUST002807,2025-11-22,True,False,129,Android,0,1,0.223
DEV0002808,SIM0002808,CUST002808,2021-05-06,True,False,1790,Android,1,1,0.057
DEV0002809,SIM0002809,CUST002809,2025-01-15,True,False,440,Android,0,1,0.166
DEV0002810,SIM0002810,CUST002810,2025-10-22,True,False,160,Android,1,1,0.28
DEV0002811,SIM0002811,CUST002811,2025-09-29,True,False,183,Android,0,1,0.123
DEV0002812,SIM0002812,CUST002812,2024-09-25,True,False,552,Android,0,1,0.218
DEV0002813,SIM0002813,CUST002813,2025-10-23,True,False,159,Android,0,1,0.241
DEV0002814,SIM0002814,CUST002814,2025-05-10,True,False,325,Android,0,1,0.218
DEV0002815,SIM0002815,CUST002815,2025-07-28,True,False,246,Android,0,1,0.32
DEV0002816,SIM0002816,CUST002816,2024-04-19,True,False,711,Android,0,1,0.246
DEV0002817,SIM0002817,CUST002817,2024-12-20,True,False,466,Android,0,1,0.49
DEV0002818,SIM0002818,CUST002818,2025-06-27,True,False,277,Android,0,1,0.317
DEV0002819,SIM0002819,CUST002819,2023-02-01,True,False,1154,Android,0,1,0.285
DEV0002820,SIM0002820,CUST002820,2024-03-03,True,False,758,Android,2,1,0.154
DEV0002821,SIM0002821,CUST002821,2022-06-01,True,False,1399,iOS,0,1,0.181
DEV0002822,SIM0002822,CUST002822,2025-08-07,True,False,236,Android,0,1,0.21
DEV0002823,SIM0002823,CUST002823,2025-08-13,True,False,230,Android,0,1,0.337
DEV0002824,SIM0002824,CUST002824,2025-05-03,True,False,332,iOS,0,1,0.19
DEV0002825,SIM0002825,CUST002825,2024-09-09,True,False,568,Android,0,1,0.057
DEV0002826,SIM0002826,CUST002826,2025-03-01,True,False,395,Android,0,1,0.192
DEV0002827,SIM0002827,CUST002827,2024-11-18,True,False,498,Android,0,1,0.301
DEV0002828,SIM0002828,CUST002828,2024-07-09,True,False,630,Android,0,1,0.272
DEV0002829,SIM0002829,CUST002829,2024-09-17,True,False,560,iOS,1,1,0.21
DEV0002830,SIM0002830,CUST002830,2025-06-20,True,False,284,Android,0,1,0.155
DEV0002831,SIM0002831,CUST002831,2024-01-10,True,False,811,Android,0,1,0.214
DEV0002832,SIM0002832,CUST002832,2025-08-03,True,False,240,Android,0,1,0.216
DEV0002833,SIM0002833,CUST002833,2024-07-12,True,False,627,Android,0,1,0.116
DEV0002834,SIM0002834,CUST002834,2025-07-04,True,False,270,iOS,0,1,0.27
DEV0002835,SIM0002835,CUST002835,2023-07-17,True,False,988,Android,1,1,0.061
DEV0002836,SIM0002836,CUST002836,2025-08-25,True,False,218,Android,0,1,0.234
DEV0002837,SIM0002837,CUST002837,2024-02-13,True,False,777,Android,0,1,0.019
DEV0002838,SIM0002838,CUST002838,2024-06-05,True,False,664,Android,0,1,0.204
DEV0002839,SIM0002839,CUST002839,2025-02-16,True,False,408,Android,0,1,0.422
DEV0002840,SIM0002840,CUST002840,2023-01-14,True,False,1172,Android,1,1,0.224
DEV0002841,SIM0002841,CUST002841,2025-06-06,True,False,298,Android,0,1,0.129
DEV0002842,SIM0002842,CUST002842,2024-08-07,True,False,601,Android,0,1,0.12
DEV0002843,SIM0002843,CUST002843,2025-11-08,True,False,143,Android,0,1,0.545
DEV0002844,SIM0002844,CUST002844,2024-07-24,True,False,615,Android,0,1,0.355
DEV0002845,SIM0002845,CUST002845,2024-11-10,True,False,506,Android,0,1,0.182
DEV0002846,SIM0002846,CUST002846,2025-05-18,True,False,317,Android,0,1,0.263
DEV0002847,SIM0002847,CUST002847,2024-11-23,True,False,493,Android,0,1,0.263
DEV0002848,SIM0002848,CUST002848,2024-05-23,True,False,677,Android,0,1,0.235
DEV0002849,SIM0002849,CUST002849,2024-10-31,True,False,516,Android,1,1,0.35
DEV0002850,SIM0002850,CUST002850,2025-11-17,True,False,134,Android,0,1,0.018
DEV0002851,SIM0002851,CUST002851,2024-06-17,True,False,652,Android,1,1,0.302
DEV0002852,SIM0002852,CUST002852,2023-03-29,True,False,1098,Android,0,1,0.055
DEV0002853,SIM0002853,CUST002853,2025-05-15,True,False,320,Android,0,1,0.086
DEV0002854,SIM0002854,CUST002854,2025-10-22,True,False,160,iOS,0,1,0.203
DEV0002855,SIM0002855,CUST002855,2024-12-06,True,False,480,Android,0,1,0.138
DEV0002856,SIM0002856,CUST002856,2025-03-08,True,False,388,Android,0,1,0.158
DEV0002857,SIM0002857,CUST002857,2024-11-14,True,False,502,Android,0,1,0.187
DEV0002858,SIM0002858,CUST002858,2024-12-17,True,False,469,Android,0,1,0.365
DEV0002859,SIM0002859,CUST002859,2025-08-22,True,False,221,iOS,0,1,0.355
DEV0002860,SIM0002860,CUST002860,2025-09-16,True,False,196,Android,0,1,0.31
DEV0002861,SIM0002861,CUST002861,2023-11-29,True,False,853,Android,0,1,0.096
DEV0002862,SIM0002862,CUST002862,2024-02-13,True,False,777,iOS,0,1,0.19
DEV0002863,SIM0002863,CUST002863,2022-04-25,True,False,1436,Android,0,1,0.158
DEV0002864,SIM0002864,CUST002864,2025-08-05,True,False,238,Android,0,1,0.121
DEV0002865,SIM0002865,CUST002865,2025-06-15,True,False,289,Android,1,1,0.203
DEV0002866,SIM0002866,CUST002866,2025-08-17,True,False,226,Android,0,1,0.379
DEV0002867,SIM0002867,CUST002867,2021-12-07,True,False,1575,Android,0,1,0.372
DEV0002868,SIM0002868,CUST002868,2024-12-10,True,False,476,Android,0,1,0.2
DEV0002869,SIM0002869,CUST002869,2025-07-04,True,False,270,Android,0,1,0.217
DEV0002870,SIM0002870,CUST002870,2025-11-17,True,False,134,Android,0,1,0.364
DEV0002871,SIM0002871,CUST002871,2024-08-16,True,False,592,Android,1,1,0.242
DEV0002872,SIM0002872,CUST002872,2024-07-17,True,False,622,Android,0,1,0.042
DEV0002873,SIM0002873,CUST002873,2025-09-25,True,False,187,Android,0,1,0.354
DEV0002874,SIM0002874,CUST002874,2025-06-17,True,False,287,Android,0,1,0.129
DEV0002875,SIM0002875,CUST002875,2024-07-04,True,False,635,Android,0,1,0.178
DEV0002876,SIM0002876,CUST002876,2024-08-20,True,False,588,Android,0,1,0.138
DEV0002877,SIM0002877,CUST002877,2024-10-24,True,False,523,Android,0,1,0.225
DEV0002878,SIM0002878,CUST002878,2024-05-26,True,False,674,Android,0,1,0.091
DEV0002879,SIM0002879,CUST002879,2025-06-05,True,False,299,Android,0,1,0.37
DEV0002880,SIM0002880,CUST002880,2024-12-21,True,False,465,Android,0,1,0.141
DEV0002881,SIM0002881,CUST002881,2018-11-12,True,False,2696,Android,0,1,0.359
DEV0002882,SIM0002882,CUST002882,2025-09-16,True,False,196,iOS,0,1,0.453
DEV0002883,SIM0002883,CUST002883,2022-11-29,True,False,1218,Android,0,1,0.222
DEV0002884,SIM0002884,CUST002884,2025-12-07,True,False,114,Android,0,1,0.146
DEV0002885,SIM0002885,CUST002885,2025-11-05,True,False,146,Android,0,1,0.337
DEV0002886,SIM0002886,CUST002886,2025-05-18,True,False,317,Android,0,1,0.015
DEV0002887,SIM0002887,CUST002887,2025-11-29,True,False,122,Android,0,1,0.355
DEV0002888,SIM0002888,CUST002888,2024-09-29,True,False,548,iOS,0,1,0.201
DEV0002889,SIM0002889,CUST002889,2025-07-15,True,False,259,Android,0,1,0.285
DEV0002890,SIM0002890,CUST002890,2024-05-08,True,False,692,Android,0,1,0.182
DEV0002891,SIM0002891,CUST002891,2023-06-20,True,False,1015,Android,0,1,0.061
DEV0002892,SIM0002892,CUST002892,2023-07-13,True,False,992,Android,0,1,0.186
DEV0002893,SIM0002893,CUST002893,2024-08-17,True,False,591,iOS,0,1,0.197
DEV0002894,SIM0002894,CUST002894,2025-02-17,True,False,407,Android,0,1,0.099
DEV0002895,SIM0002895,CUST002895,2025-06-19,True,False,285,Android,0,1,0.068
DEV0002896,SIM0002896,CUST002896,2025-11-27,True,False,124,Android,0,1,0.299
DEV0002897,SIM0002897,CUST002897,2025-09-24,True,False,188,Android,0,1,0.217
DEV0002898,SIM0002898,CUST002898,2024-12-19,True,False,467,Android,0,1,0.108
DEV0002899,SIM0002899,CUST002899,2025-07-26,True,False,248,Android,0,1,0.427
DEV0002900,SIM0002900,CUST002900,2021-07-21,True,False,1714,Android,0,1,0.106
DEV0002901,SIM0002901,CUST002901,2023-12-26,True,False,826,Android,0,1,0.027
DEV0002902,SIM0002902,CUST002902,2025-06-11,True,False,293,Android,0,1,0.21
DEV0002903,SIM0002903,CUST002903,2025-05-10,True,False,325,Android,0,1,0.071
DEV0002904,SIM0002904,CUST002904,2025-09-02,True,False,210,Android,0,1,0.18
DEV0002905,SIM0002905,CUST002905,2024-07-30,True,False,609,Android,0,1,0.161
DEV0002906,SIM0002906,CUST002906,2024-09-26,True,False,551,Android,0,1,0.05
DEV0002907,SIM0002907,CUST002907,2024-04-05,True,False,725,iOS,0,1,0.062
DEV0002908,SIM0002908,CUST002908,2025-11-01,True,False,150,Android,0,1,0.34
DEV0002909,SIM0002909,CUST002909,2022-11-22,True,False,1225,Android,0,1,0.276
DEV0002910,SIM0002910,CUST002910,2024-10-30,True,False,517,iOS,0,1,0.081
DEV0002911,SIM0002911,CUST002911,2023-10-13,True,False,900,Android,0,1,0.162
DEV0002912,SIM0002912,CUST002912,2025-02-09,True,False,415,Android,1,1,0.15
DEV0002913,SIM0002913,CUST002913,2025-09-17,True,False,195,Android,0,1,0.109
DEV0002914,SIM0002914,CUST002914,2025-02-19,True,False,405,Android,1,1,0.072
DEV0002915,SIM0002915,CUST002915,2024-12-21,True,False,465,Android,0,1,0.07
DEV0002916,SIM0002916,CUST002916,2020-06-28,True,False,2102,Android,0,1,0.169
DEV0002917,SIM0002917,CUST002917,2024-05-08,True,False,692,Android,0,1,0.223
DEV0002918,SIM0002918,CUST002918,2025-08-14,True,False,229,Android,0,1,0.233
DEV0002919,SIM0002919,CUST002919,2024-11-26,True,False,490,Android,0,1,0.326
DEV0002920,SIM0002920,CUST002920,2023-06-24,True,False,1011,Android,0,1,0.309
DEV0002921,SIM0002921,CUST002921,2025-06-04,True,False,300,Android,0,1,0.118
DEV0002922,SIM0002922,CUST002922,2023-06-30,True,False,1005,Android,0,1,0.18
DEV0002923,SIM0002923,CUST002923,2025-04-02,True,False,363,Android,1,1,0.154
DEV0002924,SIM0002924,CUST002924,2023-09-02,True,False,941,Android,0,1,0.109
DEV0002925,SIM0002925,CUST002925,2025-01-14,True,False,441,Android,0,1,0.351
DEV0002926,SIM0002926,CUST002926,2023-12-11,True,False,841,Android,1,1,0.221
DEV0002927,SIM0002927,CUST002927,2025-04-19,True,False,346,Android,0,1,0.123
DEV0002928,SIM0002928,CUST002928,2024-04-22,True,False,708,Android,0,1,0.152
DEV0002929,SIM0002929,CUST002929,2023-12-21,True,False,831,Android,0,1,0.276
DEV0002930,SIM0002930,CUST002930,2024-06-04,True,False,665,Android,0,1,0.152
DEV0002931,SIM0002931,CUST002931,2024-02-16,True,False,774,Android,0,1,0.274
DEV0002932,SIM0002932,CUST002932,2025-09-12,True,False,200,Android,0,1,0.2
DEV0002933,SIM0002933,CUST002933,2025-11-23,True,False,128,Android,0,1,0.232
DEV0002934,SIM0002934,CUST002934,2024-04-16,True,False,714,Android,1,1,0.098
DEV0002935,SIM0002935,CUST002935,2024-11-06,True,False,510,Android,0,1,0.183
DEV0002936,SIM0002936,CUST002936,2024-10-24,True,False,523,Android,0,1,0.178
DEV0002937,SIM0002937,CUST002937,2025-06-04,True,False,300,Android,0,1,0.159
DEV0002938,SIM0002938,CUST002938,2023-12-26,True,False,826,Android,0,1,0.143
DEV0002939,SIM0002939,CUST002939,2023-02-04,True,False,1151,Android,0,1,0.061
DEV0002940,SIM0002940,CUST002940,2025-02-01,True,False,423,Android,0,1,0.159
DEV0002941,SIM0002941,CUST002941,2024-11-29,True,False,487,Android,0,1,0.461
DEV0002942,SIM0002942,CUST002942,2024-06-01,True,False,668,Android,0,1,0.354
DEV0002943,SIM0002943,CUST002943,2024-12-24,True,False,462,Android,0,1,0.133
DEV0002944,SIM0002944,CUST002944,2025-06-03,True,False,301,Android,0,1,0.158
DEV0002945,SIM0002945,CUST002945,2023-06-20,True,False,1015,Android,0,1,0.179
DEV0002946,SIM0002946,CUST002946,2025-10-27,True,False,155,Android,0,1,0.226
DEV0002947,SIM0002947,CUST002947,2025-07-08,True,False,266,iOS,0,1,0.134
DEV0002948,SIM0002948,CUST002948,2024-11-09,True,False,507,Android,0,1,0.125
DEV0002949,SIM0002949,CUST002949,2025-10-02,True,False,180,Android,0,1,0.312
DEV0002950,SIM0002950,CUST002950,2025-10-08,True,False,174,Android,0,1,0.336
DEV0002951,SIM0002951,CUST002951,2023-06-29,True,False,1006,Android,1,1,0.287
DEV0002952,SIM0002952,CUST002952,2025-06-09,True,False,295,Android,0,1,0.088
DEV0002953,SIM0002953,CUST002953,2025-05-22,True,False,313,Android,0,1,0.141
DEV0002954,SIM0002954,CUST002954,2024-08-17,True,False,591,Android,0,1,0.28
DEV0002955,SIM0002955,CUST002955,2024-12-03,True,False,483,Android,0,1,0.064
DEV0002956,SIM0002956,CUST002956,2025-08-09,True,False,234,Android,0,1,0.055
DEV0002957,SIM0002957,CUST002957,2025-10-15,True,False,167,Android,0,1,0.152
DEV0002958,SIM0002958,CUST002958,2025-10-25,True,False,157,Android,0,1,0.22
DEV0002959,SIM0002959,CUST002959,2024-07-29,True,False,610,Android,0,1,0.185
DEV0002960,SIM0002960,CUST002960,2024-07-25,True,False,614,Android,0,1,0.171
DEV0002961,SIM0002961,CUST002961,2025-09-04,True,False,208,Android,1,1,0.126
DEV0002962,SIM0002962,CUST002962,2024-11-08,True,False,508,Android,0,1,0.184
DEV0002963,SIM0002963,CUST002963,2023-01-02,True,False,1184,Android,0,1,0.296
DEV0002964,SIM0002964,CUST002964,2025-07-01,True,False,273,Android,1,1,0.196
DEV0002965,SIM0002965,CUST002965,2024-04-11,True,False,719,Android,0,1,0.507
DEV0002966,SIM0002966,CUST002966,2025-07-30,True,False,244,Android,0,1,0.197
DEV0002967,SIM0002967,CUST002967,2025-12-23,True,False,98,Android,0,1,0.386
DEV0002968,SIM0002968,CUST002968,2025-11-12,True,False,139,Android,0,1,0.065
DEV0002969,SIM0002969,CUST002969,2025-12-08,True,False,113,Android,0,1,0.342
DEV0002970,SIM0002970,CUST002970,2025-02-24,True,False,400,Android,0,1,0.081
DEV0002971,SIM0002971,CUST002971,2025-01-19,True,False,436,Android,0,1,0.099
DEV0002972,SIM0002972,CUST002972,2023-12-21,True,False,831,Android,1,1,0.252
DEV0002973,SIM0002973,CUST002973,2025-08-24,True,False,219,Android,0,1,0.081
DEV0002974,SIM0002974,CUST002974,2025-10-27,True,False,155,Android,0,1,0.296
DEV0002975,SIM0002975,CUST002975,2025-11-02,True,False,149,Android,0,1,0.102
DEV0002976,SIM0002976,CUST002976,2024-09-21,True,False,556,Android,0,1,0.05
DEV0002977,SIM0002977,CUST002977,2025-05-30,True,False,305,Android,0,1,0.087
DEV0002978,SIM0002978,CUST002978,2024-02-14,True,False,776,Android,0,1,0.466
DEV0002979,SIM0002979,CUST002979,2024-05-06,True,False,694,Android,0,1,0.2
DEV0002980,SIM0002980,CUST002980,2025-02-06,True,False,418,Android,0,1,0.129
DEV0002981,SIM0002981,CUST002981,2026-01-01,True,False,89,Android,0,1,0.174
DEV0002982,SIM0002982,CUST002982,2020-06-19,True,False,2111,Android,0,1,0.248
DEV0002983,SIM0002983,CUST002983,2024-05-29,True,False,671,Android,0,1,0.117
DEV0002984,SIM0002984,CUST002984,2025-09-15,True,False,197,Android,1,1,0.45
DEV0002985,SIM0002985,CUST002985,2025-08-26,True,False,217,Android,0,1,0.629
DEV0002986,SIM0002986,CUST002986,2024-02-16,True,False,774,Android,0,1,0.148
DEV0002987,SIM0002987,CUST002987,2024-11-13,True,False,503,Android,0,1,0.4
DEV0002988,SIM0002988,CUST002988,2022-07-08,True,False,1362,iOS,0,1,0.123
DEV0002989,SIM0002989,CUST002989,2024-04-16,True,False,714,Android,0,1,0.253
DEV0002990,SIM0002990,CUST002990,2025-04-02,True,False,363,Android,0,1,0.273
DEV0002991,SIM0002991,CUST002991,2025-07-28,True,False,246,Android,0,1,0.128
DEV0002992,SIM0002992,CUST002992,2025-01-22,True,False,433,Android,0,1,0.194
DEV0002993,SIM0002993,CUST002993,2022-10-08,True,False,1270,iOS,0,1,0.418
DEV0002994,SIM0002994,CUST002994,2025-09-09,True,False,203,Android,0,1,0.64
DEV0002995,SIM0002995,CUST002995,2025-06-24,True,False,280,Android,0,1,0.09
DEV0002996,SIM0002996,CUST002996,2023-10-17,True,False,896,Android,0,1,0.196
DEV0002997,SIM0002997,CUST002997,2025-01-14,True,False,441,Android,0,1,0.242
DEV0002998,SIM0002998,CUST002998,2024-11-17,True,False,499,Android,0,1,0.22
DEV0002999,SIM0002999,CUST002999,2025-03-02,True,False,394,Android,0,1,0.16
DEV0003000,SIM0003000,CUST003000,2025-07-03,True,False,271,Android,0,1,0.095
DEV0003001,SIM0003001,CUST003001,2025-03-23,True,False,373,iOS,0,1,0.095
DEV0003002,SIM0003002,CUST003002,2025-05-25,True,False,310,Android,0,1,0.257
DEV0003003,SIM0003003,CUST003003,2024-11-19,True,False,497,Android,0,1,0.083
DEV0003004,SIM0003004,CUST003004,2022-04-02,True,False,1459,Android,0,1,0.241
DEV0003005,SIM0003005,CUST003005,2025-03-22,True,False,374,Android,0,1,0.142
DEV0003006,SIM0003006,CUST003006,2025-06-19,True,False,285,Android,0,1,0.143
DEV0003007,SIM0003007,CUST003007,2025-08-31,True,False,212,Android,0,1,0.267
DEV0003008,SIM0003008,CUST003008,2025-09-06,True,False,206,Android,0,1,0.187
DEV0003009,SIM0003009,CUST003009,2024-12-12,True,False,474,Android,1,1,0.123
DEV0003010,SIM0003010,CUST003010,2025-03-04,True,False,392,Android,1,1,0.373
DEV0003011,SIM0003011,CUST003011,2025-02-24,True,False,400,Android,0,1,0.193
DEV0003012,SIM0003012,CUST003012,2022-08-29,True,False,1310,Android,0,1,0.303
DEV0003013,SIM0003013,CUST003013,2025-04-28,True,False,337,iOS,0,1,0.291
DEV0003014,SIM0003014,CUST003014,2024-02-05,True,False,785,Android,2,1,0.075
DEV0003015,SIM0003015,CUST003015,2025-02-26,True,False,398,Android,0,1,0.135
DEV0003016,SIM0003016,CUST003016,2021-09-18,True,False,1655,Android,0,1,0.334
DEV0003017,SIM0003017,CUST003017,2021-02-14,True,False,1871,iOS,0,1,0.04
DEV0003018,SIM0003018,CUST003018,2023-07-18,True,False,987,Android,2,1,0.172
DEV0003019,SIM0003019,CUST003019,2024-04-13,True,False,717,Android,0,1,0.149
DEV0003020,SIM0003020,CUST003020,2024-12-10,True,False,476,Android,0,1,0.179
DEV0003021,SIM0003021,CUST003021,2024-09-14,True,False,563,Android,0,1,0.083
DEV0003022,SIM0003022,CUST003022,2023-09-29,True,False,914,iOS,1,1,0.35
DEV0003023,SIM0003023,CUST003023,2025-06-29,True,False,275,Android,0,1,0.109
DEV0003024,SIM0003024,CUST003024,2024-05-11,True,False,689,Android,0,1,0.269
DEV0003025,SIM0003025,CUST003025,2023-02-20,True,False,1135,Android,1,1,0.114
DEV0003026,SIM0003026,CUST003026,2024-09-14,True,False,563,Android,0,1,0.179
DEV0003027,SIM0003027,CUST003027,2025-07-27,True,False,247,Android,0,1,0.243
DEV0003028,SIM0003028,CUST003028,2023-07-12,True,False,993,Android,0,1,0.116
DEV0003029,SIM0003029,CUST003029,2025-03-23,True,False,373,Android,0,1,0.09
DEV0003030,SIM0003030,CUST003030,2025-12-06,True,False,115,Android,0,1,0.284
DEV0003031,SIM0003031,CUST003031,2025-08-06,True,False,237,Android,0,1,0.109
DEV0003032,SIM0003032,CUST003032,2025-09-14,True,False,198,Android,0,1,0.205
DEV0003033,SIM0003033,CUST003033,2024-12-22,True,False,464,Android,0,1,0.005
DEV0003034,SIM0003034,CUST003034,2025-05-03,True,False,332,Android,0,1,0.273
DEV0003035,SIM0003035,CUST003035,2025-10-25,True,False,157,Android,0,1,0.244
DEV0003036,SIM0003036,CUST003036,2025-10-08,True,False,174,Android,0,1,0.115
DEV0003037,SIM0003037,CUST003037,2025-08-09,True,False,234,Android,0,1,0.052
DEV0003038,SIM0003038,CUST003038,2025-08-06,True,False,237,Android,1,1,0.158
DEV0003039,SIM0003039,CUST003039,2024-09-26,True,False,551,Android,0,1,0.171
DEV0003040,SIM0003040,CUST003040,2025-12-19,True,False,102,Android,0,1,0.27
DEV0003041,SIM0003041,CUST003041,2025-04-29,True,False,336,Android,0,1,0.102
DEV0003042,SIM0003042,CUST003042,2024-02-11,True,False,779,Android,0,1,0.39
DEV0003043,SIM0003043,CUST003043,2025-08-09,True,False,234,Android,1,1,0.61
DEV0003044,SIM0003044,CUST003044,2025-04-23,True,False,342,Android,1,1,0.009
DEV0003045,SIM0003045,CUST003045,2025-11-24,True,False,127,Android,0,1,0.136
DEV0003046,SIM0003046,CUST003046,2024-08-04,True,False,604,Android,0,1,0.227
DEV0003047,SIM0003047,CUST003047,2025-06-21,True,False,283,Android,0,1,0.127
DEV0003048,SIM0003048,CUST003048,2024-02-25,True,False,765,Android,0,1,0.148
DEV0003049,SIM0003049,CUST003049,2025-01-21,True,False,434,Android,0,1,0.051
DEV0003050,SIM0003050,CUST003050,2025-08-05,True,False,238,Android,2,1,0.19
DEV0003051,SIM0003051,CUST003051,2025-09-05,True,False,207,Android,0,1,0.12
DEV0003052,SIM0003052,CUST003052,2024-07-22,True,False,617,Android,0,1,0.382
DEV0003053,SIM0003053,CUST003053,2025-11-20,True,False,131,iOS,0,1,0.23
DEV0003054,SIM0003054,CUST003054,2025-12-16,True,False,105,Android,0,1,0.099
DEV0003055,SIM0003055,CUST003055,2025-12-18,True,False,103,Android,0,1,0.226
DEV0003056,SIM0003056,CUST003056,2023-08-17,True,False,957,Android,0,1,0.355
DEV0003057,SIM0003057,CUST003057,2024-11-01,True,False,515,Android,0,1,0.098
DEV0003058,SIM0003058,CUST003058,2023-09-22,True,False,921,Android,0,1,0.07
DEV0003059,SIM0003059,CUST003059,2025-08-18,True,False,225,Android,0,1,0.194
DEV0003060,SIM0003060,CUST003060,2024-12-26,True,False,460,Android,0,1,0.318
DEV0003061,SIM0003061,CUST003061,2025-07-17,True,False,257,Android,1,1,0.093
DEV0003062,SIM0003062,CUST003062,2025-10-26,True,False,156,iOS,0,1,0.132
DEV0003063,SIM0003063,CUST003063,2025-12-10,True,False,111,Android,0,1,0.182
DEV0003064,SIM0003064,CUST003064,2025-07-30,True,False,244,Android,0,1,0.084
DEV0003065,SIM0003065,CUST003065,2025-10-13,True,False,169,Android,0,1,0.084
DEV0003066,SIM0003066,CUST003066,2023-09-26,True,False,917,Android,0,1,0.071
DEV0003067,SIM0003067,CUST003067,2025-12-12,True,False,109,iOS,0,1,0.213
DEV0003068,SIM0003068,CUST003068,2019-03-22,True,False,2566,Android,1,1,0.199
DEV0003069,SIM0003069,CUST003069,2025-10-24,True,False,158,Android,0,1,0.249
DEV0003070,SIM0003070,CUST003070,2025-02-22,True,False,402,Android,0,1,0.098
DEV0003071,SIM0003071,CUST003071,2025-11-26,True,False,125,Android,0,1,0.116
DEV0003072,SIM0003072,CUST003072,2022-04-03,True,False,1458,Android,0,1,0.334
DEV0003073,SIM0003073,CUST003073,2024-06-28,True,False,641,Android,0,1,0.082
DEV0003074,SIM0003074,CUST003074,2025-11-20,True,False,131,Android,0,1,0.177
DEV0003075,SIM0003075,CUST003075,2024-05-25,True,False,675,iOS,0,1,0.076
DEV0003076,SIM0003076,CUST003076,2024-12-17,True,False,469,Android,0,1,0.018
DEV0003077,SIM0003077,CUST003077,2026-01-01,True,False,89,Android,0,1,0.134
DEV0003078,SIM0003078,CUST003078,2025-08-13,True,False,230,iOS,0,1,0.439
DEV0003079,SIM0003079,CUST003079,2024-12-05,True,False,481,Android,0,1,0.161
DEV0003080,SIM0003080,CUST003080,2025-02-25,True,False,399,iOS,0,1,0.178
DEV0003081,SIM0003081,CUST003081,2025-01-06,True,False,449,Android,0,1,0.229
DEV0003082,SIM0003082,CUST003082,2024-08-21,True,False,587,Android,0,1,0.319
DEV0003083,SIM0003083,CUST003083,2025-01-21,True,False,434,Android,0,1,0.167
DEV0003084,SIM0003084,CUST003084,2024-05-08,True,False,692,Android,0,1,0.116
DEV0003085,SIM0003085,CUST003085,2025-03-12,True,False,384,Android,0,1,0.394
DEV0003086,SIM0003086,CUST003086,2025-01-04,True,False,451,Android,0,1,0.134
DEV0003087,SIM0003087,CUST003087,2023-12-27,True,False,825,Android,0,1,0.187
DEV0003088,SIM0003088,CUST003088,2022-05-30,True,False,1401,Android,0,1,0.251
DEV0003089,SIM0003089,CUST003089,2021-08-16,True,False,1688,iOS,0,1,0.133
DEV0003090,SIM0003090,CUST003090,2025-12-02,True,False,119,Android,0,1,0.206
DEV0003091,SIM0003091,CUST003091,2024-12-25,True,False,461,iOS,0,1,0.247
DEV0003092,SIM0003092,CUST003092,2024-10-16,True,False,531,Android,1,1,0.163
DEV0003093,SIM0003093,CUST003093,2025-06-17,True,False,287,Android,0,1,0.167
DEV0003094,SIM0003094,CUST003094,2025-05-03,True,False,332,Android,1,1,0.33
DEV0003095,SIM0003095,CUST003095,2025-07-08,True,False,266,iOS,0,1,0.326
DEV0003096,SIM0003096,CUST003096,2024-02-14,True,False,776,Android,0,1,0.272
DEV0003097,SIM0003097,CUST003097,2025-05-22,True,False,313,Android,1,1,0.079
DEV0003098,SIM0003098,CUST003098,2025-10-23,True,False,159,Android,1,1,0.326
DEV0003099,SIM0003099,CUST003099,2025-05-01,True,False,334,Android,0,1,0.139
DEV0003100,SIM0003100,CUST003100,2024-12-23,True,False,463,Android,0,1,0.169
DEV0003101,SIM0003101,CUST003101,2024-04-03,True,False,727,iOS,0,1,0.202
DEV0003102,SIM0003102,CUST003102,2025-02-15,True,False,409,iOS,0,1,0.15
DEV0003103,SIM0003103,CUST003103,2025-11-23,True,False,128,Android,0,1,0.236
DEV0003104,SIM0003104,CUST003104,2025-05-17,True,False,318,Android,0,1,0.133
DEV0003105,SIM0003105,CUST003105,2025-02-19,True,False,405,Android,0,1,0.313
DEV0003106,SIM0003106,CUST003106,2024-09-03,True,False,574,Android,1,1,0.303
DEV0003107,SIM0003107,CUST003107,2024-12-19,True,False,467,Android,0,1,0.182
DEV0003108,SIM0003108,CUST003108,2024-04-14,True,False,716,Android,0,1,0.232
DEV0003109,SIM0003109,CUST003109,2025-10-18,True,False,164,Android,0,1,0.189
DEV0003110,SIM0003110,CUST003110,2024-08-14,True,False,594,Android,0,1,0.207
DEV0003111,SIM0003111,CUST003111,2024-11-19,True,False,497,iOS,0,1,0.126
DEV0003112,SIM0003112,CUST003112,2023-12-29,True,False,823,Android,0,1,0.145
DEV0003113,SIM0003113,CUST003113,2025-12-26,True,False,95,Android,0,1,0.126
DEV0003114,SIM0003114,CUST003114,2024-06-20,True,False,649,Android,1,1,0.2
DEV0003115,SIM0003115,CUST003115,2024-10-23,True,False,524,iOS,0,1,0.113
DEV0003116,SIM0003116,CUST003116,2024-03-17,True,False,744,Android,0,1,0.107
DEV0003117,SIM0003117,CUST003117,2024-06-12,True,False,657,Android,0,1,0.055
DEV0003118,SIM0003118,CUST003118,2025-03-24,True,False,372,Android,0,1,0.264
DEV0003119,SIM0003119,CUST003119,2024-12-26,True,False,460,Android,0,1,0.119
DEV0003120,SIM0003120,CUST003120,2024-12-16,True,False,470,Android,0,1,0.216
DEV0003121,SIM0003121,CUST003121,2025-12-13,True,False,108,iOS,0,1,0.121
DEV0003122,SIM0003122,CUST003122,2025-11-20,True,False,131,Android,0,1,0.594
DEV0003123,SIM0003123,CUST003123,2024-12-02,True,False,484,Android,0,1,0.159
DEV0003124,SIM0003124,CUST003124,2025-06-20,True,False,284,Android,0,1,0.128
DEV0003125,SIM0003125,CUST003125,2023-12-23,True,False,829,Android,1,1,0.123
DEV0003126,SIM0003126,CUST003126,2025-03-26,True,False,370,iOS,0,1,0.087
DEV0003127,SIM0003127,CUST003127,2025-09-04,True,False,208,Android,0,1,0.19
DEV0003128,SIM0003128,CUST003128,2024-11-23,True,False,493,Android,0,1,0.316
DEV0003129,SIM0003129,CUST003129,2025-07-03,True,False,271,Android,1,1,0.016
DEV0003130,SIM0003130,CUST003130,2025-04-12,True,False,353,Android,0,1,0.212
DEV0003131,SIM0003131,CUST003131,2025-04-26,True,False,339,Android,0,1,0.268
DEV0003132,SIM0003132,CUST003132,2025-07-04,True,False,270,Android,0,1,0.087
DEV0003133,SIM0003133,CUST003133,2025-04-04,True,False,361,Android,0,1,0.15
DEV0003134,SIM0003134,CUST003134,2025-01-13,True,False,442,Android,0,1,0.355
DEV0003135,SIM0003135,CUST003135,2025-06-13,True,False,291,Android,0,1,0.111
DEV0003136,SIM0003136,CUST003136,2025-11-23,True,False,128,Android,0,1,0.04
DEV0003137,SIM0003137,CUST003137,2025-08-10,True,False,233,iOS,0,1,0.023
DEV0003138,SIM0003138,CUST003138,2023-06-25,True,False,1010,Android,0,1,0.208
DEV0003139,SIM0003139,CUST003139,2025-01-29,True,False,426,Android,1,1,0.163
DEV0003140,SIM0003140,CUST003140,2025-05-03,True,False,332,Android,0,1,0.36
DEV0003141,SIM0003141,CUST003141,2025-01-14,True,False,441,iOS,0,1,0.116
DEV0003142,SIM0003142,CUST003142,2025-10-10,True,False,172,Android,1,1,0.168
DEV0003143,SIM0003143,CUST003143,2025-11-23,True,False,128,iOS,1,1,0.289
DEV0003144,SIM0003144,CUST003144,2025-01-05,True,False,450,Android,0,1,0.058
DEV0003145,SIM0003145,CUST003145,2025-11-15,True,False,136,Android,0,1,0.121
DEV0003146,SIM0003146,CUST003146,2025-11-11,True,False,140,Android,0,1,0.37
DEV0003147,SIM0003147,CUST003147,2025-05-18,True,False,317,Android,0,1,0.363
DEV0003148,SIM0003148,CUST003148,2024-12-24,True,False,462,Android,0,1,0.161
DEV0003149,SIM0003149,CUST003149,2024-07-15,True,False,624,Android,0,1,0.495
DEV0003150,SIM0003150,CUST003150,2023-12-01,True,False,851,Android,0,1,0.28
DEV0003151,SIM0003151,CUST003151,2025-11-01,True,False,150,Android,0,1,0.026
DEV0003152,SIM0003152,CUST003152,2025-05-27,True,False,308,Android,1,1,0.166
DEV0003153,SIM0003153,CUST003153,2025-11-11,True,False,140,Android,0,1,0.47
DEV0003154,SIM0003154,CUST003154,2025-12-29,True,False,92,Android,0,1,0.083
DEV0003155,SIM0003155,CUST003155,2025-12-16,True,False,105,Android,0,1,0.112
DEV0003156,SIM0003156,CUST003156,2025-11-09,True,False,142,Android,0,1,0.373
DEV0003157,SIM0003157,CUST003157,2024-11-02,True,False,514,Android,0,1,0.172
DEV0003158,SIM0003158,CUST003158,2024-06-05,True,False,664,Android,0,1,0.09
DEV0003159,SIM0003159,CUST003159,2025-10-16,True,False,166,Android,0,1,0.102
DEV0003160,SIM0003160,CUST003160,2025-07-17,True,False,257,Android,0,1,0.12
DEV0003161,SIM0003161,CUST003161,2024-09-25,True,False,552,iOS,0,1,0.115
DEV0003162,SIM0003162,CUST003162,2025-02-26,True,False,398,Android,1,1,0.251
DEV0003163,SIM0003163,CUST003163,2025-05-15,True,False,320,iOS,1,1,0.383
DEV0003164,SIM0003164,CUST003164,2025-04-22,True,False,343,Android,0,1,0.606
DEV0003165,SIM0003165,CUST003165,2023-10-27,True,False,886,Android,0,1,0.151
DEV0003166,SIM0003166,CUST003166,2025-09-04,True,False,208,Android,0,1,0.285
DEV0003167,SIM0003167,CUST003167,2023-11-24,True,False,858,Android,0,1,0.248
DEV0003168,SIM0003168,CUST003168,2025-08-11,True,False,232,Android,0,1,0.166
DEV0003169,SIM0003169,CUST003169,2025-03-24,True,False,372,Android,1,1,0.024
DEV0003170,SIM0003170,CUST003170,2024-05-30,True,False,670,iOS,0,1,0.085
DEV0003171,SIM0003171,CUST003171,2024-12-05,True,False,481,iOS,0,1,0.149
DEV0003172,SIM0003172,CUST003172,2024-11-25,True,False,491,Android,0,1,0.211
DEV0003173,SIM0003173,CUST003173,2025-08-16,True,False,227,Android,0,1,0.359
DEV0003174,SIM0003174,CUST003174,2025-06-30,True,False,274,Android,0,1,0.118
DEV0003175,SIM0003175,CUST003175,2025-10-06,True,False,176,Android,0,1,0.078
DEV0003176,SIM0003176,CUST003176,2024-11-06,True,False,510,Android,0,1,0.05
DEV0003177,SIM0003177,CUST003177,2025-02-08,True,False,416,Android,0,1,0.433
DEV0003178,SIM0003178,CUST003178,2025-09-16,True,False,196,Android,0,1,0.118
DEV0003179,SIM0003179,CUST003179,2023-09-09,True,False,934,Android,0,1,0.105
DEV0003180,SIM0003180,CUST003180,2025-03-27,True,False,369,Android,0,1,0.235
DEV0003181,SIM0003181,CUST003181,2025-06-22,True,False,282,iOS,0,1,0.036
DEV0003182,SIM0003182,CUST003182,2022-02-17,True,False,1503,Android,0,1,0.087
DEV0003183,SIM0003183,CUST003183,2021-12-21,True,False,1561,Android,0,1,0.232
DEV0003184,SIM0003184,CUST003184,2024-10-03,True,False,544,Android,0,1,0.167
DEV0003185,SIM0003185,CUST003185,2025-12-12,True,False,109,Android,0,1,0.079
DEV0003186,SIM0003186,CUST003186,2025-03-28,True,False,368,Android,0,1,0.152
DEV0003187,SIM0003187,CUST003187,2023-03-27,True,False,1100,Android,0,1,0.239
DEV0003188,SIM0003188,CUST003188,2023-03-11,True,False,1116,Android,0,1,0.367
DEV0003189,SIM0003189,CUST003189,2025-12-11,True,False,110,Android,1,1,0.067
DEV0003190,SIM0003190,CUST003190,2025-12-05,True,False,116,Android,1,1,0.226
DEV0003191,SIM0003191,CUST003191,2024-03-06,True,False,755,Android,0,1,0.514
DEV0003192,SIM0003192,CUST003192,2024-09-09,True,False,568,Android,0,1,0.125
DEV0003193,SIM0003193,CUST003193,2024-01-05,True,False,816,Android,0,1,0.246
DEV0003194,SIM0003194,CUST003194,2024-11-22,True,False,494,Android,0,1,0.135
DEV0003195,SIM0003195,CUST003195,2025-11-26,True,False,125,Android,1,1,0.121
DEV0003196,SIM0003196,CUST003196,2025-08-29,True,False,214,Android,0,1,0.046
DEV0003197,SIM0003197,CUST003197,2025-03-17,True,False,379,Android,0,1,0.303
DEV0003198,SIM0003198,CUST003198,2024-11-22,True,False,494,Android,0,1,0.356
DEV0003199,SIM0003199,CUST003199,2025-04-10,True,False,355,Android,1,1,0.218
DEV0003200,SIM0003200,CUST003200,2025-09-30,True,False,182,Android,0,1,0.099
DEV0003201,SIM0003201,CUST003201,2023-06-22,True,False,1013,Android,1,1,0.04
DEV0003202,SIM0003202,CUST003202,2025-12-29,True,False,92,Android,0,1,0.537
DEV0003203,SIM0003203,CUST003203,2024-06-21,True,False,648,Android,0,1,0.155
DEV0003204,SIM0003204,CUST003204,2023-08-23,True,False,951,Android,0,1,0.104
DEV0003205,SIM0003205,CUST003205,2022-10-20,True,False,1258,Android,0,1,0.265
DEV0003206,SIM0003206,CUST003206,2023-09-15,True,False,928,Android,0,1,0.183
DEV0003207,SIM0003207,CUST003207,2025-10-09,True,False,173,Android,0,1,0.139
DEV0003208,SIM0003208,CUST003208,2025-09-01,True,False,211,Android,0,1,0.267
DEV0003209,SIM0003209,CUST003209,2025-11-14,True,False,137,Android,1,1,0.255
DEV0003210,SIM0003210,CUST003210,2023-08-29,True,False,945,Android,1,1,0.331
DEV0003211,SIM0003211,CUST003211,2025-04-26,True,False,339,Android,0,1,0.122
DEV0003212,SIM0003212,CUST003212,2025-01-28,True,False,427,Android,0,1,0.073
DEV0003213,SIM0003213,CUST003213,2025-07-15,True,False,259,Android,0,1,0.216
DEV0003214,SIM0003214,CUST003214,2025-12-28,True,False,93,Android,0,1,0.222
DEV0003215,SIM0003215,CUST003215,2025-12-30,True,False,91,Android,0,1,0.019
DEV0003216,SIM0003216,CUST003216,2025-04-07,True,False,358,Android,0,1,0.218
DEV0003217,SIM0003217,CUST003217,2021-12-10,True,False,1572,Android,0,1,0.203
DEV0003218,SIM0003218,CUST003218,2025-05-25,True,False,310,Android,0,1,0.278
DEV0003219,SIM0003219,CUST003219,2025-06-18,True,False,286,Android,0,1,0.063
DEV0003220,SIM0003220,CUST003220,2025-09-20,True,False,192,Android,0,1,0.215
DEV0003221,SIM0003221,CUST003221,2023-02-14,True,False,1141,Android,0,1,0.286
DEV0003222,SIM0003222,CUST003222,2025-01-19,True,False,436,Android,0,1,0.201
DEV0003223,SIM0003223,CUST003223,2024-12-07,True,False,479,iOS,0,1,0.175
DEV0003224,SIM0003224,CUST003224,2024-07-11,True,False,628,Android,1,1,0.239
DEV0003225,SIM0003225,CUST003225,2025-08-23,True,False,220,Android,0,1,0.187
DEV0003226,SIM0003226,CUST003226,2024-12-25,True,False,461,Android,0,1,0.095
DEV0003227,SIM0003227,CUST003227,2024-10-22,True,False,525,Android,0,1,0.262
DEV0003228,SIM0003228,CUST003228,2023-10-06,True,False,907,Android,1,1,0.194
DEV0003229,SIM0003229,CUST003229,2023-03-29,True,False,1098,Android,1,1,0.423
DEV0003230,SIM0003230,CUST003230,2025-09-22,True,False,190,Android,0,1,0.105
DEV0003231,SIM0003231,CUST003231,2025-11-29,True,False,122,Android,0,1,0.162
DEV0003232,SIM0003232,CUST003232,2025-05-10,True,False,325,Android,0,1,0.078
DEV0003233,SIM0003233,CUST003233,2024-03-11,True,False,750,Android,0,1,0.121
DEV0003234,SIM0003234,CUST003234,2025-08-09,True,False,234,Android,0,1,0.149
DEV0003235,SIM0003235,CUST003235,2025-12-04,True,False,117,Android,0,1,0.179
DEV0003236,SIM0003236,CUST003236,2024-03-24,True,False,737,Android,0,1,0.02
DEV0003237,SIM0003237,CUST003237,2024-04-18,True,False,712,Android,0,1,0.077
DEV0003238,SIM0003238,CUST003238,2025-10-11,True,False,171,Android,0,1,0.219
DEV0003239,SIM0003239,CUST003239,2025-05-28,True,False,307,Android,0,1,0.304
DEV0003240,SIM0003240,CUST003240,2022-06-03,True,False,1397,Android,0,1,0.043
DEV0003241,SIM0003241,CUST003241,2023-07-17,True,False,988,Android,1,1,0.211
DEV0003242,SIM0003242,CUST003242,2023-04-21,True,False,1075,Android,0,1,0.263
DEV0003243,SIM0003243,CUST003243,2025-06-19,True,False,285,Android,0,1,0.034
DEV0003244,SIM0003244,CUST003244,2024-12-10,True,False,476,Android,0,1,0.09
DEV0003245,SIM0003245,CUST003245,2025-08-23,True,False,220,Android,0,1,0.295
DEV0003246,SIM0003246,CUST003246,2025-06-30,True,False,274,Android,0,1,0.053
DEV0003247,SIM0003247,CUST003247,2020-07-17,True,False,2083,Android,0,1,0.054
DEV0003248,SIM0003248,CUST003248,2025-10-15,True,False,167,Android,0,1,0.292
DEV0003249,SIM0003249,CUST003249,2025-02-04,True,False,420,Android,0,1,0.119
DEV0003250,SIM0003250,CUST003250,2024-03-20,True,False,741,iOS,0,1,0.282
DEV0003251,SIM0003251,CUST003251,2025-11-25,True,False,126,Android,1,1,0.515
DEV0003252,SIM0003252,CUST003252,2024-09-17,True,False,560,Android,0,1,0.157
DEV0003253,SIM0003253,CUST003253,2025-08-26,True,False,217,Android,0,1,0.152
DEV0003254,SIM0003254,CUST003254,2025-08-07,True,False,236,Android,0,1,0.089
DEV0003255,SIM0003255,CUST003255,2024-09-04,True,False,573,Android,1,1,0.175
DEV0003256,SIM0003256,CUST003256,2025-09-13,True,False,199,Android,0,1,0.214
DEV0003257,SIM0003257,CUST003257,2023-07-22,True,False,983,Android,1,1,0.142
DEV0003258,SIM0003258,CUST003258,2024-09-29,True,False,548,Android,0,1,0.324
DEV0003259,SIM0003259,CUST003259,2024-09-20,True,False,557,Android,0,1,0.313
DEV0003260,SIM0003260,CUST003260,2025-02-14,True,False,410,Android,0,1,0.286
DEV0003261,SIM0003261,CUST003261,2024-12-16,True,False,470,Android,0,1,0.237
DEV0003262,SIM0003262,CUST003262,2024-07-19,True,False,620,Android,0,1,0.122
DEV0003263,SIM0003263,CUST003263,2025-11-17,True,False,134,Android,0,1,0.123
DEV0003264,SIM0003264,CUST003264,2024-10-15,True,False,532,Android,0,1,0.088
DEV0003265,SIM0003265,CUST003265,2024-05-03,True,False,697,Android,0,1,0.119
DEV0003266,SIM0003266,CUST003266,2025-12-10,True,False,111,iOS,0,1,0.147
DEV0003267,SIM0003267,CUST003267,2024-05-17,True,False,683,Android,0,1,0.222
DEV0003268,SIM0003268,CUST003268,2025-12-25,True,False,96,Android,0,1,0.101
DEV0003269,SIM0003269,CUST003269,2024-07-25,True,False,614,Android,0,1,0.119
DEV0003270,SIM0003270,CUST003270,2025-04-26,True,False,339,Android,2,1,0.142
DEV0003271,SIM0003271,CUST003271,2025-05-26,True,False,309,Android,0,1,0.257
DEV0003272,SIM0003272,CUST003272,2024-11-17,True,False,499,Android,0,1,0.629
DEV0003273,SIM0003273,CUST003273,2024-04-27,True,False,703,Android,0,1,0.256
DEV0003274,SIM0003274,CUST003274,2025-11-19,True,False,132,Android,0,1,0.108
DEV0003275,SIM0003275,CUST003275,2025-04-05,True,False,360,Android,0,1,0.388
DEV0003276,SIM0003276,CUST003276,2025-12-13,True,False,108,Android,1,1,0.02
DEV0003277,SIM0003277,CUST003277,2025-08-19,True,False,224,Android,0,1,0.063
DEV0003278,SIM0003278,CUST003278,2025-04-01,True,False,364,Android,0,1,0.162
DEV0003279,SIM0003279,CUST003279,2025-02-28,True,False,396,Android,0,1,0.346
DEV0003280,SIM0003280,CUST003280,2025-02-27,True,False,397,iOS,0,1,0.027
DEV0003281,SIM0003281,CUST003281,2025-11-24,True,False,127,iOS,0,1,0.19
DEV0003282,SIM0003282,CUST003282,2024-04-22,True,False,708,Android,0,1,0.081
DEV0003283,SIM0003283,CUST003283,2025-11-03,True,False,148,Android,0,1,0.217
DEV0003284,SIM0003284,CUST003284,2025-02-13,True,False,411,Android,0,1,0.086
DEV0003285,SIM0003285,CUST003285,2023-11-29,True,False,853,Android,0,1,0.156
DEV0003286,SIM0003286,CUST003286,2025-10-16,True,False,166,Android,1,1,0.123
DEV0003287,SIM0003287,CUST003287,2024-12-28,True,False,458,Android,0,1,0.026
DEV0003288,SIM0003288,CUST003288,2025-07-14,True,False,260,Android,0,1,0.023
DEV0003289,SIM0003289,CUST003289,2025-12-18,True,False,103,Android,0,1,0.27
DEV0003290,SIM0003290,CUST003290,2025-06-16,True,False,288,Android,0,1,0.257
DEV0003291,SIM0003291,CUST003291,2024-10-24,True,False,523,Android,0,1,0.15
DEV0003292,SIM0003292,CUST003292,2025-04-01,True,False,364,Android,0,1,0.283
DEV0003293,SIM0003293,CUST003293,2025-10-30,True,False,152,Android,0,1,0.096
DEV0003294,SIM0003294,CUST003294,2025-06-15,True,False,289,Android,0,1,0.298
DEV0003295,SIM0003295,CUST003295,2025-04-04,True,False,361,Android,1,1,0.23
DEV0003296,SIM0003296,CUST003296,2024-10-08,True,False,539,Android,0,1,0.281
DEV0003297,SIM0003297,CUST003297,2025-05-09,True,False,326,Android,0,1,0.12
DEV0003298,SIM0003298,CUST003298,2024-05-30,True,False,670,Android,0,1,0.308
DEV0003299,SIM0003299,CUST003299,2024-05-30,True,False,670,Android,0,1,0.237
DEV0003300,SIM0003300,CUST003300,2026-01-01,True,False,89,Android,0,1,0.19
DEV0003301,SIM0003301,CUST003301,2024-03-23,True,False,738,Android,0,1,0.136
DEV0003302,SIM0003302,CUST003302,2025-10-10,True,False,172,Android,1,1,0.164
DEV0003303,SIM0003303,CUST003303,2024-08-01,True,False,607,Android,0,1,0.164
DEV0003304,SIM0003304,CUST003304,2025-05-30,True,False,305,Android,0,1,0.288
DEV0003305,SIM0003305,CUST003305,2023-06-24,True,False,1011,Android,0,1,0.021
DEV0003306,SIM0003306,CUST003306,2025-12-28,True,False,93,iOS,0,1,0.139
DEV0003307,SIM0003307,CUST003307,2025-09-28,True,False,184,Android,0,1,0.4
DEV0003308,SIM0003308,CUST003308,2025-02-26,True,False,398,iOS,0,1,0.556
DEV0003309,SIM0003309,CUST003309,2025-11-21,True,False,130,Android,0,1,0.427
DEV0003310,SIM0003310,CUST003310,2024-12-23,True,False,463,Android,0,1,0.457
DEV0003311,SIM0003311,CUST003311,2025-10-18,True,False,164,Android,0,1,0.087
DEV0003312,SIM0003312,CUST003312,2023-06-12,True,False,1023,Android,0,1,0.228
DEV0003313,SIM0003313,CUST003313,2025-07-19,True,False,255,Android,0,1,0.081
DEV0003314,SIM0003314,CUST003314,2023-08-25,True,False,949,Android,0,1,0.352
DEV0003315,SIM0003315,CUST003315,2024-07-10,True,False,629,Android,0,1,0.181
DEV0003316,SIM0003316,CUST003316,2019-03-17,True,False,2571,Android,0,1,0.113
DEV0003317,SIM0003317,CUST003317,2022-05-13,True,False,1418,Android,0,1,0.3
DEV0003318,SIM0003318,CUST003318,2024-01-19,True,False,802,Android,0,1,0.178
DEV0003319,SIM0003319,CUST003319,2024-06-14,True,False,655,Android,1,1,0.29
DEV0003320,SIM0003320,CUST003320,2023-12-28,True,False,824,Android,0,1,0.143
DEV0003321,SIM0003321,CUST003321,2023-05-08,True,False,1058,Android,0,1,0.433
DEV0003322,SIM0003322,CUST003322,2025-05-04,True,False,331,Android,0,1,0.428
DEV0003323,SIM0003323,CUST003323,2025-11-25,True,False,126,Android,0,1,0.084
DEV0003324,SIM0003324,CUST003324,2025-11-04,True,False,147,Android,0,1,0.398
DEV0003325,SIM0003325,CUST003325,2025-02-17,True,False,407,iOS,0,1,0.22
DEV0003326,SIM0003326,CUST003326,2025-09-24,True,False,188,Android,0,1,0.112
DEV0003327,SIM0003327,CUST003327,2022-09-22,True,False,1286,Android,0,1,0.11
DEV0003328,SIM0003328,CUST003328,2021-11-07,True,False,1605,Android,0,1,0.147
DEV0003329,SIM0003329,CUST003329,2025-12-20,True,False,101,Android,0,1,0.193
DEV0003330,SIM0003330,CUST003330,2025-11-17,True,False,134,iOS,0,1,0.22
DEV0003331,SIM0003331,CUST003331,2024-05-06,True,False,694,Android,0,1,0.115
DEV0003332,SIM0003332,CUST003332,2025-09-19,True,False,193,iOS,0,1,0.375
DEV0003333,SIM0003333,CUST003333,2025-11-05,True,False,146,Android,0,1,0.384
DEV0003334,SIM0003334,CUST003334,2025-12-09,True,False,112,Android,0,1,0.189
DEV0003335,SIM0003335,CUST003335,2025-07-08,True,False,266,Android,0,1,0.185
DEV0003336,SIM0003336,CUST003336,2024-04-06,True,False,724,Android,0,1,0.108
DEV0003337,SIM0003337,CUST003337,2025-03-29,True,False,367,Android,0,1,0.199
DEV0003338,SIM0003338,CUST003338,2023-09-30,True,False,913,Android,0,1,0.153
DEV0003339,SIM0003339,CUST003339,2025-02-26,True,False,398,Android,0,1,0.205
DEV0003340,SIM0003340,CUST003340,2025-12-07,True,False,114,Android,1,1,0.277
DEV0003341,SIM0003341,CUST003341,2025-04-21,True,False,344,Android,0,1,0.005
DEV0003342,SIM0003342,CUST003342,2025-10-11,True,False,171,Android,0,1,0.14
DEV0003343,SIM0003343,CUST003343,2025-10-08,True,False,174,Android,0,1,0.335
DEV0003344,SIM0003344,CUST003344,2025-08-27,True,False,216,Android,2,1,0.284
DEV0003345,SIM0003345,CUST003345,2024-04-09,True,False,721,Android,1,1,0.234
DEV0003346,SIM0003346,CUST003346,2025-09-09,True,False,203,Android,0,1,0.07
DEV0003347,SIM0003347,CUST003347,2025-05-06,True,False,329,Android,1,1,0.155
DEV0003348,SIM0003348,CUST003348,2025-12-27,True,False,94,Android,0,1,0.073
DEV0003349,SIM0003349,CUST003349,2024-09-04,True,False,573,Android,0,1,0.194
DEV0003350,SIM0003350,CUST003350,2025-12-08,True,False,113,Android,0,1,0.166
DEV0003351,SIM0003351,CUST003351,2023-11-18,True,False,864,Android,0,1,0.357
DEV0003352,SIM0003352,CUST003352,2024-09-13,True,False,564,Android,0,1,0.137
DEV0003353,SIM0003353,CUST003353,2024-11-02,True,False,514,Android,1,1,0.103
DEV0003354,SIM0003354,CUST003354,2023-10-16,True,False,897,Android,0,1,0.188
DEV0003355,SIM0003355,CUST003355,2025-02-26,True,False,398,Android,1,1,0.288
DEV0003356,SIM0003356,CUST003356,2025-06-11,True,False,293,iOS,0,1,0.11
DEV0003357,SIM0003357,CUST003357,2023-07-15,True,False,990,Android,0,1,0.071
DEV0003358,SIM0003358,CUST003358,2024-09-02,True,False,575,Android,0,1,0.25
DEV0003359,SIM0003359,CUST003359,2025-04-23,True,False,342,Android,0,1,0.171
DEV0003360,SIM0003360,CUST003360,2024-12-29,True,False,457,iOS,0,1,0.146
DEV0003361,SIM0003361,CUST003361,2025-08-06,True,False,237,Android,0,1,0.369
DEV0003362,SIM0003362,CUST003362,2025-05-27,True,False,308,Android,0,1,0.34
DEV0003363,SIM0003363,CUST003363,2025-06-05,True,False,299,Android,0,1,0.098
DEV0003364,SIM0003364,CUST003364,2023-11-19,True,False,863,Android,0,1,0.134
DEV0003365,SIM0003365,CUST003365,2023-05-24,True,False,1042,iOS,0,1,0.231
DEV0003366,SIM0003366,CUST003366,2025-07-21,True,False,253,Android,0,1,0.128
DEV0003367,SIM0003367,CUST003367,2024-01-31,True,False,790,Android,0,1,0.1
DEV0003368,SIM0003368,CUST003368,2025-10-11,True,False,171,Android,0,1,0.199
DEV0003369,SIM0003369,CUST003369,2025-12-02,True,False,119,Android,0,1,0.446
DEV0003370,SIM0003370,CUST003370,2025-10-16,True,False,166,Android,0,1,0.232
DEV0003371,SIM0003371,CUST003371,2025-09-28,True,False,184,Android,0,1,0.187
DEV0003372,SIM0003372,CUST003372,2025-05-19,True,False,316,Android,0,1,0.205
DEV0003373,SIM0003373,CUST003373,2024-11-15,True,False,501,Android,0,1,0.008
DEV0003374,SIM0003374,CUST003374,2024-03-26,True,False,735,Android,0,1,0.118
DEV0003375,SIM0003375,CUST003375,2025-05-06,True,False,329,Android,0,1,0.27
DEV0003376,SIM0003376,CUST003376,2025-12-21,True,False,100,Android,2,1,0.295
DEV0003377,SIM0003377,CUST003377,2024-09-06,True,False,571,Android,0,1,0.279
DEV0003378,SIM0003378,CUST003378,2022-10-22,True,False,1256,Android,0,1,0.219
DEV0003379,SIM0003379,CUST003379,2025-07-20,True,False,254,Android,0,1,0.211
DEV0003380,SIM0003380,CUST003380,2025-09-23,True,False,189,Android,0,1,0.041
DEV0003381,SIM0003381,CUST003381,2023-07-02,True,False,1003,Android,2,1,0.295
DEV0003382,SIM0003382,CUST003382,2025-09-11,True,False,201,Android,0,1,0.146
DEV0003383,SIM0003383,CUST003383,2025-06-23,True,False,281,Android,0,1,0.03
DEV0003384,SIM0003384,CUST003384,2022-11-21,True,False,1226,Android,0,1,0.169
DEV0003385,SIM0003385,CUST003385,2025-11-28,True,False,123,Android,0,1,0.107
DEV0003386,SIM0003386,CUST003386,2024-10-16,True,False,531,Android,0,1,0.101
DEV0003387,SIM0003387,CUST003387,2025-08-21,True,False,222,Android,0,1,0.234
DEV0003388,SIM0003388,CUST003388,2023-05-30,True,False,1036,Android,0,1,0.16
DEV0003389,SIM0003389,CUST003389,2024-04-17,True,False,713,Android,0,1,0.372
DEV0003390,SIM0003390,CUST003390,2024-07-21,True,False,618,Android,0,1,0.151
DEV0003391,SIM0003391,CUST003391,2024-05-25,True,False,675,Android,0,1,0.097
DEV0003392,SIM0003392,CUST003392,2025-06-29,True,False,275,Android,0,1,0.073
DEV0003393,SIM0003393,CUST003393,2023-09-30,True,False,913,Android,0,1,0.199
DEV0003394,SIM0003394,CUST003394,2025-09-09,True,False,203,Android,1,1,0.381
DEV0003395,SIM0003395,CUST003395,2025-10-26,True,False,156,Android,0,1,0.157
DEV0003396,SIM0003396,CUST003396,2024-07-28,True,False,611,Android,0,1,0.368
DEV0003397,SIM0003397,CUST003397,2025-07-07,True,False,267,iOS,0,1,0.326
DEV0003398,SIM0003398,CUST003398,2025-11-01,True,False,150,Android,0,1,0.23
DEV0003399,SIM0003399,CUST003399,2025-02-02,True,False,422,Android,0,1,0.098
DEV0003400,SIM0003400,CUST003400,2025-09-25,True,False,187,Android,0,1,0.188
DEV0003401,SIM0003401,CUST003401,2024-08-31,True,False,577,Android,0,1,0.095
DEV0003402,SIM0003402,CUST003402,2025-12-30,True,False,91,Android,0,1,0.129
DEV0003403,SIM0003403,CUST003403,2023-08-20,True,False,954,Android,0,1,0.22
DEV0003404,SIM0003404,CUST003404,2025-04-20,True,False,345,iOS,0,1,0.319
DEV0003405,SIM0003405,CUST003405,2024-07-09,True,False,630,Android,1,1,0.281
DEV0003406,SIM0003406,CUST003406,2025-04-19,True,False,346,Android,0,1,0.199
DEV0003407,SIM0003407,CUST003407,2025-11-09,True,False,142,Android,0,1,0.213
DEV0003408,SIM0003408,CUST003408,2024-10-27,True,False,520,Android,0,1,0.14
DEV0003409,SIM0003409,CUST003409,2025-12-17,True,False,104,Android,0,1,0.103
DEV0003410,SIM0003410,CUST003410,2025-08-01,True,False,242,Android,0,1,0.528
DEV0003411,SIM0003411,CUST003411,2025-04-21,True,False,344,Android,0,1,0.157
DEV0003412,SIM0003412,CUST003412,2022-10-18,True,False,1260,Android,0,1,0.168
DEV0003413,SIM0003413,CUST003413,2024-08-23,True,False,585,Android,0,1,0.221
DEV0003414,SIM0003414,CUST003414,2024-11-11,True,False,505,Android,0,1,0.322
DEV0003415,SIM0003415,CUST003415,2025-12-27,True,False,94,Android,0,1,0.272
DEV0003416,SIM0003416,CUST003416,2025-02-23,True,False,401,Android,0,1,0.231
DEV0003417,SIM0003417,CUST003417,2024-05-08,True,False,692,iOS,0,1,0.239
DEV0003418,SIM0003418,CUST003418,2025-11-24,True,False,127,Android,0,1,0.235
DEV0003419,SIM0003419,CUST003419,2024-10-18,True,False,529,Android,0,1,0.339
DEV0003420,SIM0003420,CUST003420,2025-05-27,True,False,308,Android,0,1,0.107
DEV0003421,SIM0003421,CUST003421,2025-11-11,True,False,140,Android,1,1,0.275
DEV0003422,SIM0003422,CUST003422,2025-01-22,True,False,433,Android,1,1,0.211
DEV0003423,SIM0003423,CUST003423,2025-10-21,True,False,161,Android,0,1,0.111
DEV0003424,SIM0003424,CUST003424,2024-12-10,True,False,476,Android,0,1,0.08
DEV0003425,SIM0003425,CUST003425,2025-12-22,True,False,99,Android,0,1,0.13
DEV0003426,SIM0003426,CUST003426,2025-12-12,True,False,109,Android,0,1,0.224
DEV0003427,SIM0003427,CUST003427,2025-05-19,True,False,316,Android,0,1,0.195
DEV0003428,SIM0003428,CUST003428,2025-12-02,True,False,119,Android,1,1,0.168
DEV0003429,SIM0003429,CUST003429,2025-07-09,True,False,265,Android,0,1,0.075
DEV0003430,SIM0003430,CUST003430,2026-01-01,True,False,89,iOS,1,1,0.43
DEV0003431,SIM0003431,CUST003431,2024-02-13,True,False,777,Android,1,1,0.242
DEV0003432,SIM0003432,CUST003432,2024-12-29,True,False,457,Android,0,1,0.122
DEV0003433,SIM0003433,CUST003433,2025-12-25,True,False,96,iOS,0,1,0.416
DEV0003434,SIM0003434,CUST003434,2023-05-16,True,False,1050,Android,0,1,0.383
DEV0003435,SIM0003435,CUST003435,2024-05-09,True,False,691,Android,0,1,0.307
DEV0003436,SIM0003436,CUST003436,2025-01-14,True,False,441,Android,0,1,0.48
DEV0003437,SIM0003437,CUST003437,2023-10-24,True,False,889,Android,0,1,0.415
DEV0003438,SIM0003438,CUST003438,2024-06-09,True,False,660,Android,0,1,0.05
DEV0003439,SIM0003439,CUST003439,2025-11-05,True,False,146,Android,0,1,0.306
DEV0003440,SIM0003440,CUST003440,2025-12-18,True,False,103,Android,0,1,0.053
DEV0003441,SIM0003441,CUST003441,2023-11-08,True,False,874,Android,0,1,0.156
DEV0003442,SIM0003442,CUST003442,2025-11-30,True,False,121,Android,1,1,0.406
DEV0003443,SIM0003443,CUST003443,2024-03-06,True,False,755,Android,0,1,0.323
DEV0003444,SIM0003444,CUST003444,2025-06-07,True,False,297,iOS,0,1,0.245
DEV0003445,SIM0003445,CUST003445,2025-09-30,True,False,182,Android,0,1,0.124
DEV0003446,SIM0003446,CUST003446,2023-09-11,True,False,932,Android,0,1,0.14
DEV0003447,SIM0003447,CUST003447,2023-12-16,True,False,836,Android,0,1,0.209
DEV0003448,SIM0003448,CUST003448,2025-07-26,True,False,248,Android,0,1,0.065
DEV0003449,SIM0003449,CUST003449,2025-12-22,True,False,99,Android,0,1,0.057
DEV0003450,SIM0003450,CUST003450,2024-09-29,True,False,548,Android,0,1,0.084
DEV0003451,SIM0003451,CUST003451,2025-06-22,True,False,282,Android,0,1,0.14
DEV0003452,SIM0003452,CUST003452,2025-12-05,True,False,116,Android,0,1,0.151
DEV0003453,SIM0003453,CUST003453,2025-09-26,True,False,186,iOS,0,1,0.116
DEV0003454,SIM0003454,CUST003454,2023-06-06,True,False,1029,Android,0,1,0.074
DEV0003455,SIM0003455,CUST003455,2025-12-06,True,False,115,Android,0,1,0.02
DEV0003456,SIM0003456,CUST003456,2025-02-18,True,False,406,Android,0,1,0.123
DEV0003457,SIM0003457,CUST003457,2025-02-07,True,False,417,Android,0,1,0.123
DEV0003458,SIM0003458,CUST003458,2025-12-21,True,False,100,Android,0,1,0.121
DEV0003459,SIM0003459,CUST003459,2025-03-24,True,False,372,Android,0,1,0.064
DEV0003460,SIM0003460,CUST003460,2024-06-27,True,False,642,Android,0,1,0.155
DEV0003461,SIM0003461,CUST003461,2025-04-27,True,False,338,Android,0,1,0.16
DEV0003462,SIM0003462,CUST003462,2024-11-07,True,False,509,Android,0,1,0.36
DEV0003463,SIM0003463,CUST003463,2024-10-16,True,False,531,iOS,0,1,0.141
DEV0003464,SIM0003464,CUST003464,2025-10-24,True,False,158,Android,0,1,0.252
DEV0003465,SIM0003465,CUST003465,2024-12-27,True,False,459,Android,0,1,0.098
DEV0003466,SIM0003466,CUST003466,2023-02-23,True,False,1132,Android,0,1,0.232
DEV0003467,SIM0003467,CUST003467,2025-11-11,True,False,140,Android,0,1,0.09
DEV0003468,SIM0003468,CUST003468,2025-02-10,True,False,414,Android,0,1,0.221
DEV0003469,SIM0003469,CUST003469,2023-08-30,True,False,944,Android,0,1,0.207
DEV0003470,SIM0003470,CUST003470,2025-02-25,True,False,399,Android,1,1,0.097
DEV0003471,SIM0003471,CUST003471,2024-10-02,True,False,545,Android,0,1,0.122
DEV0003472,SIM0003472,CUST003472,2024-05-05,True,False,695,Android,0,1,0.398
DEV0003473,SIM0003473,CUST003473,2023-07-02,True,False,1003,Android,0,1,0.108
DEV0003474,SIM0003474,CUST003474,2025-11-07,True,False,144,Android,0,1,0.26
DEV0003475,SIM0003475,CUST003475,2025-03-28,True,False,368,iOS,0,1,0.084
DEV0003476,SIM0003476,CUST003476,2024-01-08,True,False,813,iOS,0,1,0.055
DEV0003477,SIM0003477,CUST003477,2025-03-31,True,False,365,Android,0,1,0.405
DEV0003478,SIM0003478,CUST003478,2025-11-05,True,False,146,Android,0,1,0.465
DEV0003479,SIM0003479,CUST003479,2025-09-11,True,False,201,Android,0,1,0.059
DEV0003480,SIM0003480,CUST003480,2025-09-16,True,False,196,Android,0,1,0.186
DEV0003481,SIM0003481,CUST003481,2025-11-12,True,False,139,Android,0,1,0.381
DEV0003482,SIM0003482,CUST003482,2025-12-22,True,False,99,Android,0,1,0.277
DEV0003483,SIM0003483,CUST003483,2025-11-29,True,False,122,iOS,0,1,0.177
DEV0003484,SIM0003484,CUST003484,2025-11-29,True,False,122,Android,0,1,0.344
DEV0003485,SIM0003485,CUST003485,2024-09-07,True,False,570,Android,0,1,0.043
DEV0003486,SIM0003486,CUST003486,2025-12-23,True,False,98,Android,0,1,0.191
DEV0003487,SIM0003487,CUST003487,2025-11-01,True,False,150,Android,0,1,0.082
DEV0003488,SIM0003488,CUST003488,2021-11-10,True,False,1602,Android,0,1,0.074
DEV0003489,SIM0003489,CUST003489,2025-10-31,True,False,151,Android,0,1,0.26
DEV0003490,SIM0003490,CUST003490,2024-08-08,True,False,600,Android,0,1,0.088
DEV0003491,SIM0003491,CUST003491,2025-02-23,True,False,401,Android,1,1,0.181
DEV0003492,SIM0003492,CUST003492,2025-10-30,True,False,152,Android,0,1,0.386
DEV0003493,SIM0003493,CUST003493,2024-08-02,True,False,606,Android,0,1,0.291
DEV0003494,SIM0003494,CUST003494,2025-06-26,True,False,278,Android,0,1,0.188
DEV0003495,SIM0003495,CUST003495,2025-12-10,True,False,111,Android,0,1,0.366
DEV0003496,SIM0003496,CUST003496,2025-06-20,True,False,284,Android,0,1,0.372
DEV0003497,SIM0003497,CUST003497,2025-03-08,True,False,388,Android,0,1,0.21
DEV0003498,SIM0003498,CUST003498,2025-12-15,True,False,106,Android,0,1,0.404
DEV0003499,SIM0003499,CUST003499,2025-03-13,True,False,383,Android,0,1,0.699
DEV0003500,SIM0003500,CUST003500,2025-11-25,True,False,126,Android,0,1,0.304
DEV0003501,SIM0003501,CUST003501,2024-11-07,True,False,509,Android,0,1,0.433
DEV0003502,SIM0003502,CUST003502,2023-10-07,True,False,906,Android,1,1,0.212
DEV0003503,SIM0003503,CUST003503,2025-06-05,True,False,299,Android,0,1,0.063
DEV0003504,SIM0003504,CUST003504,2024-11-06,True,False,510,Android,0,1,0.086
DEV0003505,SIM0003505,CUST003505,2023-10-25,True,False,888,Android,0,1,0.386
DEV0003506,SIM0003506,CUST003506,2024-10-26,True,False,521,Android,0,1,0.015
DEV0003507,SIM0003507,CUST003507,2025-01-22,True,False,433,Android,0,1,0.17
DEV0003508,SIM0003508,CUST003508,2024-12-04,True,False,482,Android,1,1,0.151
DEV0003509,SIM0003509,CUST003509,2024-12-20,True,False,466,Android,0,1,0.214
DEV0003510,SIM0003510,CUST003510,2025-07-14,True,False,260,Android,0,1,0.197
DEV0003511,SIM0003511,CUST003511,2024-02-17,True,False,773,Android,0,1,0.196
DEV0003512,SIM0003512,CUST003512,2023-07-20,True,False,985,Android,0,1,0.111
DEV0003513,SIM0003513,CUST003513,2024-11-13,True,False,503,Android,1,1,0.063
DEV0003514,SIM0003514,CUST003514,2025-07-07,True,False,267,Android,0,1,0.234
DEV0003515,SIM0003515,CUST003515,2024-08-11,True,False,597,iOS,0,1,0.211
DEV0003516,SIM0003516,CUST003516,2024-08-24,True,False,584,Android,1,1,0.237
DEV0003517,SIM0003517,CUST003517,2025-11-19,True,False,132,Android,0,1,0.228
DEV0003518,SIM0003518,CUST003518,2023-12-12,True,False,840,Android,0,1,0.447
DEV0003519,SIM0003519,CUST003519,2023-09-17,True,False,926,Android,0,1,0.129
DEV0003520,SIM0003520,CUST003520,2025-12-25,True,False,96,Android,1,1,0.189
DEV0003521,SIM0003521,CUST003521,2024-09-17,True,False,560,Android,0,1,0.279
DEV0003522,SIM0003522,CUST003522,2024-11-23,True,False,493,Android,0,1,0.292
DEV0003523,SIM0003523,CUST003523,2025-06-07,True,False,297,Android,0,1,0.059
DEV0003524,SIM0003524,CUST003524,2025-01-29,True,False,426,iOS,0,1,0.51
DEV0003525,SIM0003525,CUST003525,2025-09-28,True,False,184,Android,0,1,0.157
DEV0003526,SIM0003526,CUST003526,2025-08-19,True,False,224,Android,0,1,0.219
DEV0003527,SIM0003527,CUST003527,2025-08-25,True,False,218,Android,0,1,0.275
DEV0003528,SIM0003528,CUST003528,2023-11-01,True,False,881,Android,0,1,0.107
DEV0003529,SIM0003529,CUST003529,2025-09-04,True,False,208,iOS,1,1,0.298
DEV0003530,SIM0003530,CUST003530,2024-08-26,True,False,582,Android,0,1,0.089
DEV0003531,SIM0003531,CUST003531,2025-01-18,True,False,437,Android,0,1,0.246
DEV0003532,SIM0003532,CUST003532,2025-08-27,True,False,216,Android,1,1,0.193
DEV0003533,SIM0003533,CUST003533,2024-11-12,True,False,504,Android,0,1,0.061
DEV0003534,SIM0003534,CUST003534,2023-02-14,True,False,1141,iOS,0,1,0.265
DEV0003535,SIM0003535,CUST003535,2024-02-18,True,False,772,Android,0,1,0.068
DEV0003536,SIM0003536,CUST003536,2024-10-24,True,False,523,Android,0,1,0.21
DEV0003537,SIM0003537,CUST003537,2024-09-09,True,False,568,Android,0,1,0.13
DEV0003538,SIM0003538,CUST003538,2025-11-03,True,False,148,Android,0,1,0.132
DEV0003539,SIM0003539,CUST003539,2025-08-18,True,False,225,Android,0,1,0.129
DEV0003540,SIM0003540,CUST003540,2025-02-19,True,False,405,Android,0,1,0.428
DEV0003541,SIM0003541,CUST003541,2025-10-01,True,False,181,Android,0,1,0.171
DEV0003542,SIM0003542,CUST003542,2023-02-07,True,False,1148,Android,0,1,0.051
DEV0003543,SIM0003543,CUST003543,2025-09-23,True,False,189,iOS,0,1,0.072
DEV0003544,SIM0003544,CUST003544,2025-03-18,True,False,378,Android,0,1,0.259
DEV0003545,SIM0003545,CUST003545,2024-02-14,True,False,776,Android,0,1,0.534
DEV0003546,SIM0003546,CUST003546,2024-07-24,True,False,615,Android,0,1,0.057
DEV0003547,SIM0003547,CUST003547,2023-06-30,True,False,1005,Android,0,1,0.182
DEV0003548,SIM0003548,CUST003548,2024-06-06,True,False,663,Android,0,1,0.38
DEV0003549,SIM0003549,CUST003549,2025-10-19,True,False,163,Android,0,1,0.03
DEV0003550,SIM0003550,CUST003550,2025-12-10,True,False,111,Android,0,1,0.321
DEV0003551,SIM0003551,CUST003551,2023-11-26,True,False,856,iOS,0,1,0.126
DEV0003552,SIM0003552,CUST003552,2023-05-28,True,False,1038,Android,0,1,0.297
DEV0003553,SIM0003553,CUST003553,2023-04-23,True,False,1073,Android,0,1,0.097
DEV0003554,SIM0003554,CUST003554,2024-08-22,True,False,586,Android,0,1,0.136
DEV0003555,SIM0003555,CUST003555,2023-08-08,True,False,966,Android,0,1,0.012
DEV0003556,SIM0003556,CUST003556,2024-12-16,True,False,470,Android,1,1,0.179
DEV0003557,SIM0003557,CUST003557,2025-03-15,True,False,381,Android,0,1,0.209
DEV0003558,SIM0003558,CUST003558,2024-11-23,True,False,493,Android,0,1,0.241
DEV0003559,SIM0003559,CUST003559,2025-08-20,True,False,223,Android,0,1,0.256
DEV0003560,SIM0003560,CUST003560,2025-11-18,True,False,133,iOS,1,1,0.29
DEV0003561,SIM0003561,CUST003561,2024-07-01,True,False,638,Android,0,1,0.306
DEV0003562,SIM0003562,CUST003562,2024-12-07,True,False,479,Android,0,1,0.106
DEV0003563,SIM0003563,CUST003563,2025-11-05,True,False,146,Android,0,1,0.051
DEV0003564,SIM0003564,CUST003564,2025-06-25,True,False,279,Android,0,1,0.04
DEV0003565,SIM0003565,CUST003565,2023-11-14,True,False,868,Android,0,1,0.122
DEV0003566,SIM0003566,CUST003566,2024-12-30,True,False,456,Android,0,1,0.122
DEV0003567,SIM0003567,CUST003567,2025-08-28,True,False,215,Android,1,1,0.237
DEV0003568,SIM0003568,CUST003568,2025-08-12,True,False,231,Android,0,1,0.06
DEV0003569,SIM0003569,CUST003569,2025-05-25,True,False,310,Android,0,1,0.48
DEV0003570,SIM0003570,CUST003570,2024-04-22,True,False,708,Android,1,1,0.055
DEV0003571,SIM0003571,CUST003571,2025-06-24,True,False,280,iOS,0,1,0.106
DEV0003572,SIM0003572,CUST003572,2024-02-27,True,False,763,Android,1,1,0.235
DEV0003573,SIM0003573,CUST003573,2025-09-26,True,False,186,Android,0,1,0.316
DEV0003574,SIM0003574,CUST003574,2024-09-08,True,False,569,Android,1,1,0.094
DEV0003575,SIM0003575,CUST003575,2025-10-12,True,False,170,Android,0,1,0.162
DEV0003576,SIM0003576,CUST003576,2024-06-30,True,False,639,Android,0,1,0.189
DEV0003577,SIM0003577,CUST003577,2025-04-15,True,False,350,Android,0,1,0.229
DEV0003578,SIM0003578,CUST003578,2025-12-28,True,False,93,Android,0,1,0.076
DEV0003579,SIM0003579,CUST003579,2022-11-03,True,False,1244,Android,0,1,0.342
DEV0003580,SIM0003580,CUST003580,2024-07-29,True,False,610,iOS,0,1,0.139
DEV0003581,SIM0003581,CUST003581,2025-07-25,True,False,249,Android,0,1,0.093
DEV0003582,SIM0003582,CUST003582,2025-09-21,True,False,191,Android,1,1,0.214
DEV0003583,SIM0003583,CUST003583,2023-12-26,True,False,826,Android,0,1,0.068
DEV0003584,SIM0003584,CUST003584,2021-01-28,True,False,1888,Android,1,1,0.204
DEV0003585,SIM0003585,CUST003585,2024-04-26,True,False,704,Android,0,1,0.112
DEV0003586,SIM0003586,CUST003586,2025-09-23,True,False,189,Android,1,1,0.136
DEV0003587,SIM0003587,CUST003587,2024-07-20,True,False,619,Android,0,1,0.149
DEV0003588,SIM0003588,CUST003588,2022-10-10,True,False,1268,Android,0,1,0.173
DEV0003589,SIM0003589,CUST003589,2024-10-21,True,False,526,Android,1,1,0.109
DEV0003590,SIM0003590,CUST003590,2024-03-13,True,False,748,iOS,0,1,0.089
DEV0003591,SIM0003591,CUST003591,2019-08-20,True,False,2415,Android,0,1,0.456
DEV0003592,SIM0003592,CUST003592,2025-10-11,True,False,171,Android,0,1,0.115
DEV0003593,SIM0003593,CUST003593,2025-05-07,True,False,328,Android,0,1,0.118
DEV0003594,SIM0003594,CUST003594,2025-11-03,True,False,148,Android,0,1,0.345
DEV0003595,SIM0003595,CUST003595,2025-10-30,True,False,152,Android,1,1,0.207
DEV0003596,SIM0003596,CUST003596,2025-09-17,True,False,195,Android,0,1,0.078
DEV0003597,SIM0003597,CUST003597,2025-11-08,True,False,143,Android,1,1,0.142
DEV0003598,SIM0003598,CUST003598,2025-04-17,True,False,348,iOS,0,1,0.163
DEV0003599,SIM0003599,CUST003599,2025-01-25,True,False,430,Android,0,1,0.113
DEV0003600,SIM0003600,CUST003600,2024-02-23,True,False,767,Android,0,1,0.33
DEV0003601,SIM0003601,CUST003601,2025-03-14,True,False,382,Android,0,1,0.285
DEV0003602,SIM0003602,CUST003602,2024-12-26,True,False,460,Android,0,1,0.085
DEV0003603,SIM0003603,CUST003603,2025-02-24,True,False,400,iOS,0,1,0.225
DEV0003604,SIM0003604,CUST003604,2025-07-02,True,False,272,Android,0,1,0.322
DEV0003605,SIM0003605,CUST003605,2021-05-13,True,False,1783,Android,1,1,0.048
DEV0003606,SIM0003606,CUST003606,2025-11-09,True,False,142,Android,0,1,0.204
DEV0003607,SIM0003607,CUST003607,2025-10-21,True,False,161,Android,0,1,0.169
DEV0003608,SIM0003608,CUST003608,2025-08-17,True,False,226,Android,0,1,0.078
DEV0003609,SIM0003609,CUST003609,2025-10-07,True,False,175,Android,0,1,0.112
DEV0003610,SIM0003610,CUST003610,2025-09-26,True,False,186,Android,0,1,0.151
DEV0003611,SIM0003611,CUST003611,2025-11-19,True,False,132,Android,1,1,0.154
DEV0003612,SIM0003612,CUST003612,2025-09-13,True,False,199,Android,0,1,0.33
DEV0003613,SIM0003613,CUST003613,2024-01-22,True,False,799,Android,0,1,0.101
DEV0003614,SIM0003614,CUST003614,2025-06-25,True,False,279,Android,0,1,0.166
DEV0003615,SIM0003615,CUST003615,2024-12-24,True,False,462,Android,0,1,0.157
DEV0003616,SIM0003616,CUST003616,2025-11-05,True,False,146,Android,0,1,0.285
DEV0003617,SIM0003617,CUST003617,2025-01-12,True,False,443,iOS,1,1,0.373
DEV0003618,SIM0003618,CUST003618,2023-03-29,True,False,1098,Android,1,1,0.136
DEV0003619,SIM0003619,CUST003619,2025-07-27,True,False,247,Android,0,1,0.155
DEV0003620,SIM0003620,CUST003620,2025-10-08,True,False,174,Android,0,1,0.051
DEV0003621,SIM0003621,CUST003621,2025-09-19,True,False,193,Android,0,1,0.118
DEV0003622,SIM0003622,CUST003622,2025-07-24,True,False,250,Android,0,1,0.077
DEV0003623,SIM0003623,CUST003623,2025-07-10,True,False,264,iOS,1,1,0.243
DEV0003624,SIM0003624,CUST003624,2025-09-20,True,False,192,Android,0,1,0.035
DEV0003625,SIM0003625,CUST003625,2020-07-31,True,False,2069,iOS,0,1,0.086
DEV0003626,SIM0003626,CUST003626,2025-12-15,True,False,106,Android,0,1,0.373
DEV0003627,SIM0003627,CUST003627,2024-09-16,True,False,561,Android,0,1,0.308
DEV0003628,SIM0003628,CUST003628,2025-07-05,True,False,269,Android,0,1,0.09
DEV0003629,SIM0003629,CUST003629,2025-01-13,True,False,442,iOS,0,1,0.231
DEV0003630,SIM0003630,CUST003630,2022-04-27,True,False,1434,Android,0,1,0.37
DEV0003631,SIM0003631,CUST003631,2023-12-27,True,False,825,Android,1,1,0.175
DEV0003632,SIM0003632,CUST003632,2024-07-28,True,False,611,Android,1,1,0.33
DEV0003633,SIM0003633,CUST003633,2023-09-29,True,False,914,Android,0,1,0.118
DEV0003634,SIM0003634,CUST003634,2022-02-02,True,False,1518,Android,0,1,0.051
DEV0003635,SIM0003635,CUST003635,2024-06-08,True,False,661,Android,0,1,0.155
DEV0003636,SIM0003636,CUST003636,2025-06-05,True,False,299,Android,0,1,0.119
DEV0003637,SIM0003637,CUST003637,2025-08-20,True,False,223,Android,0,1,0.245
DEV0003638,SIM0003638,CUST003638,2025-11-19,True,False,132,Android,0,1,0.148
DEV0003639,SIM0003639,CUST003639,2025-11-11,True,False,140,Android,0,1,0.134
DEV0003640,SIM0003640,CUST003640,2025-06-30,True,False,274,Android,0,1,0.123
DEV0003641,SIM0003641,CUST003641,2025-03-17,True,False,379,Android,0,1,0.175
DEV0003642,SIM0003642,CUST003642,2025-11-27,True,False,124,Android,0,1,0.12
DEV0003643,SIM0003643,CUST003643,2024-06-12,True,False,657,Android,0,1,0.075
DEV0003644,SIM0003644,CUST003644,2025-08-28,True,False,215,Android,0,1,0.385
DEV0003645,SIM0003645,CUST003645,2025-01-13,True,False,442,Android,0,1,0.376
DEV0003646,SIM0003646,CUST003646,2025-07-03,True,False,271,Android,0,1,0.275
DEV0003647,SIM0003647,CUST003647,2024-08-08,True,False,600,Android,0,1,0.216
DEV0003648,SIM0003648,CUST003648,2025-11-13,True,False,138,Android,0,1,0.113
DEV0003649,SIM0003649,CUST003649,2024-03-22,True,False,739,Android,0,1,0.203
DEV0003650,SIM0003650,CUST003650,2024-02-20,True,False,770,Android,0,1,0.378
DEV0003651,SIM0003651,CUST003651,2025-08-08,True,False,235,Android,0,1,0.351
DEV0003652,SIM0003652,CUST003652,2024-03-14,True,False,747,Android,1,1,0.151
DEV0003653,SIM0003653,CUST003653,2024-06-06,True,False,663,Android,0,1,0.102
DEV0003654,SIM0003654,CUST003654,2025-12-01,True,False,120,Android,0,1,0.026
DEV0003655,SIM0003655,CUST003655,2025-04-14,True,False,351,Android,1,1,0.464
DEV0003656,SIM0003656,CUST003656,2025-09-22,True,False,190,Android,0,1,0.02
DEV0003657,SIM0003657,CUST003657,2024-01-07,True,False,814,iOS,0,1,0.042
DEV0003658,SIM0003658,CUST003658,2025-05-23,True,False,312,Android,0,1,0.096
DEV0003659,SIM0003659,CUST003659,2025-02-16,True,False,408,Android,0,1,0.119
DEV0003660,SIM0003660,CUST003660,2024-12-08,True,False,478,Android,0,1,0.196
DEV0003661,SIM0003661,CUST003661,2022-03-18,True,False,1474,Android,0,1,0.043
DEV0003662,SIM0003662,CUST003662,2025-12-18,True,False,103,iOS,0,1,0.204
DEV0003663,SIM0003663,CUST003663,2024-11-15,True,False,501,Android,0,1,0.273
DEV0003664,SIM0003664,CUST003664,2025-09-28,True,False,184,Android,0,1,0.018
DEV0003665,SIM0003665,CUST003665,2020-07-25,True,False,2075,iOS,0,1,0.146
DEV0003666,SIM0003666,CUST003666,2025-09-24,True,False,188,Android,0,1,0.03
DEV0003667,SIM0003667,CUST003667,2022-01-31,True,False,1520,Android,1,1,0.429
DEV0003668,SIM0003668,CUST003668,2025-07-06,True,False,268,Android,0,1,0.259
DEV0003669,SIM0003669,CUST003669,2025-09-28,True,False,184,Android,1,1,0.367
DEV0003670,SIM0003670,CUST003670,2025-03-26,True,False,370,Android,0,1,0.062
DEV0003671,SIM0003671,CUST003671,2025-06-15,True,False,289,Android,0,1,0.249
DEV0003672,SIM0003672,CUST003672,2025-04-13,True,False,352,Android,0,1,0.191
DEV0003673,SIM0003673,CUST003673,2025-08-23,True,False,220,Android,1,1,0.075
DEV0003674,SIM0003674,CUST003674,2025-08-24,True,False,219,Android,0,1,0.03
DEV0003675,SIM0003675,CUST003675,2024-06-20,True,False,649,Android,0,1,0.045
DEV0003676,SIM0003676,CUST003676,2025-02-09,True,False,415,Android,0,1,0.291
DEV0003677,SIM0003677,CUST003677,2024-11-13,True,False,503,Android,0,1,0.275
DEV0003678,SIM0003678,CUST003678,2024-05-02,True,False,698,Android,0,1,0.347
DEV0003679,SIM0003679,CUST003679,2025-12-23,True,False,98,Android,0,1,0.061
DEV0003680,SIM0003680,CUST003680,2025-08-02,True,False,241,Android,0,1,0.087
DEV0003681,SIM0003681,CUST003681,2025-02-03,True,False,421,Android,0,1,0.072
DEV0003682,SIM0003682,CUST003682,2025-10-21,True,False,161,Android,1,1,0.168
DEV0003683,SIM0003683,CUST003683,2025-08-22,True,False,221,Android,0,1,0.182
DEV0003684,SIM0003684,CUST003684,2023-04-19,True,False,1077,Android,0,1,0.178
DEV0003685,SIM0003685,CUST003685,2025-08-17,True,False,226,Android,0,1,0.043
DEV0003686,SIM0003686,CUST003686,2025-08-21,True,False,222,Android,0,1,0.274
DEV0003687,SIM0003687,CUST003687,2024-01-30,True,False,791,Android,1,1,0.143
DEV0003688,SIM0003688,CUST003688,2024-08-07,True,False,601,Android,0,1,0.149
DEV0003689,SIM0003689,CUST003689,2023-09-18,True,False,925,Android,0,1,0.188
DEV0003690,SIM0003690,CUST003690,2025-05-15,True,False,320,Android,0,1,0.061
DEV0003691,SIM0003691,CUST003691,2025-10-02,True,False,180,Android,0,1,0.117
DEV0003692,SIM0003692,CUST003692,2025-03-17,True,False,379,Android,1,1,0.35
DEV0003693,SIM0003693,CUST003693,2025-07-08,True,False,266,Android,0,1,0.099
DEV0003694,SIM0003694,CUST003694,2025-12-07,True,False,114,Android,0,1,0.24
DEV0003695,SIM0003695,CUST003695,2025-03-31,True,False,365,Android,0,1,0.12
DEV0003696,SIM0003696,CUST003696,2024-08-11,True,False,597,Android,0,1,0.117
DEV0003697,SIM0003697,CUST003697,2024-08-25,True,False,583,Android,0,1,0.194
DEV0003698,SIM0003698,CUST003698,2025-11-21,True,False,130,Android,0,1,0.254
DEV0003699,SIM0003699,CUST003699,2023-08-02,True,False,972,Android,0,1,0.508
DEV0003700,SIM0003700,CUST003700,2025-07-14,True,False,260,Android,0,1,0.644
DEV0003701,SIM0003701,CUST003701,2025-11-30,True,False,121,Android,1,1,0.323
DEV0003702,SIM0003702,CUST003702,2025-09-16,True,False,196,Android,0,1,0.309
DEV0003703,SIM0003703,CUST003703,2024-03-02,True,False,759,Android,0,1,0.379
DEV0003704,SIM0003704,CUST003704,2025-12-21,True,False,100,Android,1,1,0.074
DEV0003705,SIM0003705,CUST003705,2025-03-02,True,False,394,Android,1,1,0.056
DEV0003706,SIM0003706,CUST003706,2025-08-25,True,False,218,Android,0,1,0.153
DEV0003707,SIM0003707,CUST003707,2025-09-28,True,False,184,Android,1,1,0.238
DEV0003708,SIM0003708,CUST003708,2025-03-04,True,False,392,Android,0,1,0.027
DEV0003709,SIM0003709,CUST003709,2025-10-01,True,False,181,Android,0,1,0.051
DEV0003710,SIM0003710,CUST003710,2023-09-20,True,False,923,Android,0,1,0.121
DEV0003711,SIM0003711,CUST003711,2024-03-17,True,False,744,Android,0,1,0.219
DEV0003712,SIM0003712,CUST003712,2022-12-23,True,False,1194,Android,0,1,0.392
DEV0003713,SIM0003713,CUST003713,2026-01-01,True,False,89,Android,0,1,0.218
DEV0003714,SIM0003714,CUST003714,2025-02-23,True,False,401,Android,0,1,0.219
DEV0003715,SIM0003715,CUST003715,2025-10-24,True,False,158,Android,0,1,0.065
DEV0003716,SIM0003716,CUST003716,2025-04-09,True,False,356,Android,0,1,0.618
DEV0003717,SIM0003717,CUST003717,2025-03-22,True,False,374,iOS,0,1,0.317
DEV0003718,SIM0003718,CUST003718,2025-10-29,True,False,153,iOS,1,1,0.032
DEV0003719,SIM0003719,CUST003719,2025-12-24,True,False,97,Android,0,1,0.277
DEV0003720,SIM0003720,CUST003720,2024-10-26,True,False,521,Android,0,1,0.109
DEV0003721,SIM0003721,CUST003721,2024-10-26,True,False,521,Android,0,1,0.077
DEV0003722,SIM0003722,CUST003722,2024-11-15,True,False,501,Android,0,1,0.165
DEV0003723,SIM0003723,CUST003723,2025-04-02,True,False,363,Android,0,1,0.466
DEV0003724,SIM0003724,CUST003724,2025-01-10,True,False,445,Android,0,1,0.259
DEV0003725,SIM0003725,CUST003725,2024-10-18,True,False,529,Android,1,1,0.248
DEV0003726,SIM0003726,CUST003726,2025-12-01,True,False,120,Android,1,1,0.142
DEV0003727,SIM0003727,CUST003727,2025-11-11,True,False,140,Android,0,1,0.153
DEV0003728,SIM0003728,CUST003728,2024-03-26,True,False,735,Android,0,1,0.233
DEV0003729,SIM0003729,CUST003729,2024-03-28,True,False,733,Android,0,1,0.301
DEV0003730,SIM0003730,CUST003730,2022-07-12,True,False,1358,Android,0,1,0.138
DEV0003731,SIM0003731,CUST003731,2025-08-12,True,False,231,Android,0,1,0.362
DEV0003732,SIM0003732,CUST003732,2024-06-28,True,False,641,Android,1,1,0.248
DEV0003733,SIM0003733,CUST003733,2025-10-24,True,False,158,iOS,0,1,0.236
DEV0003734,SIM0003734,CUST003734,2025-01-06,True,False,449,Android,0,1,0.353
DEV0003735,SIM0003735,CUST003735,2024-11-27,True,False,489,Android,0,1,0.114
DEV0003736,SIM0003736,CUST003736,2024-09-05,True,False,572,Android,0,1,0.511
DEV0003737,SIM0003737,CUST003737,2025-12-20,True,False,101,Android,0,1,0.134
DEV0003738,SIM0003738,CUST003738,2025-01-31,True,False,424,iOS,1,1,0.029
DEV0003739,SIM0003739,CUST003739,2024-12-14,True,False,472,Android,0,1,0.238
DEV0003740,SIM0003740,CUST003740,2025-07-08,True,False,266,Android,0,1,0.069
DEV0003741,SIM0003741,CUST003741,2020-08-26,True,False,2043,Android,0,1,0.175
DEV0003742,SIM0003742,CUST003742,2025-09-02,True,False,210,Android,0,1,0.344
DEV0003743,SIM0003743,CUST003743,2024-11-24,True,False,492,Android,0,1,0.274
DEV0003744,SIM0003744,CUST003744,2025-12-21,True,False,100,Android,0,1,0.211
DEV0003745,SIM0003745,CUST003745,2024-06-11,True,False,658,Android,0,1,0.198
DEV0003746,SIM0003746,CUST003746,2025-07-08,True,False,266,Android,0,1,0.01
DEV0003747,SIM0003747,CUST003747,2025-07-01,True,False,273,iOS,0,1,0.193
DEV0003748,SIM0003748,CUST003748,2024-11-10,True,False,506,Android,1,1,0.18
DEV0003749,SIM0003749,CUST003749,2022-11-08,True,False,1239,Android,0,1,0.475
DEV0003750,SIM0003750,CUST003750,2024-07-04,True,False,635,Android,0,1,0.313
DEV0003751,SIM0003751,CUST003751,2025-08-16,True,False,227,iOS,0,1,0.062
DEV0003752,SIM0003752,CUST003752,2022-11-17,True,False,1230,Android,0,1,0.237
DEV0003753,SIM0003753,CUST003753,2023-01-17,True,False,1169,Android,0,1,0.081
DEV0003754,SIM0003754,CUST003754,2025-12-02,True,False,119,Android,0,1,0.118
DEV0003755,SIM0003755,CUST003755,2021-10-11,True,False,1632,Android,0,1,0.068
DEV0003756,SIM0003756,CUST003756,2025-07-14,True,False,260,Android,0,1,0.271
DEV0003757,SIM0003757,CUST003757,2024-02-27,True,False,763,Android,1,1,0.326
DEV0003758,SIM0003758,CUST003758,2025-12-24,True,False,97,Android,0,1,0.159
DEV0003759,SIM0003759,CUST003759,2025-08-01,True,False,242,Android,0,1,0.112
DEV0003760,SIM0003760,CUST003760,2022-12-13,True,False,1204,Android,0,1,0.422
DEV0003761,SIM0003761,CUST003761,2025-09-03,True,False,209,Android,0,1,0.217
DEV0003762,SIM0003762,CUST003762,2025-11-15,True,False,136,Android,0,1,0.059
DEV0003763,SIM0003763,CUST003763,2025-10-29,True,False,153,Android,1,1,0.199
DEV0003764,SIM0003764,CUST003764,2025-09-27,True,False,185,Android,0,1,0.07
DEV0003765,SIM0003765,CUST003765,2023-11-08,True,False,874,Android,1,1,0.146
DEV0003766,SIM0003766,CUST003766,2025-05-30,True,False,305,Android,0,1,0.331
DEV0003767,SIM0003767,CUST003767,2025-10-31,True,False,151,Android,0,1,0.097
DEV0003768,SIM0003768,CUST003768,2025-12-27,True,False,94,Android,0,1,0.041
DEV0003769,SIM0003769,CUST003769,2025-08-20,True,False,223,iOS,0,1,0.102
DEV0003770,SIM0003770,CUST003770,2025-04-25,True,False,340,Android,0,1,0.151
DEV0003771,SIM0003771,CUST003771,2025-07-14,True,False,260,Android,0,1,0.194
DEV0003772,SIM0003772,CUST003772,2025-04-04,True,False,361,Android,0,1,0.13
DEV0003773,SIM0003773,CUST003773,2025-07-12,True,False,262,Android,0,1,0.329
DEV0003774,SIM0003774,CUST003774,2021-10-19,True,False,1624,Android,0,1,0.339
DEV0003775,SIM0003775,CUST003775,2025-11-20,True,False,131,Android,1,1,0.234
DEV0003776,SIM0003776,CUST003776,2025-07-04,True,False,270,Android,0,1,0.222
DEV0003777,SIM0003777,CUST003777,2024-12-09,True,False,477,Android,0,1,0.076
DEV0003778,SIM0003778,CUST003778,2025-06-19,True,False,285,Android,0,1,0.254
DEV0003779,SIM0003779,CUST003779,2022-04-14,True,False,1447,Android,0,1,0.176
DEV0003780,SIM0003780,CUST003780,2025-10-31,True,False,151,Android,0,1,0.138
DEV0003781,SIM0003781,CUST003781,2023-11-07,True,False,875,Android,0,1,0.22
DEV0003782,SIM0003782,CUST003782,2024-09-03,True,False,574,Android,0,1,0.011
DEV0003783,SIM0003783,CUST003783,2025-02-25,True,False,399,Android,0,1,0.109
DEV0003784,SIM0003784,CUST003784,2024-03-28,True,False,733,Android,0,1,0.32
DEV0003785,SIM0003785,CUST003785,2022-04-12,True,False,1449,Android,0,1,0.305
DEV0003786,SIM0003786,CUST003786,2023-12-05,True,False,847,Android,0,1,0.059
DEV0003787,SIM0003787,CUST003787,2022-10-21,True,False,1257,Android,0,1,0.118
DEV0003788,SIM0003788,CUST003788,2024-11-19,True,False,497,Android,1,1,0.274
DEV0003789,SIM0003789,CUST003789,2025-09-01,True,False,211,Android,0,1,0.189
DEV0003790,SIM0003790,CUST003790,2024-01-23,True,False,798,Android,0,1,0.344
DEV0003791,SIM0003791,CUST003791,2025-03-07,True,False,389,Android,0,1,0.075
DEV0003792,SIM0003792,CUST003792,2023-05-17,True,False,1049,Android,0,1,0.19
DEV0003793,SIM0003793,CUST003793,2024-08-08,True,False,600,Android,0,1,0.222
DEV0003794,SIM0003794,CUST003794,2024-12-07,True,False,479,Android,0,1,0.195
DEV0003795,SIM0003795,CUST003795,2024-10-27,True,False,520,Android,0,1,0.234
DEV0003796,SIM0003796,CUST003796,2025-03-15,True,False,381,Android,1,1,0.282
DEV0003797,SIM0003797,CUST003797,2024-03-14,True,False,747,Android,0,1,0.183
DEV0003798,SIM0003798,CUST003798,2024-11-11,True,False,505,Android,0,1,0.17
DEV0003799,SIM0003799,CUST003799,2024-02-24,True,False,766,Android,0,1,0.056
DEV0003800,SIM0003800,CUST003800,2025-09-27,True,False,185,Android,0,1,0.439
DEV0003801,SIM0003801,CUST003801,2025-09-20,True,False,192,Android,0,1,0.389
DEV0003802,SIM0003802,CUST003802,2024-08-24,True,False,584,Android,0,1,0.231
DEV0003803,SIM0003803,CUST003803,2022-07-13,True,False,1357,Android,0,1,0.102
DEV0003804,SIM0003804,CUST003804,2025-07-31,True,False,243,Android,0,1,0.252
DEV0003805,SIM0003805,CUST003805,2025-08-10,True,False,233,Android,0,1,0.258
DEV0003806,SIM0003806,CUST003806,2024-07-14,True,False,625,Android,1,1,0.405
DEV0003807,SIM0003807,CUST003807,2023-11-29,True,False,853,iOS,0,1,0.328
DEV0003808,SIM0003808,CUST003808,2025-06-23,True,False,281,Android,0,1,0.453
DEV0003809,SIM0003809,CUST003809,2025-09-13,True,False,199,Android,1,1,0.212
DEV0003810,SIM0003810,CUST003810,2025-06-12,True,False,292,Android,0,1,0.09
DEV0003811,SIM0003811,CUST003811,2024-05-29,True,False,671,Android,0,1,0.225
DEV0003812,SIM0003812,CUST003812,2025-12-09,True,False,112,Android,0,1,0.352
DEV0003813,SIM0003813,CUST003813,2025-09-21,True,False,191,Android,0,1,0.106
DEV0003814,SIM0003814,CUST003814,2025-11-08,True,False,143,Android,0,1,0.173
DEV0003815,SIM0003815,CUST003815,2025-11-06,True,False,145,iOS,0,1,0.102
DEV0003816,SIM0003816,CUST003816,2025-12-29,True,False,92,Android,0,1,0.049
DEV0003817,SIM0003817,CUST003817,2025-07-19,True,False,255,Android,0,1,0.16
DEV0003818,SIM0003818,CUST003818,2025-08-23,True,False,220,Android,0,1,0.2
DEV0003819,SIM0003819,CUST003819,2025-09-03,True,False,209,Android,0,1,0.261
DEV0003820,SIM0003820,CUST003820,2025-10-14,True,False,168,Android,0,1,0.154
DEV0003821,SIM0003821,CUST003821,2025-11-07,True,False,144,iOS,0,1,0.295
DEV0003822,SIM0003822,CUST003822,2025-10-16,True,False,166,Android,0,1,0.136
DEV0003823,SIM0003823,CUST003823,2022-09-07,True,False,1301,Android,0,1,0.301
DEV0003824,SIM0003824,CUST003824,2025-06-12,True,False,292,Android,0,1,0.223
DEV0003825,SIM0003825,CUST003825,2025-11-13,True,False,138,Android,0,1,0.12
DEV0003826,SIM0003826,CUST003826,2024-09-21,True,False,556,Android,0,1,0.273
DEV0003827,SIM0003827,CUST003827,2025-11-28,True,False,123,Android,0,1,0.238
DEV0003828,SIM0003828,CUST003828,2023-12-25,True,False,827,Android,0,1,0.224
DEV0003829,SIM0003829,CUST003829,2024-12-01,True,False,485,Android,1,1,0.143
DEV0003830,SIM0003830,CUST003830,2025-11-25,True,False,126,Android,2,1,0.099
DEV0003831,SIM0003831,CUST003831,2025-11-10,True,False,141,Android,0,1,0.076
DEV0003832,SIM0003832,CUST003832,2024-09-07,True,False,570,Android,0,1,0.056
DEV0003833,SIM0003833,CUST003833,2023-07-13,True,False,992,Android,0,1,0.079
DEV0003834,SIM0003834,CUST003834,2025-05-17,True,False,318,Android,1,1,0.089
DEV0003835,SIM0003835,CUST003835,2024-05-18,True,False,682,Android,0,1,0.383
DEV0003836,SIM0003836,CUST003836,2025-10-31,True,False,151,Android,0,1,0.321
DEV0003837,SIM0003837,CUST003837,2025-07-27,True,False,247,Android,1,1,0.275
DEV0003838,SIM0003838,CUST003838,2021-07-23,True,False,1712,Android,0,1,0.038
DEV0003839,SIM0003839,CUST003839,2024-03-25,True,False,736,Android,0,1,0.106
DEV0003840,SIM0003840,CUST003840,2021-11-26,True,False,1586,Android,0,1,0.26
DEV0003841,SIM0003841,CUST003841,2025-07-30,True,False,244,Android,1,1,0.512
DEV0003842,SIM0003842,CUST003842,2025-05-15,True,False,320,Android,0,1,0.277
DEV0003843,SIM0003843,CUST003843,2025-10-04,True,False,178,Android,0,1,0.288
DEV0003844,SIM0003844,CUST003844,2025-12-13,True,False,108,Android,0,1,0.418
DEV0003845,SIM0003845,CUST003845,2025-12-12,True,False,109,iOS,1,1,0.6
DEV0003846,SIM0003846,CUST003846,2025-11-28,True,False,123,Android,0,1,0.416
DEV0003847,SIM0003847,CUST003847,2025-10-17,True,False,165,Android,0,1,0.099
DEV0003848,SIM0003848,CUST003848,2025-08-06,True,False,237,Android,0,1,0.068
DEV0003849,SIM0003849,CUST003849,2025-08-07,True,False,236,Android,0,1,0.256
DEV0003850,SIM0003850,CUST003850,2022-09-15,True,False,1293,Android,0,1,0.051
DEV0003851,SIM0003851,CUST003851,2025-12-02,True,False,119,Android,0,1,0.243
DEV0003852,SIM0003852,CUST003852,2024-04-10,True,False,720,Android,0,1,0.41
DEV0003853,SIM0003853,CUST003853,2025-03-04,True,False,392,Android,0,1,0.068
DEV0003854,SIM0003854,CUST003854,2022-11-24,True,False,1223,iOS,1,1,0.372
DEV0003855,SIM0003855,CUST003855,2024-12-12,True,False,474,Android,0,1,0.074
DEV0003856,SIM0003856,CUST003856,2025-06-12,True,False,292,Android,0,1,0.067
DEV0003857,SIM0003857,CUST003857,2025-10-08,True,False,174,Android,0,1,0.089
DEV0003858,SIM0003858,CUST003858,2024-05-18,True,False,682,Android,0,1,0.213
DEV0003859,SIM0003859,CUST003859,2025-12-16,True,False,105,Android,0,1,0.203
DEV0003860,SIM0003860,CUST003860,2025-01-29,True,False,426,Android,0,1,0.051
DEV0003861,SIM0003861,CUST003861,2025-01-26,True,False,429,Android,0,1,0.123
DEV0003862,SIM0003862,CUST003862,2025-03-24,True,False,372,iOS,1,1,0.307
DEV0003863,SIM0003863,CUST003863,2025-12-05,True,False,116,Android,0,1,0.166
DEV0003864,SIM0003864,CUST003864,2024-11-20,True,False,496,Android,0,1,0.118
DEV0003865,SIM0003865,CUST003865,2024-12-22,True,False,464,Android,0,1,0.084
DEV0003866,SIM0003866,CUST003866,2025-05-20,True,False,315,Android,1,1,0.113
DEV0003867,SIM0003867,CUST003867,2025-03-26,True,False,370,Android,0,1,0.462
DEV0003868,SIM0003868,CUST003868,2025-12-01,True,False,120,Android,0,1,0.15
DEV0003869,SIM0003869,CUST003869,2025-09-09,True,False,203,iOS,0,1,0.154
DEV0003870,SIM0003870,CUST003870,2023-04-15,True,False,1081,Android,0,1,0.337
DEV0003871,SIM0003871,CUST003871,2025-05-04,True,False,331,iOS,0,1,0.237
DEV0003872,SIM0003872,CUST003872,2018-08-16,True,False,2784,Android,0,1,0.18
DEV0003873,SIM0003873,CUST003873,2024-12-12,True,False,474,Android,1,1,0.234
DEV0003874,SIM0003874,CUST003874,2022-12-24,True,False,1193,iOS,0,1,0.162
DEV0003875,SIM0003875,CUST003875,2025-08-14,True,False,229,Android,0,1,0.072
DEV0003876,SIM0003876,CUST003876,2024-08-26,True,False,582,iOS,0,1,0.092
DEV0003877,SIM0003877,CUST003877,2023-03-11,True,False,1116,Android,0,1,0.191
DEV0003878,SIM0003878,CUST003878,2024-10-28,True,False,519,Android,0,1,0.304
DEV0003879,SIM0003879,CUST003879,2025-11-17,True,False,134,Android,0,1,0.201
DEV0003880,SIM0003880,CUST003880,2025-11-17,True,False,134,Android,0,1,0.521
DEV0003881,SIM0003881,CUST003881,2025-05-28,True,False,307,iOS,0,1,0.01
DEV0003882,SIM0003882,CUST003882,2025-11-08,True,False,143,Android,0,1,0.043
DEV0003883,SIM0003883,CUST003883,2023-03-07,True,False,1120,Android,0,1,0.143
DEV0003884,SIM0003884,CUST003884,2025-01-10,True,False,445,Android,2,1,0.054
DEV0003885,SIM0003885,CUST003885,2025-09-30,True,False,182,Android,0,1,0.268
DEV0003886,SIM0003886,CUST003886,2024-12-15,True,False,471,Android,0,1,0.087
DEV0003887,SIM0003887,CUST003887,2025-12-08,True,False,113,Android,1,1,0.151
DEV0003888,SIM0003888,CUST003888,2024-05-05,True,False,695,Android,0,1,0.119
DEV0003889,SIM0003889,CUST003889,2025-07-28,True,False,246,Android,0,1,0.055
DEV0003890,SIM0003890,CUST003890,2021-08-21,True,False,1683,Android,0,1,0.246
DEV0003891,SIM0003891,CUST003891,2024-07-19,True,False,620,Android,0,1,0.295
DEV0003892,SIM0003892,CUST003892,2025-11-20,True,False,131,Android,0,1,0.023
DEV0003893,SIM0003893,CUST003893,2025-11-06,True,False,145,iOS,0,1,0.363
DEV0003894,SIM0003894,CUST003894,2025-12-03,True,False,118,Android,0,1,0.545
DEV0003895,SIM0003895,CUST003895,2024-10-07,True,False,540,Android,0,1,0.13
DEV0003896,SIM0003896,CUST003896,2025-05-13,True,False,322,Android,0,1,0.136
DEV0003897,SIM0003897,CUST003897,2022-07-19,True,False,1351,Android,1,1,0.118
DEV0003898,SIM0003898,CUST003898,2025-05-10,True,False,325,Android,0,1,0.096
DEV0003899,SIM0003899,CUST003899,2022-10-18,True,False,1260,Android,0,1,0.079
DEV0003900,SIM0003900,CUST003900,2025-06-27,True,False,277,Android,0,1,0.299
DEV0003901,SIM0003901,CUST003901,2025-03-29,True,False,367,Android,1,1,0.498
DEV0003902,SIM0003902,CUST003902,2025-07-26,True,False,248,Android,0,1,0.299
DEV0003903,SIM0003903,CUST003903,2022-11-13,True,False,1234,Android,0,1,0.145
DEV0003904,SIM0003904,CUST003904,2024-05-01,True,False,699,Android,0,1,0.4
DEV0003905,SIM0003905,CUST003905,2024-03-14,True,False,747,Android,0,1,0.229
DEV0003906,SIM0003906,CUST003906,2024-08-16,True,False,592,Android,0,1,0.063
DEV0003907,SIM0003907,CUST003907,2025-12-28,True,False,93,Android,0,1,0.187
DEV0003908,SIM0003908,CUST003908,2024-10-16,True,False,531,Android,0,1,0.073
DEV0003909,SIM0003909,CUST003909,2024-02-19,True,False,771,Android,1,1,0.169
DEV0003910,SIM0003910,CUST003910,2023-04-27,True,False,1069,Android,0,1,0.142
DEV0003911,SIM0003911,CUST003911,2024-10-21,True,False,526,Android,0,1,0.174
DEV0003912,SIM0003912,CUST003912,2025-08-01,True,False,242,Android,0,1,0.098
DEV0003913,SIM0003913,CUST003913,2025-10-10,True,False,172,Android,1,1,0.237
DEV0003914,SIM0003914,CUST003914,2024-11-23,True,False,493,Android,0,1,0.288
DEV0003915,SIM0003915,CUST003915,2025-10-28,True,False,154,Android,0,1,0.357
DEV0003916,SIM0003916,CUST003916,2025-09-25,True,False,187,Android,0,1,0.121
DEV0003917,SIM0003917,CUST003917,2025-01-26,True,False,429,Android,0,1,0.107
DEV0003918,SIM0003918,CUST003918,2025-11-10,True,False,141,Android,0,1,0.102
DEV0003919,SIM0003919,CUST003919,2025-10-16,True,False,166,Android,1,1,0.226
DEV0003920,SIM0003920,CUST003920,2024-12-24,True,False,462,Android,1,1,0.087
DEV0003921,SIM0003921,CUST003921,2025-12-03,True,False,118,Android,1,1,0.308
DEV0003922,SIM0003922,CUST003922,2025-06-19,True,False,285,Android,1,1,0.097
DEV0003923,SIM0003923,CUST003923,2025-10-07,True,False,175,Android,0,1,0.079
DEV0003924,SIM0003924,CUST003924,2025-05-13,True,False,322,Android,0,1,0.225
DEV0003925,SIM0003925,CUST003925,2022-09-15,True,False,1293,Android,0,1,0.401
DEV0003926,SIM0003926,CUST003926,2024-02-14,True,False,776,Android,1,1,0.068
DEV0003927,SIM0003927,CUST003927,2024-04-05,True,False,725,Android,1,1,0.128
DEV0003928,SIM0003928,CUST003928,2025-10-04,True,False,178,Android,0,1,0.149
DEV0003929,SIM0003929,CUST003929,2025-04-25,True,False,340,Android,0,1,0.007
DEV0003930,SIM0003930,CUST003930,2025-04-18,True,False,347,Android,0,1,0.175
DEV0003931,SIM0003931,CUST003931,2025-07-02,True,False,272,Android,0,1,0.175
DEV0003932,SIM0003932,CUST003932,2023-08-27,True,False,947,Android,0,1,0.344
DEV0003933,SIM0003933,CUST003933,2025-10-18,True,False,164,Android,0,1,0.22
DEV0003934,SIM0003934,CUST003934,2025-03-29,True,False,367,iOS,0,1,0.117
DEV0003935,SIM0003935,CUST003935,2024-08-19,True,False,589,Android,0,1,0.208
DEV0003936,SIM0003936,CUST003936,2024-12-01,True,False,485,Android,1,1,0.094
DEV0003937,SIM0003937,CUST003937,2024-09-29,True,False,548,Android,0,1,0.511
DEV0003938,SIM0003938,CUST003938,2025-04-05,True,False,360,Android,1,1,0.069
DEV0003939,SIM0003939,CUST003939,2022-07-15,True,False,1355,Android,0,1,0.45
DEV0003940,SIM0003940,CUST003940,2025-08-28,True,False,215,Android,1,1,0.076
DEV0003941,SIM0003941,CUST003941,2025-01-24,True,False,431,Android,0,1,0.267
DEV0003942,SIM0003942,CUST003942,2023-08-07,True,False,967,Android,0,1,0.155
DEV0003943,SIM0003943,CUST003943,2025-12-05,True,False,116,Android,0,1,0.089
DEV0003944,SIM0003944,CUST003944,2025-01-24,True,False,431,Android,0,1,0.185
DEV0003945,SIM0003945,CUST003945,2023-06-14,True,False,1021,Android,0,1,0.116
DEV0003946,SIM0003946,CUST003946,2025-11-22,True,False,129,Android,0,1,0.089
DEV0003947,SIM0003947,CUST003947,2025-06-03,True,False,301,Android,0,1,0.087
DEV0003948,SIM0003948,CUST003948,2025-11-09,True,False,142,Android,0,1,0.226
DEV0003949,SIM0003949,CUST003949,2025-09-29,True,False,183,Android,0,1,0.341
DEV0003950,SIM0003950,CUST003950,2025-02-15,True,False,409,Android,0,1,0.142
DEV0003951,SIM0003951,CUST003951,2025-03-09,True,False,387,Android,0,1,0.182
DEV0003952,SIM0003952,CUST003952,2024-08-30,True,False,578,Android,0,1,0.434
DEV0003953,SIM0003953,CUST003953,2026-01-01,True,False,89,Android,0,1,0.282
DEV0003954,SIM0003954,CUST003954,2024-10-30,True,False,517,Android,0,1,0.124
DEV0003955,SIM0003955,CUST003955,2025-02-10,True,False,414,Android,0,1,0.252
DEV0003956,SIM0003956,CUST003956,2024-10-11,True,False,536,Android,1,1,0.142
DEV0003957,SIM0003957,CUST003957,2025-09-17,True,False,195,Android,0,1,0.082
DEV0003958,SIM0003958,CUST003958,2025-05-08,True,False,327,Android,0,1,0.27
DEV0003959,SIM0003959,CUST003959,2024-07-27,True,False,612,Android,0,1,0.351
DEV0003960,SIM0003960,CUST003960,2025-10-19,True,False,163,Android,0,1,0.49
DEV0003961,SIM0003961,CUST003961,2023-02-06,True,False,1149,Android,0,1,0.034
DEV0003962,SIM0003962,CUST003962,2025-06-25,True,False,279,Android,0,1,0.496
DEV0003963,SIM0003963,CUST003963,2025-11-06,True,False,145,Android,0,1,0.305
DEV0003964,SIM0003964,CUST003964,2024-11-28,True,False,488,Android,0,1,0.044
DEV0003965,SIM0003965,CUST003965,2025-05-26,True,False,309,Android,1,1,0.088
DEV0003966,SIM0003966,CUST003966,2024-09-20,True,False,557,Android,1,1,0.192
DEV0003967,SIM0003967,CUST003967,2025-10-10,True,False,172,Android,0,1,0.076
DEV0003968,SIM0003968,CUST003968,2025-08-11,True,False,232,Android,0,1,0.151
DEV0003969,SIM0003969,CUST003969,2022-10-31,True,False,1247,iOS,0,1,0.274
DEV0003970,SIM0003970,CUST003970,2025-10-10,True,False,172,Android,0,1,0.279
DEV0003971,SIM0003971,CUST003971,2025-02-18,True,False,406,Android,0,1,0.038
DEV0003972,SIM0003972,CUST003972,2024-04-09,True,False,721,Android,0,1,0.326
DEV0003973,SIM0003973,CUST003973,2024-03-24,True,False,737,Android,0,1,0.126
DEV0003974,SIM0003974,CUST003974,2024-01-12,True,False,809,iOS,0,1,0.283
DEV0003975,SIM0003975,CUST003975,2024-05-30,True,False,670,Android,0,1,0.249
DEV0003976,SIM0003976,CUST003976,2024-12-19,True,False,467,Android,0,1,0.046
DEV0003977,SIM0003977,CUST003977,2019-06-23,True,False,2473,Android,0,1,0.09
DEV0003978,SIM0003978,CUST003978,2024-11-28,True,False,488,iOS,0,1,0.188
DEV0003979,SIM0003979,CUST003979,2021-07-19,True,False,1716,Android,0,1,0.133
DEV0003980,SIM0003980,CUST003980,2025-12-25,True,False,96,Android,0,1,0.453
DEV0003981,SIM0003981,CUST003981,2024-11-11,True,False,505,iOS,0,1,0.105
DEV0003982,SIM0003982,CUST003982,2024-07-24,True,False,615,Android,0,1,0.118
DEV0003983,SIM0003983,CUST003983,2025-04-03,True,False,362,Android,1,1,0.093
DEV0003984,SIM0003984,CUST003984,2025-06-11,True,False,293,Android,1,1,0.177
DEV0003985,SIM0003985,CUST003985,2025-12-29,True,False,92,Android,0,1,0.228
DEV0003986,SIM0003986,CUST003986,2023-10-04,True,False,909,Android,0,1,0.114
DEV0003987,SIM0003987,CUST003987,2025-05-31,True,False,304,Android,0,1,0.187
DEV0003988,SIM0003988,CUST003988,2025-07-31,True,False,243,Android,0,1,0.334
DEV0003989,SIM0003989,CUST003989,2025-09-22,True,False,190,Android,1,1,0.314
DEV0003990,SIM0003990,CUST003990,2024-12-29,True,False,457,Android,0,1,0.666
DEV0003991,SIM0003991,CUST003991,2025-07-22,True,False,252,Android,0,1,0.149
DEV0003992,SIM0003992,CUST003992,2025-10-18,True,False,164,Android,0,1,0.283
DEV0003993,SIM0003993,CUST003993,2025-05-28,True,False,307,Android,0,1,0.148
DEV0003994,SIM0003994,CUST003994,2024-10-07,True,False,540,Android,0,1,0.292
DEV0003995,SIM0003995,CUST003995,2025-11-21,True,False,130,Android,0,1,0.384
DEV0003996,SIM0003996,CUST003996,2024-12-05,True,False,481,Android,0,1,0.169
DEV0003997,SIM0003997,CUST003997,2025-09-26,True,False,186,Android,0,1,0.193
DEV0003998,SIM0003998,CUST003998,2025-07-20,True,False,254,Android,0,1,0.391
DEV0003999,SIM0003999,CUST003999,2025-06-04,True,False,300,iOS,0,1,0.456
DEV0004000,SIM0004000,CUST004000,2025-09-14,True,False,198,Android,0,1,0.212
DEV0004001,SIM0004001,CUST004001,2025-12-04,True,False,117,Android,0,1,0.164
DEV0004002,SIM0004002,CUST004002,2025-12-04,True,False,117,Android,0,1,0.15
DEV0004003,SIM0004003,CUST004003,2025-10-29,True,False,153,Android,0,1,0.128
DEV0004004,SIM0004004,CUST004004,2025-12-10,True,False,111,iOS,0,1,0.279
DEV0004005,SIM0004005,CUST004005,2025-07-24,True,False,250,Android,0,1,0.014
DEV0004006,SIM0004006,CUST004006,2023-08-27,True,False,947,Android,0,1,0.107
DEV0004007,SIM0004007,CUST004007,2025-03-01,True,False,395,iOS,0,1,0.244
DEV0004008,SIM0004008,CUST004008,2025-09-01,True,False,211,Android,0,1,0.229
DEV0004009,SIM0004009,CUST004009,2025-03-25,True,False,371,Android,2,1,0.167
DEV0004010,SIM0004010,CUST004010,2021-06-03,True,False,1762,Android,0,1,0.089
DEV0004011,SIM0004011,CUST004011,2025-11-04,True,False,147,Android,0,1,0.138
DEV0004012,SIM0004012,CUST004012,2025-12-28,True,False,93,Android,0,1,0.246
DEV0004013,SIM0004013,CUST004013,2024-12-15,True,False,471,Android,0,1,0.17
DEV0004014,SIM0004014,CUST004014,2024-02-20,True,False,770,Android,0,1,0.124
DEV0004015,SIM0004015,CUST004015,2025-09-23,True,False,189,Android,0,1,0.227
DEV0004016,SIM0004016,CUST004016,2025-12-18,True,False,103,iOS,1,1,0.056
DEV0004017,SIM0004017,CUST004017,2025-01-20,True,False,435,Android,0,1,0.274
DEV0004018,SIM0004018,CUST004018,2025-10-06,True,False,176,Android,0,1,0.147
DEV0004019,SIM0004019,CUST004019,2025-03-01,True,False,395,iOS,0,1,0.079
DEV0004020,SIM0004020,CUST004020,2025-02-11,True,False,413,Android,1,1,0.237
DEV0004021,SIM0004021,CUST004021,2024-10-09,True,False,538,Android,0,1,0.146
DEV0004022,SIM0004022,CUST004022,2022-05-16,True,False,1415,iOS,0,1,0.226
DEV0004023,SIM0004023,CUST004023,2025-09-07,True,False,205,Android,0,1,0.171
DEV0004024,SIM0004024,CUST004024,2025-10-30,True,False,152,Android,0,1,0.1
DEV0004025,SIM0004025,CUST004025,2025-12-13,True,False,108,Android,1,1,0.103
DEV0004026,SIM0004026,CUST004026,2024-11-19,True,False,497,Android,0,1,0.225
DEV0004027,SIM0004027,CUST004027,2025-06-04,True,False,300,iOS,0,1,0.146
DEV0004028,SIM0004028,CUST004028,2025-10-22,True,False,160,Android,0,1,0.202
DEV0004029,SIM0004029,CUST004029,2025-12-19,True,False,102,Android,1,1,0.23
DEV0004030,SIM0004030,CUST004030,2020-06-15,True,False,2115,Android,1,1,0.23
DEV0004031,SIM0004031,CUST004031,2025-10-15,True,False,167,Android,1,1,0.167
DEV0004032,SIM0004032,CUST004032,2025-04-29,True,False,336,Android,0,1,0.333
DEV0004033,SIM0004033,CUST004033,2025-08-12,True,False,231,Android,0,1,0.067
DEV0004034,SIM0004034,CUST004034,2025-05-01,True,False,334,Android,0,1,0.128
DEV0004035,SIM0004035,CUST004035,2024-04-13,True,False,717,Android,0,1,0.366
DEV0004036,SIM0004036,CUST004036,2022-05-04,True,False,1427,Android,0,1,0.483
DEV0004037,SIM0004037,CUST004037,2025-11-23,True,False,128,Android,0,1,0.434
DEV0004038,SIM0004038,CUST004038,2025-06-27,True,False,277,Android,1,1,0.061
DEV0004039,SIM0004039,CUST004039,2025-10-01,True,False,181,Android,1,1,0.07
DEV0004040,SIM0004040,CUST004040,2025-06-28,True,False,276,Android,0,1,0.424
DEV0004041,SIM0004041,CUST004041,2023-11-26,True,False,856,Android,0,1,0.219
DEV0004042,SIM0004042,CUST004042,2023-04-09,True,False,1087,Android,0,1,0.19
DEV0004043,SIM0004043,CUST004043,2024-10-16,True,False,531,Android,0,1,0.238
DEV0004044,SIM0004044,CUST004044,2025-05-24,True,False,311,Android,0,1,0.111
DEV0004045,SIM0004045,CUST004045,2022-08-23,True,False,1316,Android,0,1,0.383
DEV0004046,SIM0004046,CUST004046,2022-08-18,True,False,1321,Android,0,1,0.117
DEV0004047,SIM0004047,CUST004047,2025-06-26,True,False,278,Android,0,1,0.178
DEV0004048,SIM0004048,CUST004048,2024-11-14,True,False,502,Android,0,1,0.325
DEV0004049,SIM0004049,CUST004049,2024-01-24,True,False,797,Android,0,1,0.261
DEV0004050,SIM0004050,CUST004050,2025-07-20,True,False,254,Android,0,1,0.084
DEV0004051,SIM0004051,CUST004051,2025-08-09,True,False,234,Android,0,1,0.164
DEV0004052,SIM0004052,CUST004052,2025-10-18,True,False,164,Android,0,1,0.137
DEV0004053,SIM0004053,CUST004053,2022-09-09,True,False,1299,Android,0,1,0.178
DEV0004054,SIM0004054,CUST004054,2025-10-09,True,False,173,Android,1,1,0.112
DEV0004055,SIM0004055,CUST004055,2022-03-06,True,False,1486,Android,0,1,0.279
DEV0004056,SIM0004056,CUST004056,2025-06-07,True,False,297,Android,0,1,0.28
DEV0004057,SIM0004057,CUST004057,2025-12-22,True,False,99,Android,0,1,0.204
DEV0004058,SIM0004058,CUST004058,2025-10-11,True,False,171,Android,0,1,0.238
DEV0004059,SIM0004059,CUST004059,2025-10-16,True,False,166,Android,0,1,0.213
DEV0004060,SIM0004060,CUST004060,2025-03-03,True,False,393,iOS,0,1,0.197
DEV0004061,SIM0004061,CUST004061,2025-04-26,True,False,339,iOS,0,1,0.191
DEV0004062,SIM0004062,CUST004062,2023-07-09,True,False,996,Android,1,1,0.076
DEV0004063,SIM0004063,CUST004063,2025-10-10,True,False,172,Android,0,1,0.151
DEV0004064,SIM0004064,CUST004064,2024-02-08,True,False,782,Android,0,1,0.137
DEV0004065,SIM0004065,CUST004065,2025-08-02,True,False,241,Android,0,1,0.251
DEV0004066,SIM0004066,CUST004066,2024-04-06,True,False,724,iOS,0,1,0.072
DEV0004067,SIM0004067,CUST004067,2024-10-18,True,False,529,Android,0,1,0.303
DEV0004068,SIM0004068,CUST004068,2022-03-09,True,False,1483,Android,0,1,0.114
DEV0004069,SIM0004069,CUST004069,2023-03-31,True,False,1096,Android,0,1,0.081
DEV0004070,SIM0004070,CUST004070,2025-04-13,True,False,352,Android,0,1,0.225
DEV0004071,SIM0004071,CUST004071,2025-08-02,True,False,241,Android,0,1,0.233
DEV0004072,SIM0004072,CUST004072,2022-05-09,True,False,1422,Android,0,1,0.236
DEV0004073,SIM0004073,CUST004073,2025-04-14,True,False,351,iOS,0,1,0.266
DEV0004074,SIM0004074,CUST004074,2025-11-03,True,False,148,Android,0,1,0.107
DEV0004075,SIM0004075,CUST004075,2023-01-06,True,False,1180,Android,0,1,0.49
DEV0004076,SIM0004076,CUST004076,2023-12-16,True,False,836,Android,0,1,0.189
DEV0004077,SIM0004077,CUST004077,2025-06-16,True,False,288,Android,0,1,0.167
DEV0004078,SIM0004078,CUST004078,2022-09-21,True,False,1287,iOS,0,1,0.101
DEV0004079,SIM0004079,CUST004079,2024-02-16,True,False,774,Android,0,1,0.367
DEV0004080,SIM0004080,CUST004080,2025-11-15,True,False,136,iOS,0,1,0.317
DEV0004081,SIM0004081,CUST004081,2025-11-10,True,False,141,Android,1,1,0.255
DEV0004082,SIM0004082,CUST004082,2025-11-20,True,False,131,Android,0,1,0.251
DEV0004083,SIM0004083,CUST004083,2025-04-16,True,False,349,Android,0,1,0.265
DEV0004084,SIM0004084,CUST004084,2025-10-27,True,False,155,Android,1,1,0.262
DEV0004085,SIM0004085,CUST004085,2025-06-25,True,False,279,Android,0,1,0.43
DEV0004086,SIM0004086,CUST004086,2025-01-10,True,False,445,Android,0,1,0.389
DEV0004087,SIM0004087,CUST004087,2024-06-05,True,False,664,Android,0,1,0.363
DEV0004088,SIM0004088,CUST004088,2024-08-30,True,False,578,Android,1,1,0.295
DEV0004089,SIM0004089,CUST004089,2025-12-22,True,False,99,Android,0,1,0.186
DEV0004090,SIM0004090,CUST004090,2024-03-23,True,False,738,Android,0,1,0.2
DEV0004091,SIM0004091,CUST004091,2023-07-10,True,False,995,iOS,0,1,0.118
DEV0004092,SIM0004092,CUST004092,2024-10-02,True,False,545,Android,0,1,0.107
DEV0004093,SIM0004093,CUST004093,2023-10-25,True,False,888,Android,0,1,0.33
DEV0004094,SIM0004094,CUST004094,2025-12-09,True,False,112,Android,0,1,0.169
DEV0004095,SIM0004095,CUST004095,2025-03-01,True,False,395,Android,1,1,0.067
DEV0004096,SIM0004096,CUST004096,2025-12-03,True,False,118,Android,1,1,0.161
DEV0004097,SIM0004097,CUST004097,2024-12-27,True,False,459,iOS,0,1,0.034
DEV0004098,SIM0004098,CUST004098,2023-03-24,True,False,1103,Android,0,1,0.316
DEV0004099,SIM0004099,CUST004099,2025-01-22,True,False,433,Android,1,1,0.112
DEV0004100,SIM0004100,CUST004100,2025-10-27,True,False,155,Android,0,1,0.122
DEV0004101,SIM0004101,CUST004101,2025-05-01,True,False,334,Android,0,1,0.315
DEV0004102,SIM0004102,CUST004102,2025-09-25,True,False,187,Android,1,1,0.247
DEV0004103,SIM0004103,CUST004103,2025-09-03,True,False,209,Android,0,1,0.304
DEV0004104,SIM0004104,CUST004104,2024-09-13,True,False,564,Android,0,1,0.121
DEV0004105,SIM0004105,CUST004105,2025-10-07,True,False,175,Android,0,1,0.295
DEV0004106,SIM0004106,CUST004106,2025-03-19,True,False,377,Android,0,1,0.064
DEV0004107,SIM0004107,CUST004107,2025-09-07,True,False,205,Android,0,1,0.333
DEV0004108,SIM0004108,CUST004108,2025-11-23,True,False,128,Android,0,1,0.242
DEV0004109,SIM0004109,CUST004109,2024-12-06,True,False,480,iOS,0,1,0.101
DEV0004110,SIM0004110,CUST004110,2025-04-28,True,False,337,Android,0,1,0.307
DEV0004111,SIM0004111,CUST004111,2025-06-06,True,False,298,Android,1,1,0.047
DEV0004112,SIM0004112,CUST004112,2023-08-07,True,False,967,Android,0,1,0.269
DEV0004113,SIM0004113,CUST004113,2025-03-22,True,False,374,Android,0,1,0.065
DEV0004114,SIM0004114,CUST004114,2023-02-21,True,False,1134,Android,0,1,0.196
DEV0004115,SIM0004115,CUST004115,2025-03-07,True,False,389,Android,0,1,0.033
DEV0004116,SIM0004116,CUST004116,2024-10-13,True,False,534,Android,0,1,0.215
DEV0004117,SIM0004117,CUST004117,2025-12-11,True,False,110,iOS,0,1,0.119
DEV0004118,SIM0004118,CUST004118,2025-09-25,True,False,187,Android,0,1,0.106
DEV0004119,SIM0004119,CUST004119,2025-07-15,True,False,259,Android,0,1,0.236
DEV0004120,SIM0004120,CUST004120,2025-10-26,True,False,156,iOS,0,1,0.096
DEV0004121,SIM0004121,CUST004121,2022-03-29,True,False,1463,Android,0,1,0.368
DEV0004122,SIM0004122,CUST004122,2025-10-15,True,False,167,Android,0,1,0.154
DEV0004123,SIM0004123,CUST004123,2024-07-21,True,False,618,Android,0,1,0.218
DEV0004124,SIM0004124,CUST004124,2025-02-11,True,False,413,Android,0,1,0.207
DEV0004125,SIM0004125,CUST004125,2024-09-21,True,False,556,iOS,0,1,0.123
DEV0004126,SIM0004126,CUST004126,2023-11-13,True,False,869,Android,0,1,0.094
DEV0004127,SIM0004127,CUST004127,2023-11-24,True,False,858,Android,1,1,0.309
DEV0004128,SIM0004128,CUST004128,2023-12-15,True,False,837,Android,0,1,0.336
DEV0004129,SIM0004129,CUST004129,2025-04-23,True,False,342,iOS,0,1,0.213
DEV0004130,SIM0004130,CUST004130,2024-09-25,True,False,552,Android,0,1,0.245
DEV0004131,SIM0004131,CUST004131,2024-06-24,True,False,645,Android,0,1,0.038
DEV0004132,SIM0004132,CUST004132,2025-06-29,True,False,275,Android,0,1,0.194
DEV0004133,SIM0004133,CUST004133,2025-11-10,True,False,141,Android,0,1,0.048
DEV0004134,SIM0004134,CUST004134,2023-02-09,True,False,1146,iOS,0,1,0.29
DEV0004135,SIM0004135,CUST004135,2024-09-21,True,False,556,Android,0,1,0.105
DEV0004136,SIM0004136,CUST004136,2024-03-28,True,False,733,Android,0,1,0.182
DEV0004137,SIM0004137,CUST004137,2025-02-06,True,False,418,iOS,0,1,0.125
DEV0004138,SIM0004138,CUST004138,2022-03-04,True,False,1488,Android,0,1,0.282
DEV0004139,SIM0004139,CUST004139,2025-07-14,True,False,260,Android,0,1,0.049
DEV0004140,SIM0004140,CUST004140,2023-12-29,True,False,823,iOS,0,1,0.174
DEV0004141,SIM0004141,CUST004141,2024-12-29,True,False,457,Android,0,1,0.051
DEV0004142,SIM0004142,CUST004142,2025-08-31,True,False,212,iOS,0,1,0.421
DEV0004143,SIM0004143,CUST004143,2025-09-20,True,False,192,Android,0,1,0.149
DEV0004144,SIM0004144,CUST004144,2024-06-06,True,False,663,Android,0,1,0.044
DEV0004145,SIM0004145,CUST004145,2025-11-10,True,False,141,Android,0,1,0.087
DEV0004146,SIM0004146,CUST004146,2025-07-30,True,False,244,iOS,0,1,0.057
DEV0004147,SIM0004147,CUST004147,2025-12-02,True,False,119,Android,3,1,0.254
DEV0004148,SIM0004148,CUST004148,2025-12-08,True,False,113,Android,0,1,0.511
DEV0004149,SIM0004149,CUST004149,2023-10-21,True,False,892,Android,0,1,0.325
DEV0004150,SIM0004150,CUST004150,2025-06-07,True,False,297,Android,0,1,0.456
DEV0004151,SIM0004151,CUST004151,2025-06-18,True,False,286,Android,0,1,0.026
DEV0004152,SIM0004152,CUST004152,2025-01-11,True,False,444,Android,0,1,0.336
DEV0004153,SIM0004153,CUST004153,2024-08-15,True,False,593,Android,0,1,0.158
DEV0004154,SIM0004154,CUST004154,2024-09-30,True,False,547,Android,0,1,0.2
DEV0004155,SIM0004155,CUST004155,2025-12-25,True,False,96,Android,0,1,0.259
DEV0004156,SIM0004156,CUST004156,2025-12-28,True,False,93,Android,0,1,0.182
DEV0004157,SIM0004157,CUST004157,2025-12-03,True,False,118,Android,0,1,0.13
DEV0004158,SIM0004158,CUST004158,2025-10-02,True,False,180,iOS,0,1,0.273
DEV0004159,SIM0004159,CUST004159,2025-07-24,True,False,250,Android,0,1,0.047
DEV0004160,SIM0004160,CUST004160,2025-10-06,True,False,176,Android,0,1,0.381
DEV0004161,SIM0004161,CUST004161,2023-10-26,True,False,887,Android,1,1,0.165
DEV0004162,SIM0004162,CUST004162,2025-07-25,True,False,249,iOS,0,1,0.114
DEV0004163,SIM0004163,CUST004163,2025-09-13,True,False,199,Android,0,1,0.208
DEV0004164,SIM0004164,CUST004164,2023-04-24,True,False,1072,Android,1,1,0.101
DEV0004165,SIM0004165,CUST004165,2025-12-23,True,False,98,Android,0,1,0.133
DEV0004166,SIM0004166,CUST004166,2025-04-30,True,False,335,Android,0,1,0.04
DEV0004167,SIM0004167,CUST004167,2025-05-03,True,False,332,Android,0,1,0.376
DEV0004168,SIM0004168,CUST004168,2024-08-16,True,False,592,Android,1,1,0.168
DEV0004169,SIM0004169,CUST004169,2025-01-07,True,False,448,Android,0,1,0.051
DEV0004170,SIM0004170,CUST004170,2025-11-20,True,False,131,Android,0,1,0.115
DEV0004171,SIM0004171,CUST004171,2023-01-18,True,False,1168,Android,0,1,0.223
DEV0004172,SIM0004172,CUST004172,2024-06-12,True,False,657,Android,0,1,0.311
DEV0004173,SIM0004173,CUST004173,2025-12-05,True,False,116,Android,0,1,0.283
DEV0004174,SIM0004174,CUST004174,2024-06-23,True,False,646,Android,0,1,0.308
DEV0004175,SIM0004175,CUST004175,2023-02-15,True,False,1140,Android,1,1,0.047
DEV0004176,SIM0004176,CUST004176,2025-11-29,True,False,122,Android,0,1,0.101
DEV0004177,SIM0004177,CUST004177,2025-05-21,True,False,314,Android,0,1,0.165
DEV0004178,SIM0004178,CUST004178,2025-09-16,True,False,196,Android,0,1,0.281
DEV0004179,SIM0004179,CUST004179,2024-01-21,True,False,800,Android,0,1,0.078
DEV0004180,SIM0004180,CUST004180,2025-09-28,True,False,184,Android,0,1,0.103
DEV0004181,SIM0004181,CUST004181,2023-07-08,True,False,997,Android,0,1,0.11
DEV0004182,SIM0004182,CUST004182,2025-10-03,True,False,179,Android,0,1,0.156
DEV0004183,SIM0004183,CUST004183,2024-09-17,True,False,560,Android,0,1,0.178
DEV0004184,SIM0004184,CUST004184,2025-05-09,True,False,326,Android,0,1,0.182
DEV0004185,SIM0004185,CUST004185,2025-03-18,True,False,378,Android,0,1,0.158
DEV0004186,SIM0004186,CUST004186,2025-11-11,True,False,140,Android,0,1,0.081
DEV0004187,SIM0004187,CUST004187,2025-06-23,True,False,281,Android,0,1,0.211
DEV0004188,SIM0004188,CUST004188,2025-07-22,True,False,252,Android,0,1,0.352
DEV0004189,SIM0004189,CUST004189,2024-02-18,True,False,772,Android,0,1,0.328
DEV0004190,SIM0004190,CUST004190,2025-04-10,True,False,355,Android,0,1,0.188
DEV0004191,SIM0004191,CUST004191,2024-08-15,True,False,593,iOS,0,1,0.034
DEV0004192,SIM0004192,CUST004192,2025-07-14,True,False,260,Android,0,1,0.183
DEV0004193,SIM0004193,CUST004193,2025-03-05,True,False,391,iOS,0,1,0.416
DEV0004194,SIM0004194,CUST004194,2025-07-22,True,False,252,Android,0,1,0.23
DEV0004195,SIM0004195,CUST004195,2025-05-28,True,False,307,iOS,0,1,0.023
DEV0004196,SIM0004196,CUST004196,2025-12-29,True,False,92,Android,0,1,0.564
DEV0004197,SIM0004197,CUST004197,2025-10-23,True,False,159,Android,0,1,0.123
DEV0004198,SIM0004198,CUST004198,2024-11-05,True,False,511,Android,0,1,0.114
DEV0004199,SIM0004199,CUST004199,2025-11-05,True,False,146,Android,0,1,0.129
DEV0004200,SIM0004200,CUST004200,2024-10-26,True,False,521,Android,0,1,0.112
DEV0004201,SIM0004201,CUST004201,2025-04-29,True,False,336,Android,0,1,0.165
DEV0004202,SIM0004202,CUST004202,2025-07-02,True,False,272,Android,1,1,0.391
DEV0004203,SIM0004203,CUST004203,2025-01-30,True,False,425,Android,0,1,0.154
DEV0004204,SIM0004204,CUST004204,2025-01-09,True,False,446,Android,0,1,0.251
DEV0004205,SIM0004205,CUST004205,2024-05-03,True,False,697,Android,0,1,0.385
DEV0004206,SIM0004206,CUST004206,2025-05-13,True,False,322,Android,0,1,0.317
DEV0004207,SIM0004207,CUST004207,2024-05-31,True,False,669,Android,0,1,0.151
DEV0004208,SIM0004208,CUST004208,2025-02-04,True,False,420,Android,0,1,0.177
DEV0004209,SIM0004209,CUST004209,2025-02-10,True,False,414,Android,0,1,0.09
DEV0004210,SIM0004210,CUST004210,2024-11-16,True,False,500,Android,0,1,0.185
DEV0004211,SIM0004211,CUST004211,2025-05-20,True,False,315,Android,0,1,0.108
DEV0004212,SIM0004212,CUST004212,2024-10-10,True,False,537,Android,1,1,0.051
DEV0004213,SIM0004213,CUST004213,2025-08-01,True,False,242,Android,0,1,0.419
DEV0004214,SIM0004214,CUST004214,2025-05-05,True,False,330,Android,0,1,0.064
DEV0004215,SIM0004215,CUST004215,2023-10-26,True,False,887,Android,0,1,0.088
DEV0004216,SIM0004216,CUST004216,2024-06-06,True,False,663,Android,0,1,0.182
DEV0004217,SIM0004217,CUST004217,2023-01-02,True,False,1184,Android,0,1,0.244
DEV0004218,SIM0004218,CUST004218,2023-04-28,True,False,1068,Android,0,1,0.042
DEV0004219,SIM0004219,CUST004219,2024-07-03,True,False,636,Android,0,1,0.196
DEV0004220,SIM0004220,CUST004220,2025-09-29,True,False,183,Android,0,1,0.19
DEV0004221,SIM0004221,CUST004221,2022-10-20,True,False,1258,Android,0,1,0.348
DEV0004222,SIM0004222,CUST004222,2025-07-04,True,False,270,Android,0,1,0.251
DEV0004223,SIM0004223,CUST004223,2025-11-06,True,False,145,Android,0,1,0.362
DEV0004224,SIM0004224,CUST004224,2025-12-11,True,False,110,iOS,0,1,0.207
DEV0004225,SIM0004225,CUST004225,2025-12-25,True,False,96,Android,0,1,0.206
DEV0004226,SIM0004226,CUST004226,2025-10-27,True,False,155,Android,1,1,0.165
DEV0004227,SIM0004227,CUST004227,2025-05-06,True,False,329,Android,0,1,0.186
DEV0004228,SIM0004228,CUST004228,2025-11-25,True,False,126,Android,0,1,0.166
DEV0004229,SIM0004229,CUST004229,2024-02-27,True,False,763,Android,0,1,0.053
DEV0004230,SIM0004230,CUST004230,2025-12-30,True,False,91,iOS,0,1,0.242
DEV0004231,SIM0004231,CUST004231,2024-07-18,True,False,621,Android,0,1,0.158
DEV0004232,SIM0004232,CUST004232,2025-09-04,True,False,208,Android,0,1,0.107
DEV0004233,SIM0004233,CUST004233,2023-04-02,True,False,1094,Android,0,1,0.116
DEV0004234,SIM0004234,CUST004234,2025-06-26,True,False,278,Android,0,1,0.205
DEV0004235,SIM0004235,CUST004235,2025-03-15,True,False,381,iOS,0,1,0.13
DEV0004236,SIM0004236,CUST004236,2024-04-05,True,False,725,Android,0,1,0.121
DEV0004237,SIM0004237,CUST004237,2025-09-24,True,False,188,Android,1,1,0.237
DEV0004238,SIM0004238,CUST004238,2025-06-30,True,False,274,Android,0,1,0.372
DEV0004239,SIM0004239,CUST004239,2024-09-26,True,False,551,Android,0,1,0.289
DEV0004240,SIM0004240,CUST004240,2025-09-27,True,False,185,iOS,0,1,0.381
DEV0004241,SIM0004241,CUST004241,2025-05-16,True,False,319,Android,0,1,0.066
DEV0004242,SIM0004242,CUST004242,2025-02-25,True,False,399,Android,0,1,0.216
DEV0004243,SIM0004243,CUST004243,2025-08-17,True,False,226,Android,0,1,0.127
DEV0004244,SIM0004244,CUST004244,2024-05-01,True,False,699,Android,0,1,0.129
DEV0004245,SIM0004245,CUST004245,2021-02-09,True,False,1876,iOS,0,1,0.257
DEV0004246,SIM0004246,CUST004246,2025-10-05,True,False,177,Android,0,1,0.101
DEV0004247,SIM0004247,CUST004247,2024-09-23,True,False,554,Android,0,1,0.06
DEV0004248,SIM0004248,CUST004248,2022-12-28,True,False,1189,Android,0,1,0.133
DEV0004249,SIM0004249,CUST004249,2025-12-22,True,False,99,Android,0,1,0.037
DEV0004250,SIM0004250,CUST004250,2022-12-25,True,False,1192,Android,0,1,0.167
DEV0004251,SIM0004251,CUST004251,2025-03-02,True,False,394,Android,1,1,0.103
DEV0004252,SIM0004252,CUST004252,2021-11-13,True,False,1599,Android,0,1,0.457
DEV0004253,SIM0004253,CUST004253,2025-01-15,True,False,440,Android,0,1,0.339
DEV0004254,SIM0004254,CUST004254,2025-03-20,True,False,376,Android,0,1,0.237
DEV0004255,SIM0004255,CUST004255,2025-04-09,True,False,356,Android,0,1,0.159
DEV0004256,SIM0004256,CUST004256,2025-07-26,True,False,248,Android,1,1,0.148
DEV0004257,SIM0004257,CUST004257,2024-02-06,True,False,784,Android,0,1,0.23
DEV0004258,SIM0004258,CUST004258,2025-07-18,True,False,256,Android,0,1,0.361
DEV0004259,SIM0004259,CUST004259,2025-02-12,True,False,412,Android,0,1,0.086
DEV0004260,SIM0004260,CUST004260,2025-09-04,True,False,208,Android,1,1,0.052
DEV0004261,SIM0004261,CUST004261,2023-12-08,True,False,844,Android,1,1,0.149
DEV0004262,SIM0004262,CUST004262,2024-08-06,True,False,602,Android,0,1,0.183
DEV0004263,SIM0004263,CUST004263,2025-07-15,True,False,259,Android,0,1,0.379
DEV0004264,SIM0004264,CUST004264,2022-12-26,True,False,1191,Android,0,1,0.074
DEV0004265,SIM0004265,CUST004265,2025-05-18,True,False,317,Android,0,1,0.245
DEV0004266,SIM0004266,CUST004266,2025-08-25,True,False,218,iOS,0,1,0.04
DEV0004267,SIM0004267,CUST004267,2024-09-30,True,False,547,Android,0,1,0.061
DEV0004268,SIM0004268,CUST004268,2025-11-15,True,False,136,Android,0,1,0.184
DEV0004269,SIM0004269,CUST004269,2025-10-19,True,False,163,Android,0,1,0.035
DEV0004270,SIM0004270,CUST004270,2025-02-19,True,False,405,Android,0,1,0.209
DEV0004271,SIM0004271,CUST004271,2021-08-25,True,False,1679,Android,0,1,0.073
DEV0004272,SIM0004272,CUST004272,2024-10-28,True,False,519,iOS,0,1,0.056
DEV0004273,SIM0004273,CUST004273,2025-12-29,True,False,92,Android,1,1,0.169
DEV0004274,SIM0004274,CUST004274,2023-01-21,True,False,1165,Android,0,1,0.041
DEV0004275,SIM0004275,CUST004275,2023-05-25,True,False,1041,iOS,0,1,0.216
DEV0004276,SIM0004276,CUST004276,2025-08-02,True,False,241,Android,0,1,0.221
DEV0004277,SIM0004277,CUST004277,2025-09-23,True,False,189,Android,0,1,0.214
DEV0004278,SIM0004278,CUST004278,2025-01-25,True,False,430,Android,0,1,0.073
DEV0004279,SIM0004279,CUST004279,2025-08-22,True,False,221,Android,0,1,0.252
DEV0004280,SIM0004280,CUST004280,2025-12-03,True,False,118,Android,0,1,0.056
DEV0004281,SIM0004281,CUST004281,2025-11-26,True,False,125,iOS,0,1,0.202
DEV0004282,SIM0004282,CUST004282,2025-03-25,True,False,371,Android,0,1,0.423
DEV0004283,SIM0004283,CUST004283,2024-03-13,True,False,748,Android,0,1,0.202
DEV0004284,SIM0004284,CUST004284,2023-10-11,True,False,902,iOS,1,1,0.232
DEV0004285,SIM0004285,CUST004285,2025-08-25,True,False,218,Android,2,1,0.296
DEV0004286,SIM0004286,CUST004286,2025-08-14,True,False,229,Android,0,1,0.038
DEV0004287,SIM0004287,CUST004287,2025-12-20,True,False,101,Android,1,1,0.409
DEV0004288,SIM0004288,CUST004288,2021-10-22,True,False,1621,Android,0,1,0.119
DEV0004289,SIM0004289,CUST004289,2025-09-18,True,False,194,Android,0,1,0.141
DEV0004290,SIM0004290,CUST004290,2021-04-11,True,False,1815,Android,0,1,0.17
DEV0004291,SIM0004291,CUST004291,2025-12-31,True,False,90,Android,0,1,0.233
DEV0004292,SIM0004292,CUST004292,2023-08-17,True,False,957,Android,0,1,0.089
DEV0004293,SIM0004293,CUST004293,2025-12-09,True,False,112,Android,0,1,0.18
DEV0004294,SIM0004294,CUST004294,2024-10-05,True,False,542,Android,0,1,0.202
DEV0004295,SIM0004295,CUST004295,2025-05-22,True,False,313,Android,0,1,0.407
DEV0004296,SIM0004296,CUST004296,2025-07-02,True,False,272,iOS,0,1,0.161
DEV0004297,SIM0004297,CUST004297,2025-05-22,True,False,313,Android,0,1,0.168
DEV0004298,SIM0004298,CUST004298,2023-07-05,True,False,1000,Android,1,1,0.156
DEV0004299,SIM0004299,CUST004299,2025-10-29,True,False,153,Android,0,1,0.06
DEV0004300,SIM0004300,CUST004300,2024-01-17,True,False,804,Android,0,1,0.102
DEV0004301,SIM0004301,CUST004301,2024-11-20,True,False,496,Android,1,1,0.033
DEV0004302,SIM0004302,CUST004302,2025-04-01,True,False,364,Android,0,1,0.031
DEV0004303,SIM0004303,CUST004303,2025-10-12,True,False,170,Android,0,1,0.075
DEV0004304,SIM0004304,CUST004304,2025-11-08,True,False,143,Android,0,1,0.061
DEV0004305,SIM0004305,CUST004305,2025-11-28,True,False,123,Android,0,1,0.29
DEV0004306,SIM0004306,CUST004306,2025-07-16,True,False,258,Android,0,1,0.186
DEV0004307,SIM0004307,CUST004307,2024-02-13,True,False,777,Android,0,1,0.168
DEV0004308,SIM0004308,CUST004308,2025-07-03,True,False,271,Android,0,1,0.128
DEV0004309,SIM0004309,CUST004309,2025-07-15,True,False,259,Android,0,1,0.111
DEV0004310,SIM0004310,CUST004310,2025-09-26,True,False,186,Android,0,1,0.186
DEV0004311,SIM0004311,CUST004311,2021-08-07,True,False,1697,Android,0,1,0.032
DEV0004312,SIM0004312,CUST004312,2021-09-29,True,False,1644,Android,0,1,0.142
DEV0004313,SIM0004313,CUST004313,2025-10-06,True,False,176,Android,0,1,0.203
DEV0004314,SIM0004314,CUST004314,2025-08-23,True,False,220,Android,0,1,0.246
DEV0004315,SIM0004315,CUST004315,2025-02-24,True,False,400,Android,0,1,0.152
DEV0004316,SIM0004316,CUST004316,2025-07-10,True,False,264,iOS,0,1,0.204
DEV0004317,SIM0004317,CUST004317,2024-11-29,True,False,487,iOS,0,1,0.068
DEV0004318,SIM0004318,CUST004318,2025-03-30,True,False,366,Android,0,1,0.179
DEV0004319,SIM0004319,CUST004319,2025-09-03,True,False,209,Android,0,1,0.035
DEV0004320,SIM0004320,CUST004320,2025-10-24,True,False,158,Android,1,1,0.286
DEV0004321,SIM0004321,CUST004321,2025-10-02,True,False,180,Android,0,1,0.096
DEV0004322,SIM0004322,CUST004322,2025-07-23,True,False,251,Android,1,1,0.203
DEV0004323,SIM0004323,CUST004323,2025-09-26,True,False,186,Android,0,1,0.026
DEV0004324,SIM0004324,CUST004324,2023-08-06,True,False,968,Android,0,1,0.063
DEV0004325,SIM0004325,CUST004325,2025-10-24,True,False,158,iOS,0,1,0.196
DEV0004326,SIM0004326,CUST004326,2024-04-30,True,False,700,Android,0,1,0.048
DEV0004327,SIM0004327,CUST004327,2025-12-15,True,False,106,Android,0,1,0.251
DEV0004328,SIM0004328,CUST004328,2024-08-22,True,False,586,iOS,0,1,0.261
DEV0004329,SIM0004329,CUST004329,2023-09-28,True,False,915,Android,0,1,0.048
DEV0004330,SIM0004330,CUST004330,2024-11-02,True,False,514,Android,0,1,0.097
DEV0004331,SIM0004331,CUST004331,2025-03-07,True,False,389,Android,0,1,0.48
DEV0004332,SIM0004332,CUST004332,2025-07-02,True,False,272,Android,1,1,0.354
DEV0004333,SIM0004333,CUST004333,2025-09-03,True,False,209,Android,1,1,0.068
DEV0004334,SIM0004334,CUST004334,2024-08-21,True,False,587,Android,0,1,0.178
DEV0004335,SIM0004335,CUST004335,2024-02-19,True,False,771,Android,0,1,0.263
DEV0004336,SIM0004336,CUST004336,2025-11-09,True,False,142,Android,1,1,0.149
DEV0004337,SIM0004337,CUST004337,2025-11-20,True,False,131,Android,1,1,0.317
DEV0004338,SIM0004338,CUST004338,2024-08-16,True,False,592,Android,0,1,0.036
DEV0004339,SIM0004339,CUST004339,2024-06-10,True,False,659,Android,0,1,0.216
DEV0004340,SIM0004340,CUST004340,2024-08-15,True,False,593,Android,0,1,0.129
DEV0004341,SIM0004341,CUST004341,2023-09-22,True,False,921,Android,0,1,0.165
DEV0004342,SIM0004342,CUST004342,2024-07-08,True,False,631,Android,0,1,0.136
DEV0004343,SIM0004343,CUST004343,2025-08-21,True,False,222,Android,0,1,0.041
DEV0004344,SIM0004344,CUST004344,2025-06-22,True,False,282,Android,0,1,0.234
DEV0004345,SIM0004345,CUST004345,2025-12-31,True,False,90,Android,0,1,0.372
DEV0004346,SIM0004346,CUST004346,2023-11-24,True,False,858,Android,0,1,0.348
DEV0004347,SIM0004347,CUST004347,2025-01-18,True,False,437,Android,0,1,0.211
DEV0004348,SIM0004348,CUST004348,2025-12-21,True,False,100,Android,0,1,0.125
DEV0004349,SIM0004349,CUST004349,2025-04-02,True,False,363,Android,0,1,0.035
DEV0004350,SIM0004350,CUST004350,2025-07-30,True,False,244,Android,0,1,0.142
DEV0004351,SIM0004351,CUST004351,2022-01-11,True,False,1540,Android,0,1,0.418
DEV0004352,SIM0004352,CUST004352,2024-03-11,True,False,750,Android,0,1,0.168
DEV0004353,SIM0004353,CUST004353,2025-10-11,True,False,171,iOS,0,1,0.379
DEV0004354,SIM0004354,CUST004354,2024-12-24,True,False,462,Android,0,1,0.374
DEV0004355,SIM0004355,CUST004355,2025-08-12,True,False,231,Android,2,1,0.133
DEV0004356,SIM0004356,CUST004356,2025-06-17,True,False,287,Android,0,1,0.166
DEV0004357,SIM0004357,CUST004357,2025-05-10,True,False,325,Android,0,1,0.056
DEV0004358,SIM0004358,CUST004358,2024-12-01,True,False,485,Android,0,1,0.149
DEV0004359,SIM0004359,CUST004359,2025-01-05,True,False,450,Android,0,1,0.114
DEV0004360,SIM0004360,CUST004360,2025-01-09,True,False,446,Android,0,1,0.182
DEV0004361,SIM0004361,CUST004361,2025-11-09,True,False,142,Android,0,1,0.268
DEV0004362,SIM0004362,CUST004362,2024-09-16,True,False,561,iOS,1,1,0.469
DEV0004363,SIM0004363,CUST004363,2025-04-22,True,False,343,Android,0,1,0.084
DEV0004364,SIM0004364,CUST004364,2025-11-24,True,False,127,Android,0,1,0.344
DEV0004365,SIM0004365,CUST004365,2025-08-14,True,False,229,Android,0,1,0.101
DEV0004366,SIM0004366,CUST004366,2024-09-15,True,False,562,Android,0,1,0.018
DEV0004367,SIM0004367,CUST004367,2025-09-13,True,False,199,Android,0,1,0.132
DEV0004368,SIM0004368,CUST004368,2025-06-05,True,False,299,Android,1,1,0.26
DEV0004369,SIM0004369,CUST004369,2024-07-06,True,False,633,iOS,0,1,0.028
DEV0004370,SIM0004370,CUST004370,2025-06-25,True,False,279,Android,0,1,0.156
DEV0004371,SIM0004371,CUST004371,2018-11-20,True,False,2688,Android,0,1,0.272
DEV0004372,SIM0004372,CUST004372,2025-06-10,True,False,294,Android,0,1,0.233
DEV0004373,SIM0004373,CUST004373,2025-06-04,True,False,300,Android,0,1,0.527
DEV0004374,SIM0004374,CUST004374,2025-03-22,True,False,374,Android,0,1,0.047
DEV0004375,SIM0004375,CUST004375,2024-11-10,True,False,506,Android,0,1,0.177
DEV0004376,SIM0004376,CUST004376,2023-12-25,True,False,827,Android,0,1,0.266
DEV0004377,SIM0004377,CUST004377,2024-03-31,True,False,730,Android,0,1,0.156
DEV0004378,SIM0004378,CUST004378,2025-04-03,True,False,362,Android,0,1,0.369
DEV0004379,SIM0004379,CUST004379,2025-10-11,True,False,171,Android,0,1,0.112
DEV0004380,SIM0004380,CUST004380,2025-12-21,True,False,100,Android,1,1,0.277
DEV0004381,SIM0004381,CUST004381,2024-11-16,True,False,500,Android,0,1,0.102
DEV0004382,SIM0004382,CUST004382,2023-12-25,True,False,827,Android,0,1,0.177
DEV0004383,SIM0004383,CUST004383,2025-10-19,True,False,163,Android,0,1,0.331
DEV0004384,SIM0004384,CUST004384,2025-06-03,True,False,301,Android,0,1,0.268
DEV0004385,SIM0004385,CUST004385,2025-04-12,True,False,353,Android,0,1,0.373
DEV0004386,SIM0004386,CUST004386,2025-05-14,True,False,321,Android,0,1,0.168
DEV0004387,SIM0004387,CUST004387,2025-09-03,True,False,209,Android,1,1,0.188
DEV0004388,SIM0004388,CUST004388,2025-12-24,True,False,97,Android,2,1,0.164
DEV0004389,SIM0004389,CUST004389,2023-08-11,True,False,963,Android,0,1,0.1
DEV0004390,SIM0004390,CUST004390,2025-08-15,True,False,228,Android,0,1,0.263
DEV0004391,SIM0004391,CUST004391,2022-02-26,True,False,1494,Android,0,1,0.421
DEV0004392,SIM0004392,CUST004392,2025-11-29,True,False,122,iOS,0,1,0.276
DEV0004393,SIM0004393,CUST004393,2024-12-03,True,False,483,Android,0,1,0.297
DEV0004394,SIM0004394,CUST004394,2025-05-28,True,False,307,Android,0,1,0.178
DEV0004395,SIM0004395,CUST004395,2025-07-15,True,False,259,Android,0,1,0.259
DEV0004396,SIM0004396,CUST004396,2025-12-08,True,False,113,Android,0,1,0.104
DEV0004397,SIM0004397,CUST004397,2025-01-07,True,False,448,Android,0,1,0.237
DEV0004398,SIM0004398,CUST004398,2024-11-29,True,False,487,Android,0,1,0.216
DEV0004399,SIM0004399,CUST004399,2024-10-03,True,False,544,Android,0,1,0.371
DEV0004400,SIM0004400,CUST004400,2025-08-27,True,False,216,Android,0,1,0.091
DEV0004401,SIM0004401,CUST004401,2025-08-18,True,False,225,iOS,0,1,0.222
DEV0004402,SIM0004402,CUST004402,2025-12-15,True,False,106,Android,0,1,0.083
DEV0004403,SIM0004403,CUST004403,2024-10-10,True,False,537,Android,0,1,0.574
DEV0004404,SIM0004404,CUST004404,2025-04-17,True,False,348,Android,0,1,0.027
DEV0004405,SIM0004405,CUST004405,2025-11-13,True,False,138,Android,0,1,0.142
DEV0004406,SIM0004406,CUST004406,2023-07-29,True,False,976,Android,0,1,0.403
DEV0004407,SIM0004407,CUST004407,2025-06-20,True,False,284,Android,0,1,0.362
DEV0004408,SIM0004408,CUST004408,2025-05-31,True,False,304,Android,0,1,0.178
DEV0004409,SIM0004409,CUST004409,2025-08-20,True,False,223,Android,0,1,0.228
DEV0004410,SIM0004410,CUST004410,2024-03-20,True,False,741,Android,0,1,0.406
DEV0004411,SIM0004411,CUST004411,2021-01-02,True,False,1914,Android,0,1,0.277
DEV0004412,SIM0004412,CUST004412,2025-10-30,True,False,152,iOS,0,1,0.446
DEV0004413,SIM0004413,CUST004413,2024-11-12,True,False,504,Android,0,1,0.164
DEV0004414,SIM0004414,CUST004414,2025-01-18,True,False,437,Android,0,1,0.018
DEV0004415,SIM0004415,CUST004415,2025-09-13,True,False,199,Android,0,1,0.292
DEV0004416,SIM0004416,CUST004416,2025-11-13,True,False,138,iOS,0,1,0.176
DEV0004417,SIM0004417,CUST004417,2024-12-20,True,False,466,Android,0,1,0.341
DEV0004418,SIM0004418,CUST004418,2023-09-14,True,False,929,Android,0,1,0.131
DEV0004419,SIM0004419,CUST004419,2025-08-15,True,False,228,Android,0,1,0.179
DEV0004420,SIM0004420,CUST004420,2025-05-16,True,False,319,iOS,0,1,0.18
DEV0004421,SIM0004421,CUST004421,2022-08-21,True,False,1318,Android,0,1,0.219
DEV0004422,SIM0004422,CUST004422,2025-02-16,True,False,408,Android,0,1,0.258
DEV0004423,SIM0004423,CUST004423,2024-12-08,True,False,478,Android,1,1,0.487
DEV0004424,SIM0004424,CUST004424,2025-08-29,True,False,214,Android,0,1,0.356
DEV0004425,SIM0004425,CUST004425,2024-01-12,True,False,809,Android,0,1,0.179
DEV0004426,SIM0004426,CUST004426,2025-09-01,True,False,211,Android,0,1,0.084
DEV0004427,SIM0004427,CUST004427,2023-04-30,True,False,1066,Android,0,1,0.047
DEV0004428,SIM0004428,CUST004428,2025-11-28,True,False,123,Android,0,1,0.112
DEV0004429,SIM0004429,CUST004429,2025-09-16,True,False,196,iOS,0,1,0.064
DEV0004430,SIM0004430,CUST004430,2025-10-08,True,False,174,Android,0,1,0.078
DEV0004431,SIM0004431,CUST004431,2025-06-02,True,False,302,Android,0,1,0.063
DEV0004432,SIM0004432,CUST004432,2025-10-25,True,False,157,Android,1,1,0.15
DEV0004433,SIM0004433,CUST004433,2025-09-03,True,False,209,Android,0,1,0.248
DEV0004434,SIM0004434,CUST004434,2025-05-15,True,False,320,Android,0,1,0.309
DEV0004435,SIM0004435,CUST004435,2025-11-26,True,False,125,iOS,0,1,0.066
DEV0004436,SIM0004436,CUST004436,2025-11-05,True,False,146,Android,0,1,0.126
DEV0004437,SIM0004437,CUST004437,2025-02-27,True,False,397,Android,0,1,0.195
DEV0004438,SIM0004438,CUST004438,2024-10-31,True,False,516,Android,0,1,0.238
DEV0004439,SIM0004439,CUST004439,2023-09-26,True,False,917,iOS,0,1,0.238
DEV0004440,SIM0004440,CUST004440,2024-07-17,True,False,622,iOS,0,1,0.206
DEV0004441,SIM0004441,CUST004441,2020-05-17,True,False,2144,iOS,1,1,0.173
DEV0004442,SIM0004442,CUST004442,2025-12-29,True,False,92,Android,0,1,0.387
DEV0004443,SIM0004443,CUST004443,2025-12-18,True,False,103,Android,0,1,0.087
DEV0004444,SIM0004444,CUST004444,2025-11-08,True,False,143,Android,0,1,0.236
DEV0004445,SIM0004445,CUST004445,2021-04-04,True,False,1822,Android,0,1,0.283
DEV0004446,SIM0004446,CUST004446,2020-05-12,True,False,2149,Android,0,1,0.241
DEV0004447,SIM0004447,CUST004447,2025-08-31,True,False,212,Android,0,1,0.196
DEV0004448,SIM0004448,CUST004448,2023-01-01,True,False,1185,Android,0,1,0.235
DEV0004449,SIM0004449,CUST004449,2025-07-03,True,False,271,Android,0,1,0.086
DEV0004450,SIM0004450,CUST004450,2025-10-07,True,False,175,Android,0,1,0.105
DEV0004451,SIM0004451,CUST004451,2024-06-26,True,False,643,iOS,0,1,0.13
DEV0004452,SIM0004452,CUST004452,2025-02-08,True,False,416,Android,0,1,0.044
DEV0004453,SIM0004453,CUST004453,2025-07-12,True,False,262,Android,0,1,0.239
DEV0004454,SIM0004454,CUST004454,2025-10-18,True,False,164,Android,0,1,0.27
DEV0004455,SIM0004455,CUST004455,2025-09-24,True,False,188,Android,0,1,0.209
DEV0004456,SIM0004456,CUST004456,2025-10-22,True,False,160,iOS,0,1,0.139
DEV0004457,SIM0004457,CUST004457,2025-12-30,True,False,91,Android,0,1,0.344
DEV0004458,SIM0004458,CUST004458,2023-03-31,True,False,1096,Android,0,1,0.148
DEV0004459,SIM0004459,CUST004459,2024-12-01,True,False,485,Android,0,1,0.23
DEV0004460,SIM0004460,CUST004460,2025-04-07,True,False,358,Android,0,1,0.192
DEV0004461,SIM0004461,CUST004461,2024-11-29,True,False,487,Android,0,1,0.156
DEV0004462,SIM0004462,CUST004462,2024-07-24,True,False,615,Android,0,1,0.105
DEV0004463,SIM0004463,CUST004463,2024-10-29,True,False,518,iOS,0,1,0.215
DEV0004464,SIM0004464,CUST004464,2025-11-27,True,False,124,iOS,0,1,0.405
DEV0004465,SIM0004465,CUST004465,2025-09-06,True,False,206,Android,0,1,0.151
DEV0004466,SIM0004466,CUST004466,2018-02-19,True,False,2962,Android,0,1,0.269
DEV0004467,SIM0004467,CUST004467,2024-10-27,True,False,520,Android,0,1,0.104
DEV0004468,SIM0004468,CUST004468,2025-09-18,True,False,194,Android,0,1,0.233
DEV0004469,SIM0004469,CUST004469,2025-06-28,True,False,276,Android,0,1,0.359
DEV0004470,SIM0004470,CUST004470,2025-09-07,True,False,205,Android,0,1,0.192
DEV0004471,SIM0004471,CUST004471,2024-12-19,True,False,467,Android,0,1,0.248
DEV0004472,SIM0004472,CUST004472,2025-05-31,True,False,304,Android,0,1,0.3
DEV0004473,SIM0004473,CUST004473,2025-09-25,True,False,187,Android,0,1,0.139
DEV0004474,SIM0004474,CUST004474,2025-11-13,True,False,138,Android,0,1,0.047
DEV0004475,SIM0004475,CUST004475,2025-12-01,True,False,120,Android,0,1,0.282
DEV0004476,SIM0004476,CUST004476,2024-09-17,True,False,560,Android,1,1,0.415
DEV0004477,SIM0004477,CUST004477,2025-09-03,True,False,209,Android,1,1,0.071
DEV0004478,SIM0004478,CUST004478,2025-11-01,True,False,150,Android,0,1,0.273
DEV0004479,SIM0004479,CUST004479,2025-01-18,True,False,437,Android,0,1,0.164
DEV0004480,SIM0004480,CUST004480,2025-09-10,True,False,202,Android,0,1,0.236
DEV0004481,SIM0004481,CUST004481,2024-07-18,True,False,621,Android,1,1,0.024
DEV0004482,SIM0004482,CUST004482,2025-10-07,True,False,175,Android,0,1,0.327
DEV0004483,SIM0004483,CUST004483,2025-10-08,True,False,174,Android,0,1,0.099
DEV0004484,SIM0004484,CUST004484,2024-03-10,True,False,751,Android,1,1,0.232
DEV0004485,SIM0004485,CUST004485,2025-11-10,True,False,141,Android,0,1,0.112
DEV0004486,SIM0004486,CUST004486,2025-11-21,True,False,130,Android,0,1,0.096
DEV0004487,SIM0004487,CUST004487,2025-11-07,True,False,144,Android,0,1,0.311
DEV0004488,SIM0004488,CUST004488,2025-08-26,True,False,217,Android,0,1,0.181
DEV0004489,SIM0004489,CUST004489,2025-11-23,True,False,128,Android,0,1,0.246
DEV0004490,SIM0004490,CUST004490,2025-08-06,True,False,237,Android,0,1,0.259
DEV0004491,SIM0004491,CUST004491,2024-07-02,True,False,637,Android,0,1,0.133
DEV0004492,SIM0004492,CUST004492,2023-11-27,True,False,855,Android,0,1,0.051
DEV0004493,SIM0004493,CUST004493,2024-07-08,True,False,631,Android,1,1,0.166
DEV0004494,SIM0004494,CUST004494,2023-04-21,True,False,1075,Android,1,1,0.058
DEV0004495,SIM0004495,CUST004495,2025-01-10,True,False,445,Android,0,1,0.407
DEV0004496,SIM0004496,CUST004496,2024-04-17,True,False,713,Android,0,1,0.184
DEV0004497,SIM0004497,CUST004497,2024-05-21,True,False,679,Android,0,1,0.308
DEV0004498,SIM0004498,CUST004498,2025-01-01,True,False,454,Android,2,1,0.09
DEV0004499,SIM0004499,CUST004499,2025-01-12,True,False,443,iOS,0,1,0.109
DEV0004500,SIM0004500,CUST004500,2020-02-20,True,False,2231,Android,0,1,0.021
DEV0004501,SIM0004501,CUST004501,2025-04-10,True,False,355,iOS,0,1,0.102
DEV0004502,SIM0004502,CUST004502,2025-10-24,True,False,158,Android,0,1,0.428
DEV0004503,SIM0004503,CUST004503,2025-10-22,True,False,160,Android,0,1,0.153
DEV0004504,SIM0004504,CUST004504,2024-01-11,True,False,810,Android,0,1,0.214
DEV0004505,SIM0004505,CUST004505,2025-10-23,True,False,159,Android,0,1,0.096
DEV0004506,SIM0004506,CUST004506,2025-07-30,True,False,244,Android,0,1,0.079
DEV0004507,SIM0004507,CUST004507,2025-09-04,True,False,208,Android,0,1,0.29
DEV0004508,SIM0004508,CUST004508,2022-08-15,True,False,1324,Android,0,1,0.252
DEV0004509,SIM0004509,CUST004509,2024-12-19,True,False,467,Android,1,1,0.413
DEV0004510,SIM0004510,CUST004510,2024-05-15,True,False,685,Android,0,1,0.188
DEV0004511,SIM0004511,CUST004511,2025-12-20,True,False,101,iOS,0,1,0.454
DEV0004512,SIM0004512,CUST004512,2021-05-02,True,False,1794,Android,0,1,0.091
DEV0004513,SIM0004513,CUST004513,2025-11-04,True,False,147,Android,0,1,0.085
DEV0004514,SIM0004514,CUST004514,2020-06-29,True,False,2101,iOS,0,1,0.291
DEV0004515,SIM0004515,CUST004515,2025-04-21,True,False,344,Android,0,1,0.121
DEV0004516,SIM0004516,CUST004516,2022-10-14,True,False,1264,Android,0,1,0.493
DEV0004517,SIM0004517,CUST004517,2024-01-06,True,False,815,Android,0,1,0.101
DEV0004518,SIM0004518,CUST004518,2024-07-13,True,False,626,Android,0,1,0.224
DEV0004519,SIM0004519,CUST004519,2025-04-14,True,False,351,iOS,2,1,0.101
DEV0004520,SIM0004520,CUST004520,2024-05-13,True,False,687,Android,0,1,0.134
DEV0004521,SIM0004521,CUST004521,2023-04-14,True,False,1082,Android,0,1,0.222
DEV0004522,SIM0004522,CUST004522,2025-08-17,True,False,226,Android,0,1,0.139
DEV0004523,SIM0004523,CUST004523,2024-05-28,True,False,672,Android,0,1,0.025
DEV0004524,SIM0004524,CUST004524,2025-04-01,True,False,364,Android,0,1,0.139
DEV0004525,SIM0004525,CUST004525,2025-10-21,True,False,161,Android,1,1,0.021
DEV0004526,SIM0004526,CUST004526,2025-09-24,True,False,188,Android,0,1,0.152
DEV0004527,SIM0004527,CUST004527,2024-09-19,True,False,558,Android,0,1,0.108
DEV0004528,SIM0004528,CUST004528,2025-01-14,True,False,441,Android,1,1,0.108
DEV0004529,SIM0004529,CUST004529,2024-06-04,True,False,665,Android,0,1,0.198
DEV0004530,SIM0004530,CUST004530,2025-06-05,True,False,299,Android,0,1,0.194
DEV0004531,SIM0004531,CUST004531,2023-02-06,True,False,1149,Android,1,1,0.192
DEV0004532,SIM0004532,CUST004532,2023-10-06,True,False,907,Android,0,1,0.099
DEV0004533,SIM0004533,CUST004533,2023-01-21,True,False,1165,Android,0,1,0.15
DEV0004534,SIM0004534,CUST004534,2024-09-08,True,False,569,Android,0,1,0.143
DEV0004535,SIM0004535,CUST004535,2024-02-21,True,False,769,Android,0,1,0.211
DEV0004536,SIM0004536,CUST004536,2025-11-17,True,False,134,Android,0,1,0.323
DEV0004537,SIM0004537,CUST004537,2025-09-03,True,False,209,Android,0,1,0.134
DEV0004538,SIM0004538,CUST004538,2025-08-01,True,False,242,Android,0,1,0.368
DEV0004539,SIM0004539,CUST004539,2024-05-25,True,False,675,Android,0,1,0.193
DEV0004540,SIM0004540,CUST004540,2025-06-14,True,False,290,Android,0,1,0.162
DEV0004541,SIM0004541,CUST004541,2025-12-30,True,False,91,iOS,0,1,0.14
DEV0004542,SIM0004542,CUST004542,2022-11-23,True,False,1224,Android,0,1,0.09
DEV0004543,SIM0004543,CUST004543,2025-03-09,True,False,387,Android,0,1,0.143
DEV0004544,SIM0004544,CUST004544,2025-10-07,True,False,175,Android,0,1,0.124
DEV0004545,SIM0004545,CUST004545,2025-04-30,True,False,335,Android,0,1,0.548
DEV0004546,SIM0004546,CUST004546,2025-01-01,True,False,454,iOS,1,1,0.045
DEV0004547,SIM0004547,CUST004547,2024-09-23,True,False,554,iOS,0,1,0.135
DEV0004548,SIM0004548,CUST004548,2024-01-05,True,False,816,Android,0,1,0.273
DEV0004549,SIM0004549,CUST004549,2023-09-30,True,False,913,Android,0,1,0.134
DEV0004550,SIM0004550,CUST004550,2025-12-31,True,False,90,Android,1,1,0.368
DEV0004551,SIM0004551,CUST004551,2025-09-18,True,False,194,Android,0,1,0.077
DEV0004552,SIM0004552,CUST004552,2024-05-04,True,False,696,Android,1,1,0.198
DEV0004553,SIM0004553,CUST004553,2024-12-14,True,False,472,iOS,0,1,0.146
DEV0004554,SIM0004554,CUST004554,2023-06-09,True,False,1026,Android,0,1,0.066
DEV0004555,SIM0004555,CUST004555,2025-07-23,True,False,251,iOS,0,1,0.157
DEV0004556,SIM0004556,CUST004556,2024-10-25,True,False,522,Android,0,1,0.288
DEV0004557,SIM0004557,CUST004557,2025-08-11,True,False,232,Android,0,1,0.035
DEV0004558,SIM0004558,CUST004558,2024-12-23,True,False,463,Android,0,1,0.041
DEV0004559,SIM0004559,CUST004559,2025-07-09,True,False,265,Android,0,1,0.053
DEV0004560,SIM0004560,CUST004560,2023-09-08,True,False,935,Android,0,1,0.2
DEV0004561,SIM0004561,CUST004561,2025-06-10,True,False,294,Android,0,1,0.075
DEV0004562,SIM0004562,CUST004562,2024-08-18,True,False,590,Android,0,1,0.185
DEV0004563,SIM0004563,CUST004563,2025-02-24,True,False,400,Android,1,1,0.248
DEV0004564,SIM0004564,CUST004564,2025-06-23,True,False,281,Android,1,1,0.312
DEV0004565,SIM0004565,CUST004565,2024-08-31,True,False,577,Android,0,1,0.545
DEV0004566,SIM0004566,CUST004566,2024-12-29,True,False,457,Android,0,1,0.205
DEV0004567,SIM0004567,CUST004567,2025-03-29,True,False,367,Android,0,1,0.414
DEV0004568,SIM0004568,CUST004568,2025-01-30,True,False,425,Android,0,1,0.148
DEV0004569,SIM0004569,CUST004569,2025-05-19,True,False,316,Android,1,1,0.229
DEV0004570,SIM0004570,CUST004570,2022-05-17,True,False,1414,iOS,0,1,0.212
DEV0004571,SIM0004571,CUST004571,2025-11-08,True,False,143,Android,0,1,0.491
DEV0004572,SIM0004572,CUST004572,2025-11-06,True,False,145,Android,0,1,0.196
DEV0004573,SIM0004573,CUST004573,2024-11-11,True,False,505,Android,0,1,0.262
DEV0004574,SIM0004574,CUST004574,2025-12-05,True,False,116,Android,0,1,0.29
DEV0004575,SIM0004575,CUST004575,2025-11-13,True,False,138,Android,0,1,0.203
DEV0004576,SIM0004576,CUST004576,2023-11-28,True,False,854,Android,0,1,0.258
DEV0004577,SIM0004577,CUST004577,2023-02-02,True,False,1153,iOS,0,1,0.208
DEV0004578,SIM0004578,CUST004578,2025-12-16,True,False,105,Android,0,1,0.009
DEV0004579,SIM0004579,CUST004579,2025-01-20,True,False,435,Android,0,1,0.187
DEV0004580,SIM0004580,CUST004580,2020-10-20,True,False,1988,Android,0,1,0.444
DEV0004581,SIM0004581,CUST004581,2021-12-29,True,False,1553,Android,0,1,0.1
DEV0004582,SIM0004582,CUST004582,2024-04-09,True,False,721,Android,0,1,0.28
DEV0004583,SIM0004583,CUST004583,2020-04-02,True,False,2189,Android,0,1,0.166
DEV0004584,SIM0004584,CUST004584,2024-06-24,True,False,645,Android,0,1,0.069
DEV0004585,SIM0004585,CUST004585,2025-12-16,True,False,105,Android,0,1,0.024
DEV0004586,SIM0004586,CUST004586,2025-09-25,True,False,187,Android,0,1,0.554
DEV0004587,SIM0004587,CUST004587,2025-10-06,True,False,176,Android,0,1,0.044
DEV0004588,SIM0004588,CUST004588,2025-11-19,True,False,132,Android,0,1,0.109
DEV0004589,SIM0004589,CUST004589,2023-02-10,True,False,1145,Android,0,1,0.188
DEV0004590,SIM0004590,CUST004590,2025-02-14,True,False,410,Android,0,1,0.296
DEV0004591,SIM0004591,CUST004591,2025-09-11,True,False,201,Android,1,1,0.158
DEV0004592,SIM0004592,CUST004592,2025-12-07,True,False,114,Android,0,1,0.129
DEV0004593,SIM0004593,CUST004593,2025-02-08,True,False,416,Android,0,1,0.536
DEV0004594,SIM0004594,CUST004594,2023-10-11,True,False,902,Android,0,1,0.304
DEV0004595,SIM0004595,CUST004595,2024-03-07,True,False,754,Android,0,1,0.502
DEV0004596,SIM0004596,CUST004596,2022-05-03,True,False,1428,Android,0,1,0.119
DEV0004597,SIM0004597,CUST004597,2025-02-15,True,False,409,Android,1,1,0.281
DEV0004598,SIM0004598,CUST004598,2022-09-19,True,False,1289,Android,0,1,0.319
DEV0004599,SIM0004599,CUST004599,2023-11-26,True,False,856,Android,0,1,0.459
DEV0004600,SIM0004600,CUST004600,2025-08-22,True,False,221,Android,0,1,0.242
DEV0004601,SIM0004601,CUST004601,2025-07-31,True,False,243,Android,0,1,0.141
DEV0004602,SIM0004602,CUST004602,2025-02-20,True,False,404,Android,1,1,0.229
DEV0004603,SIM0004603,CUST004603,2023-02-10,True,False,1145,Android,0,1,0.487
DEV0004604,SIM0004604,CUST004604,2025-12-15,True,False,106,iOS,0,1,0.152
DEV0004605,SIM0004605,CUST004605,2025-07-04,True,False,270,Android,0,1,0.283
DEV0004606,SIM0004606,CUST004606,2024-11-16,True,False,500,iOS,0,1,0.378
DEV0004607,SIM0004607,CUST004607,2025-08-15,True,False,228,iOS,0,1,0.127
DEV0004608,SIM0004608,CUST004608,2025-06-23,True,False,281,Android,0,1,0.305
DEV0004609,SIM0004609,CUST004609,2024-08-26,True,False,582,Android,0,1,0.181
DEV0004610,SIM0004610,CUST004610,2023-11-13,True,False,869,Android,1,1,0.163
DEV0004611,SIM0004611,CUST004611,2024-07-26,True,False,613,iOS,1,1,0.138
DEV0004612,SIM0004612,CUST004612,2025-08-30,True,False,213,Android,0,1,0.175
DEV0004613,SIM0004613,CUST004613,2025-02-03,True,False,421,Android,0,1,0.274
DEV0004614,SIM0004614,CUST004614,2025-10-27,True,False,155,Android,1,1,0.29
DEV0004615,SIM0004615,CUST004615,2025-11-26,True,False,125,iOS,0,1,0.188
DEV0004616,SIM0004616,CUST004616,2023-11-20,True,False,862,Android,0,1,0.196
DEV0004617,SIM0004617,CUST004617,2025-12-19,True,False,102,Android,0,1,0.543
DEV0004618,SIM0004618,CUST004618,2025-10-07,True,False,175,Android,0,1,0.152
DEV0004619,SIM0004619,CUST004619,2025-03-17,True,False,379,Android,0,1,0.079
DEV0004620,SIM0004620,CUST004620,2024-02-12,True,False,778,Android,0,1,0.054
DEV0004621,SIM0004621,CUST004621,2025-09-10,True,False,202,Android,0,1,0.307
DEV0004622,SIM0004622,CUST004622,2025-03-10,True,False,386,Android,0,1,0.093
DEV0004623,SIM0004623,CUST004623,2025-08-22,True,False,221,Android,0,1,0.288
DEV0004624,SIM0004624,CUST004624,2025-09-30,True,False,182,Android,1,1,0.121
DEV0004625,SIM0004625,CUST004625,2025-08-21,True,False,222,Android,0,1,0.432
DEV0004626,SIM0004626,CUST004626,2025-10-24,True,False,158,Android,0,1,0.076
DEV0004627,SIM0004627,CUST004627,2024-02-18,True,False,772,Android,0,1,0.175
DEV0004628,SIM0004628,CUST004628,2024-08-19,True,False,589,Android,0,1,0.203
DEV0004629,SIM0004629,CUST004629,2025-06-23,True,False,281,Android,0,1,0.07
DEV0004630,SIM0004630,CUST004630,2023-08-18,True,False,956,iOS,1,1,0.327
DEV0004631,SIM0004631,CUST004631,2023-04-10,True,False,1086,Android,0,1,0.095
DEV0004632,SIM0004632,CUST004632,2025-09-23,True,False,189,Android,0,1,0.258
DEV0004633,SIM0004633,CUST004633,2024-04-07,True,False,723,Android,0,1,0.086
DEV0004634,SIM0004634,CUST004634,2024-06-22,True,False,647,Android,1,1,0.314
DEV0004635,SIM0004635,CUST004635,2025-09-17,True,False,195,Android,0,1,0.339
DEV0004636,SIM0004636,CUST004636,2024-10-17,True,False,530,Android,0,1,0.016
DEV0004637,SIM0004637,CUST004637,2025-07-26,True,False,248,Android,0,1,0.24
DEV0004638,SIM0004638,CUST004638,2025-10-12,True,False,170,Android,0,1,0.543
DEV0004639,SIM0004639,CUST004639,2024-10-07,True,False,540,Android,0,1,0.323
DEV0004640,SIM0004640,CUST004640,2025-11-01,True,False,150,Android,1,1,0.442
DEV0004641,SIM0004641,CUST004641,2025-11-16,True,False,135,Android,0,1,0.258
DEV0004642,SIM0004642,CUST004642,2025-09-07,True,False,205,Android,0,1,0.084
DEV0004643,SIM0004643,CUST004643,2025-12-23,True,False,98,Android,1,1,0.26
DEV0004644,SIM0004644,CUST004644,2025-10-22,True,False,160,iOS,0,1,0.222
DEV0004645,SIM0004645,CUST004645,2025-05-04,True,False,331,Android,0,1,0.255
DEV0004646,SIM0004646,CUST004646,2024-08-24,True,False,584,Android,1,1,0.145
DEV0004647,SIM0004647,CUST004647,2021-01-26,True,False,1890,iOS,0,1,0.338
DEV0004648,SIM0004648,CUST004648,2025-10-17,True,False,165,Android,0,1,0.294
DEV0004649,SIM0004649,CUST004649,2025-02-14,True,False,410,iOS,2,1,0.381
DEV0004650,SIM0004650,CUST004650,2021-09-19,True,False,1654,Android,1,1,0.19
DEV0004651,SIM0004651,CUST004651,2025-04-30,True,False,335,iOS,0,1,0.231
DEV0004652,SIM0004652,CUST004652,2025-04-17,True,False,348,Android,0,1,0.443
DEV0004653,SIM0004653,CUST004653,2021-09-13,True,False,1660,Android,1,1,0.085
DEV0004654,SIM0004654,CUST004654,2024-10-01,True,False,546,Android,0,1,0.125
DEV0004655,SIM0004655,CUST004655,2025-09-28,True,False,184,iOS,0,1,0.15
DEV0004656,SIM0004656,CUST004656,2025-01-26,True,False,429,Android,0,1,0.461
DEV0004657,SIM0004657,CUST004657,2024-07-07,True,False,632,Android,0,1,0.173
DEV0004658,SIM0004658,CUST004658,2025-04-30,True,False,335,iOS,0,1,0.083
DEV0004659,SIM0004659,CUST004659,2025-07-27,True,False,247,Android,0,1,0.064
DEV0004660,SIM0004660,CUST004660,2025-07-17,True,False,257,Android,0,1,0.138
DEV0004661,SIM0004661,CUST004661,2025-04-21,True,False,344,Android,1,1,0.086
DEV0004662,SIM0004662,CUST004662,2025-02-07,True,False,417,iOS,0,1,0.174
DEV0004663,SIM0004663,CUST004663,2025-01-22,True,False,433,Android,0,1,0.178
DEV0004664,SIM0004664,CUST004664,2025-03-31,True,False,365,Android,0,1,0.472
DEV0004665,SIM0004665,CUST004665,2025-10-02,True,False,180,iOS,0,1,0.203
DEV0004666,SIM0004666,CUST004666,2025-11-05,True,False,146,Android,0,1,0.093
DEV0004667,SIM0004667,CUST004667,2025-03-29,True,False,367,Android,1,1,0.189
DEV0004668,SIM0004668,CUST004668,2025-12-20,True,False,101,Android,0,1,0.169
DEV0004669,SIM0004669,CUST004669,2025-03-07,True,False,389,Android,2,1,0.054
DEV0004670,SIM0004670,CUST004670,2025-09-05,True,False,207,Android,0,1,0.313
DEV0004671,SIM0004671,CUST004671,2025-04-25,True,False,340,Android,0,1,0.143
DEV0004672,SIM0004672,CUST004672,2025-08-03,True,False,240,Android,0,1,0.169
DEV0004673,SIM0004673,CUST004673,2023-10-28,True,False,885,Android,0,1,0.164
DEV0004674,SIM0004674,CUST004674,2022-04-28,True,False,1433,Android,0,1,0.226
DEV0004675,SIM0004675,CUST004675,2025-10-07,True,False,175,iOS,0,1,0.437
DEV0004676,SIM0004676,CUST004676,2025-01-19,True,False,436,Android,0,1,0.493
DEV0004677,SIM0004677,CUST004677,2025-09-02,True,False,210,Android,0,1,0.168
DEV0004678,SIM0004678,CUST004678,2025-07-24,True,False,250,Android,0,1,0.233
DEV0004679,SIM0004679,CUST004679,2025-03-21,True,False,375,iOS,0,1,0.035
DEV0004680,SIM0004680,CUST004680,2024-02-24,True,False,766,Android,0,1,0.127
DEV0004681,SIM0004681,CUST004681,2025-08-01,True,False,242,Android,0,1,0.324
DEV0004682,SIM0004682,CUST004682,2024-05-19,True,False,681,Android,0,1,0.246
DEV0004683,SIM0004683,CUST004683,2025-09-18,True,False,194,iOS,0,1,0.023
DEV0004684,SIM0004684,CUST004684,2025-05-26,True,False,309,Android,0,1,0.182
DEV0004685,SIM0004685,CUST004685,2025-01-19,True,False,436,iOS,0,1,0.165
DEV0004686,SIM0004686,CUST004686,2024-07-04,True,False,635,Android,0,1,0.245
DEV0004687,SIM0004687,CUST004687,2024-04-18,True,False,712,Android,0,1,0.097
DEV0004688,SIM0004688,CUST004688,2025-09-29,True,False,183,iOS,0,1,0.155
DEV0004689,SIM0004689,CUST004689,2023-10-10,True,False,903,Android,0,1,0.027
DEV0004690,SIM0004690,CUST004690,2025-12-01,True,False,120,Android,0,1,0.588
DEV0004691,SIM0004691,CUST004691,2025-11-26,True,False,125,Android,0,1,0.069
DEV0004692,SIM0004692,CUST004692,2025-06-14,True,False,290,Android,0,1,0.339
DEV0004693,SIM0004693,CUST004693,2025-08-05,True,False,238,Android,0,1,0.206
DEV0004694,SIM0004694,CUST004694,2025-09-15,True,False,197,Android,0,1,0.225
DEV0004695,SIM0004695,CUST004695,2022-08-29,True,False,1310,Android,0,1,0.267
DEV0004696,SIM0004696,CUST004696,2024-05-06,True,False,694,Android,0,1,0.298
DEV0004697,SIM0004697,CUST004697,2025-12-01,True,False,120,Android,0,1,0.133
DEV0004698,SIM0004698,CUST004698,2025-10-17,True,False,165,Android,2,1,0.388
DEV0004699,SIM0004699,CUST004699,2025-12-31,True,False,90,iOS,0,1,0.087
DEV0004700,SIM0004700,CUST004700,2025-01-07,True,False,448,Android,0,1,0.358
DEV0004701,SIM0004701,CUST004701,2024-06-15,True,False,654,Android,0,1,0.116
DEV0004702,SIM0004702,CUST004702,2026-01-01,True,False,89,Android,0,1,0.109
DEV0004703,SIM0004703,CUST004703,2023-01-30,True,False,1156,Android,0,1,0.124
DEV0004704,SIM0004704,CUST004704,2025-10-22,True,False,160,Android,1,1,0.038
DEV0004705,SIM0004705,CUST004705,2025-12-21,True,False,100,Android,0,1,0.239
DEV0004706,SIM0004706,CUST004706,2023-06-18,True,False,1017,Android,0,1,0.283
DEV0004707,SIM0004707,CUST004707,2025-05-13,True,False,322,Android,0,1,0.016
DEV0004708,SIM0004708,CUST004708,2025-11-14,True,False,137,Android,0,1,0.226
DEV0004709,SIM0004709,CUST004709,2024-04-01,True,False,729,Android,0,1,0.25
DEV0004710,SIM0004710,CUST004710,2024-11-22,True,False,494,Android,0,1,0.242
DEV0004711,SIM0004711,CUST004711,2025-06-06,True,False,298,Android,0,1,0.202
DEV0004712,SIM0004712,CUST004712,2023-08-05,True,False,969,iOS,0,1,0.219
DEV0004713,SIM0004713,CUST004713,2025-07-18,True,False,256,Android,0,1,0.442
DEV0004714,SIM0004714,CUST004714,2024-08-03,True,False,605,Android,1,1,0.081
DEV0004715,SIM0004715,CUST004715,2025-09-04,True,False,208,Android,0,1,0.055
DEV0004716,SIM0004716,CUST004716,2024-10-30,True,False,517,Android,1,1,0.149
DEV0004717,SIM0004717,CUST004717,2024-12-10,True,False,476,Android,0,1,0.106
DEV0004718,SIM0004718,CUST004718,2025-12-15,True,False,106,Android,0,1,0.136
DEV0004719,SIM0004719,CUST004719,2025-11-25,True,False,126,Android,0,1,0.029
DEV0004720,SIM0004720,CUST004720,2025-02-01,True,False,423,Android,0,1,0.197
DEV0004721,SIM0004721,CUST004721,2024-10-11,True,False,536,Android,0,1,0.025
DEV0004722,SIM0004722,CUST004722,2020-12-12,True,False,1935,Android,0,1,0.339
DEV0004723,SIM0004723,CUST004723,2025-03-18,True,False,378,Android,0,1,0.143
DEV0004724,SIM0004724,CUST004724,2024-08-09,True,False,599,Android,0,1,0.27
DEV0004725,SIM0004725,CUST004725,2018-03-23,True,False,2930,Android,0,1,0.229
DEV0004726,SIM0004726,CUST004726,2024-06-23,True,False,646,Android,1,1,0.034
DEV0004727,SIM0004727,CUST004727,2025-05-15,True,False,320,Android,0,1,0.381
DEV0004728,SIM0004728,CUST004728,2024-04-04,True,False,726,Android,0,1,0.309
DEV0004729,SIM0004729,CUST004729,2021-03-10,True,False,1847,Android,0,1,0.231
DEV0004730,SIM0004730,CUST004730,2024-05-26,True,False,674,Android,2,1,0.115
DEV0004731,SIM0004731,CUST004731,2025-10-03,True,False,179,Android,0,1,0.101
DEV0004732,SIM0004732,CUST004732,2025-12-11,True,False,110,iOS,0,1,0.281
DEV0004733,SIM0004733,CUST004733,2021-02-16,True,False,1869,Android,1,1,0.382
DEV0004734,SIM0004734,CUST004734,2023-12-30,True,False,822,Android,0,1,0.202
DEV0004735,SIM0004735,CUST004735,2025-04-18,True,False,347,Android,0,1,0.282
DEV0004736,SIM0004736,CUST004736,2024-06-13,True,False,656,Android,0,1,0.251
DEV0004737,SIM0004737,CUST004737,2025-10-18,True,False,164,iOS,0,1,0.3
DEV0004738,SIM0004738,CUST004738,2025-01-06,True,False,449,Android,0,1,0.378
DEV0004739,SIM0004739,CUST004739,2023-04-23,True,False,1073,Android,2,1,0.077
DEV0004740,SIM0004740,CUST004740,2025-11-21,True,False,130,Android,1,1,0.118
DEV0004741,SIM0004741,CUST004741,2023-12-13,True,False,839,Android,0,1,0.21
DEV0004742,SIM0004742,CUST004742,2025-12-11,True,False,110,Android,0,1,0.627
DEV0004743,SIM0004743,CUST004743,2025-04-23,True,False,342,Android,0,1,0.173
DEV0004744,SIM0004744,CUST004744,2023-09-22,True,False,921,Android,1,1,0.096
DEV0004745,SIM0004745,CUST004745,2024-07-22,True,False,617,iOS,1,1,0.352
DEV0004746,SIM0004746,CUST004746,2025-12-25,True,False,96,Android,0,1,0.028
DEV0004747,SIM0004747,CUST004747,2025-03-29,True,False,367,Android,0,1,0.21
DEV0004748,SIM0004748,CUST004748,2023-11-03,True,False,879,Android,1,1,0.084
DEV0004749,SIM0004749,CUST004749,2024-05-31,True,False,669,Android,0,1,0.051
DEV0004750,SIM0004750,CUST004750,2025-06-06,True,False,298,Android,1,1,0.126
DEV0004751,SIM0004751,CUST004751,2025-10-22,True,False,160,Android,0,1,0.066
DEV0004752,SIM0004752,CUST004752,2024-08-27,True,False,581,Android,0,1,0.158
DEV0004753,SIM0004753,CUST004753,2025-06-05,True,False,299,Android,0,1,0.147
DEV0004754,SIM0004754,CUST004754,2025-09-12,True,False,200,Android,1,1,0.048
DEV0004755,SIM0004755,CUST004755,2025-03-20,True,False,376,Android,0,1,0.244
DEV0004756,SIM0004756,CUST004756,2024-03-27,True,False,734,Android,0,1,0.013
DEV0004757,SIM0004757,CUST004757,2024-11-15,True,False,501,iOS,2,1,0.226
DEV0004758,SIM0004758,CUST004758,2025-01-07,True,False,448,Android,0,1,0.032
DEV0004759,SIM0004759,CUST004759,2025-04-30,True,False,335,iOS,1,1,0.266
DEV0004760,SIM0004760,CUST004760,2025-03-07,True,False,389,iOS,1,1,0.08
DEV0004761,SIM0004761,CUST004761,2025-12-22,True,False,99,Android,0,1,0.176
DEV0004762,SIM0004762,CUST004762,2022-04-05,True,False,1456,Android,0,1,0.186
DEV0004763,SIM0004763,CUST004763,2025-12-27,True,False,94,Android,0,1,0.051
DEV0004764,SIM0004764,CUST004764,2025-05-04,True,False,331,Android,0,1,0.118
DEV0004765,SIM0004765,CUST004765,2025-10-30,True,False,152,Android,0,1,0.077
DEV0004766,SIM0004766,CUST004766,2024-04-30,True,False,700,Android,0,1,0.436
DEV0004767,SIM0004767,CUST004767,2024-06-12,True,False,657,Android,0,1,0.117
DEV0004768,SIM0004768,CUST004768,2025-01-20,True,False,435,Android,0,1,0.197
DEV0004769,SIM0004769,CUST004769,2025-02-16,True,False,408,iOS,1,1,0.143
DEV0004770,SIM0004770,CUST004770,2024-12-31,True,False,455,Android,0,1,0.06
DEV0004771,SIM0004771,CUST004771,2023-11-26,True,False,856,Android,0,1,0.013
DEV0004772,SIM0004772,CUST004772,2025-07-26,True,False,248,iOS,0,1,0.253
DEV0004773,SIM0004773,CUST004773,2025-05-16,True,False,319,Android,0,1,0.099
DEV0004774,SIM0004774,CUST004774,2025-08-10,True,False,233,Android,0,1,0.148
DEV0004775,SIM0004775,CUST004775,2022-10-11,True,False,1267,Android,0,1,0.186
DEV0004776,SIM0004776,CUST004776,2025-03-25,True,False,371,Android,1,1,0.134
DEV0004777,SIM0004777,CUST004777,2024-12-02,True,False,484,Android,0,1,0.165
DEV0004778,SIM0004778,CUST004778,2025-06-16,True,False,288,Android,0,1,0.028
DEV0004779,SIM0004779,CUST004779,2024-04-10,True,False,720,Android,0,1,0.418
DEV0004780,SIM0004780,CUST004780,2025-09-21,True,False,191,Android,0,1,0.056
DEV0004781,SIM0004781,CUST004781,2025-11-26,True,False,125,Android,0,1,0.581
DEV0004782,SIM0004782,CUST004782,2025-10-06,True,False,176,Android,0,1,0.077
DEV0004783,SIM0004783,CUST004783,2025-07-28,True,False,246,Android,0,1,0.113
DEV0004784,SIM0004784,CUST004784,2023-12-19,True,False,833,iOS,0,1,0.236
DEV0004785,SIM0004785,CUST004785,2025-07-03,True,False,271,Android,0,1,0.233
DEV0004786,SIM0004786,CUST004786,2025-08-15,True,False,228,Android,0,1,0.305
DEV0004787,SIM0004787,CUST004787,2025-04-05,True,False,360,Android,0,1,0.209
DEV0004788,SIM0004788,CUST004788,2025-04-15,True,False,350,Android,0,1,0.417
DEV0004789,SIM0004789,CUST004789,2025-02-08,True,False,416,Android,0,1,0.094
DEV0004790,SIM0004790,CUST004790,2025-02-25,True,False,399,Android,0,1,0.114
DEV0004791,SIM0004791,CUST004791,2025-07-17,True,False,257,Android,0,1,0.041
DEV0004792,SIM0004792,CUST004792,2024-12-02,True,False,484,iOS,0,1,0.409
DEV0004793,SIM0004793,CUST004793,2024-04-02,True,False,728,iOS,0,1,0.067
DEV0004794,SIM0004794,CUST004794,2024-02-01,True,False,789,Android,0,1,0.01
DEV0004795,SIM0004795,CUST004795,2024-12-28,True,False,458,Android,1,1,0.229
DEV0004796,SIM0004796,CUST004796,2024-09-08,True,False,569,iOS,0,1,0.106
DEV0004797,SIM0004797,CUST004797,2024-12-14,True,False,472,Android,0,1,0.106
DEV0004798,SIM0004798,CUST004798,2023-11-06,True,False,876,Android,0,1,0.355
DEV0004799,SIM0004799,CUST004799,2024-05-12,True,False,688,Android,0,1,0.314
DEV0004800,SIM0004800,CUST004800,2024-09-25,True,False,552,Android,0,1,0.005
DEV0004801,SIM0004801,CUST004801,2025-07-21,True,False,253,Android,0,1,0.185
DEV0004802,SIM0004802,CUST004802,2025-09-19,True,False,193,iOS,0,1,0.404
DEV0004803,SIM0004803,CUST004803,2021-01-01,True,False,1915,Android,1,1,0.265
DEV0004804,SIM0004804,CUST004804,2025-11-23,True,False,128,Android,0,1,0.247
DEV0004805,SIM0004805,CUST004805,2024-08-26,True,False,582,Android,2,1,0.151
DEV0004806,SIM0004806,CUST004806,2025-02-11,True,False,413,Android,0,1,0.088
DEV0004807,SIM0004807,CUST004807,2023-09-22,True,False,921,Android,1,1,0.228
DEV0004808,SIM0004808,CUST004808,2024-04-21,True,False,709,Android,1,1,0.418
DEV0004809,SIM0004809,CUST004809,2025-10-17,True,False,165,Android,0,1,0.288
DEV0004810,SIM0004810,CUST004810,2025-09-22,True,False,190,Android,0,1,0.255
DEV0004811,SIM0004811,CUST004811,2025-01-07,True,False,448,Android,0,1,0.242
DEV0004812,SIM0004812,CUST004812,2025-12-18,True,False,103,Android,0,1,0.359
DEV0004813,SIM0004813,CUST004813,2025-09-24,True,False,188,Android,0,1,0.339
DEV0004814,SIM0004814,CUST004814,2025-09-29,True,False,183,Android,0,1,0.196
DEV0004815,SIM0004815,CUST004815,2025-09-23,True,False,189,Android,0,1,0.089
DEV0004816,SIM0004816,CUST004816,2024-09-07,True,False,570,Android,0,1,0.124
DEV0004817,SIM0004817,CUST004817,2025-12-29,True,False,92,Android,0,1,0.161
DEV0004818,SIM0004818,CUST004818,2025-05-25,True,False,310,Android,1,1,0.169
DEV0004819,SIM0004819,CUST004819,2021-01-29,True,False,1887,iOS,0,1,0.165
DEV0004820,SIM0004820,CUST004820,2019-12-11,True,False,2302,Android,0,1,0.246
DEV0004821,SIM0004821,CUST004821,2023-05-06,True,False,1060,Android,0,1,0.107
DEV0004822,SIM0004822,CUST004822,2025-02-16,True,False,408,Android,0,1,0.129
DEV0004823,SIM0004823,CUST004823,2025-04-29,True,False,336,Android,1,1,0.12
DEV0004824,SIM0004824,CUST004824,2025-12-05,True,False,116,Android,0,1,0.065
DEV0004825,SIM0004825,CUST004825,2025-08-04,True,False,239,Android,0,1,0.23
DEV0004826,SIM0004826,CUST004826,2025-11-05,True,False,146,Android,0,1,0.281
DEV0004827,SIM0004827,CUST004827,2025-01-19,True,False,436,Android,0,1,0.334
DEV0004828,SIM0004828,CUST004828,2025-07-08,True,False,266,Android,0,1,0.241
DEV0004829,SIM0004829,CUST004829,2025-06-02,True,False,302,Android,1,1,0.113
DEV0004830,SIM0004830,CUST004830,2025-12-27,True,False,94,Android,0,1,0.263
DEV0004831,SIM0004831,CUST004831,2024-12-09,True,False,477,Android,0,1,0.236
DEV0004832,SIM0004832,CUST004832,2025-07-27,True,False,247,Android,0,1,0.261
DEV0004833,SIM0004833,CUST004833,2025-03-04,True,False,392,Android,0,1,0.104
DEV0004834,SIM0004834,CUST004834,2025-01-02,True,False,453,Android,0,1,0.195
DEV0004835,SIM0004835,CUST004835,2024-01-22,True,False,799,Android,0,1,0.106
DEV0004836,SIM0004836,CUST004836,2025-02-14,True,False,410,Android,0,1,0.211
DEV0004837,SIM0004837,CUST004837,2025-05-05,True,False,330,Android,1,1,0.29
DEV0004838,SIM0004838,CUST004838,2024-02-10,True,False,780,Android,0,1,0.253
DEV0004839,SIM0004839,CUST004839,2025-11-15,True,False,136,Android,0,1,0.535
DEV0004840,SIM0004840,CUST004840,2025-12-07,True,False,114,Android,0,1,0.271
DEV0004841,SIM0004841,CUST004841,2025-01-27,True,False,428,Android,0,1,0.217
DEV0004842,SIM0004842,CUST004842,2025-12-14,True,False,107,Android,0,1,0.2
DEV0004843,SIM0004843,CUST004843,2024-07-15,True,False,624,Android,0,1,0.466
DEV0004844,SIM0004844,CUST004844,2025-12-30,True,False,91,iOS,0,1,0.114
DEV0004845,SIM0004845,CUST004845,2025-07-31,True,False,243,Android,0,1,0.093
DEV0004846,SIM0004846,CUST004846,2025-01-12,True,False,443,Android,0,1,0.488
DEV0004847,SIM0004847,CUST004847,2025-12-16,True,False,105,Android,0,1,0.358
DEV0004848,SIM0004848,CUST004848,2025-11-18,True,False,133,Android,0,1,0.05
DEV0004849,SIM0004849,CUST004849,2022-11-19,True,False,1228,Android,0,1,0.166
DEV0004850,SIM0004850,CUST004850,2023-11-08,True,False,874,Android,0,1,0.384
DEV0004851,SIM0004851,CUST004851,2024-12-10,True,False,476,Android,0,1,0.291
DEV0004852,SIM0004852,CUST004852,2025-09-01,True,False,211,Android,0,1,0.106
DEV0004853,SIM0004853,CUST004853,2024-12-22,True,False,464,Android,0,1,0.098
DEV0004854,SIM0004854,CUST004854,2024-06-04,True,False,665,Android,0,1,0.164
DEV0004855,SIM0004855,CUST004855,2025-06-28,True,False,276,Android,0,1,0.348
DEV0004856,SIM0004856,CUST004856,2025-04-27,True,False,338,Android,0,1,0.042
DEV0004857,SIM0004857,CUST004857,2025-09-07,True,False,205,Android,1,1,0.13
DEV0004858,SIM0004858,CUST004858,2023-11-15,True,False,867,Android,0,1,0.314
DEV0004859,SIM0004859,CUST004859,2025-03-17,True,False,379,iOS,0,1,0.186
DEV0004860,SIM0004860,CUST004860,2022-09-17,True,False,1291,iOS,0,1,0.195
DEV0004861,SIM0004861,CUST004861,2023-12-01,True,False,851,Android,1,1,0.145
DEV0004862,SIM0004862,CUST004862,2025-03-12,True,False,384,Android,0,1,0.136
DEV0004863,SIM0004863,CUST004863,2025-05-22,True,False,313,Android,0,1,0.126
DEV0004864,SIM0004864,CUST004864,2023-06-17,True,False,1018,Android,0,1,0.219
DEV0004865,SIM0004865,CUST004865,2025-10-31,True,False,151,Android,0,1,0.175
DEV0004866,SIM0004866,CUST004866,2025-09-22,True,False,190,Android,0,1,0.073
DEV0004867,SIM0004867,CUST004867,2025-07-22,True,False,252,Android,1,1,0.217
DEV0004868,SIM0004868,CUST004868,2024-12-04,True,False,482,Android,0,1,0.218
DEV0004869,SIM0004869,CUST004869,2024-06-22,True,False,647,Android,0,1,0.052
DEV0004870,SIM0004870,CUST004870,2025-08-15,True,False,228,Android,0,1,0.201
DEV0004871,SIM0004871,CUST004871,2023-10-05,True,False,908,Android,0,1,0.339
DEV0004872,SIM0004872,CUST004872,2020-11-06,True,False,1971,Android,0,1,0.209
DEV0004873,SIM0004873,CUST004873,2025-12-29,True,False,92,Android,1,1,0.173
DEV0004874,SIM0004874,CUST004874,2023-12-03,True,False,849,iOS,0,1,0.14
DEV0004875,SIM0004875,CUST004875,2024-05-07,True,False,693,Android,0,1,0.337
DEV0004876,SIM0004876,CUST004876,2025-11-18,True,False,133,iOS,0,1,0.179
DEV0004877,SIM0004877,CUST004877,2025-12-20,True,False,101,Android,0,1,0.288
DEV0004878,SIM0004878,CUST004878,2025-10-12,True,False,170,Android,1,1,0.094
DEV0004879,SIM0004879,CUST004879,2025-05-18,True,False,317,iOS,0,1,0.1
DEV0004880,SIM0004880,CUST004880,2025-05-08,True,False,327,Android,0,1,0.169
DEV0004881,SIM0004881,CUST004881,2025-02-05,True,False,419,Android,0,1,0.144
DEV0004882,SIM0004882,CUST004882,2024-12-22,True,False,464,Android,0,1,0.217
DEV0004883,SIM0004883,CUST004883,2025-10-24,True,False,158,Android,0,1,0.122
DEV0004884,SIM0004884,CUST004884,2021-06-11,True,False,1754,Android,0,1,0.244
DEV0004885,SIM0004885,CUST004885,2025-11-25,True,False,126,Android,0,1,0.163
DEV0004886,SIM0004886,CUST004886,2023-04-18,True,False,1078,Android,0,1,0.177
DEV0004887,SIM0004887,CUST004887,2025-08-22,True,False,221,Android,0,1,0.153
DEV0004888,SIM0004888,CUST004888,2023-04-28,True,False,1068,Android,1,1,0.316
DEV0004889,SIM0004889,CUST004889,2023-03-14,True,False,1113,Android,0,1,0.213
DEV0004890,SIM0004890,CUST004890,2025-10-21,True,False,161,Android,0,1,0.194
DEV0004891,SIM0004891,CUST004891,2024-08-18,True,False,590,Android,1,1,0.055
DEV0004892,SIM0004892,CUST004892,2025-05-03,True,False,332,Android,0,1,0.139
DEV0004893,SIM0004893,CUST004893,2025-03-19,True,False,377,Android,0,1,0.086
DEV0004894,SIM0004894,CUST004894,2025-03-03,True,False,393,iOS,0,1,0.105
DEV0004895,SIM0004895,CUST004895,2024-09-26,True,False,551,Android,0,1,0.236
DEV0004896,SIM0004896,CUST004896,2025-08-15,True,False,228,Android,0,1,0.116
DEV0004897,SIM0004897,CUST004897,2022-08-25,True,False,1314,Android,0,1,0.308
DEV0004898,SIM0004898,CUST004898,2025-11-21,True,False,130,Android,0,1,0.192
DEV0004899,SIM0004899,CUST004899,2025-12-02,True,False,119,iOS,0,1,0.144
DEV0004900,SIM0004900,CUST004900,2024-07-15,True,False,624,Android,0,1,0.291
DEV0004901,SIM0004901,CUST004901,2025-10-25,True,False,157,iOS,0,1,0.365
DEV0004902,SIM0004902,CUST004902,2025-12-05,True,False,116,iOS,0,1,0.223
DEV0004903,SIM0004903,CUST004903,2025-04-11,True,False,354,Android,0,1,0.046
DEV0004904,SIM0004904,CUST004904,2025-12-16,True,False,105,iOS,0,1,0.31
DEV0004905,SIM0004905,CUST004905,2024-05-10,True,False,690,Android,0,1,0.06
DEV0004906,SIM0004906,CUST004906,2025-12-30,True,False,91,Android,0,1,0.375
DEV0004907,SIM0004907,CUST004907,2022-05-09,True,False,1422,Android,0,1,0.213
DEV0004908,SIM0004908,CUST004908,2022-07-08,True,False,1362,Android,0,1,0.156
DEV0004909,SIM0004909,CUST004909,2025-05-25,True,False,310,iOS,1,1,0.106
DEV0004910,SIM0004910,CUST004910,2025-11-24,True,False,127,Android,0,1,0.175
DEV0004911,SIM0004911,CUST004911,2025-10-02,True,False,180,Android,0,1,0.52
DEV0004912,SIM0004912,CUST004912,2025-07-31,True,False,243,Android,2,1,0.219
DEV0004913,SIM0004913,CUST004913,2022-11-12,True,False,1235,Android,0,1,0.18
DEV0004914,SIM0004914,CUST004914,2025-03-18,True,False,378,Android,0,1,0.118
DEV0004915,SIM0004915,CUST004915,2025-08-02,True,False,241,Android,0,1,0.32
DEV0004916,SIM0004916,CUST004916,2023-01-17,True,False,1169,Android,0,1,0.459
DEV0004917,SIM0004917,CUST004917,2025-08-29,True,False,214,iOS,0,1,0.198
DEV0004918,SIM0004918,CUST004918,2024-06-21,True,False,648,Android,0,1,0.045
DEV0004919,SIM0004919,CUST004919,2024-12-24,True,False,462,Android,1,1,0.348
DEV0004920,SIM0004920,CUST004920,2025-11-19,True,False,132,Android,0,1,0.172
DEV0004921,SIM0004921,CUST004921,2025-01-22,True,False,433,Android,0,1,0.32
DEV0004922,SIM0004922,CUST004922,2025-07-22,True,False,252,Android,0,1,0.108
DEV0004923,SIM0004923,CUST004923,2023-01-15,True,False,1171,Android,0,1,0.263
DEV0004924,SIM0004924,CUST004924,2024-01-14,True,False,807,Android,0,1,0.212
DEV0004925,SIM0004925,CUST004925,2025-12-07,True,False,114,Android,0,1,0.064
DEV0004926,SIM0004926,CUST004926,2024-10-09,True,False,538,Android,1,1,0.148
DEV0004927,SIM0004927,CUST004927,2025-12-23,True,False,98,iOS,1,1,0.256
DEV0004928,SIM0004928,CUST004928,2024-12-04,True,False,482,Android,0,1,0.072
DEV0004929,SIM0004929,CUST004929,2025-09-24,True,False,188,Android,0,1,0.108
DEV0004930,SIM0004930,CUST004930,2024-06-21,True,False,648,Android,0,1,0.221
DEV0004931,SIM0004931,CUST004931,2025-10-08,True,False,174,Android,0,1,0.094
DEV0004932,SIM0004932,CUST004932,2024-12-05,True,False,481,Android,0,1,0.028
DEV0004933,SIM0004933,CUST004933,2025-04-16,True,False,349,Android,0,1,0.266
DEV0004934,SIM0004934,CUST004934,2025-05-10,True,False,325,Android,0,1,0.166
DEV0004935,SIM0004935,CUST004935,2025-12-16,True,False,105,Android,0,1,0.033
DEV0004936,SIM0004936,CUST004936,2024-06-11,True,False,658,Android,0,1,0.12
DEV0004937,SIM0004937,CUST004937,2022-06-02,True,False,1398,Android,0,1,0.227
DEV0004938,SIM0004938,CUST004938,2025-08-15,True,False,228,iOS,0,1,0.559
DEV0004939,SIM0004939,CUST004939,2024-05-05,True,False,695,Android,0,1,0.177
DEV0004940,SIM0004940,CUST004940,2025-09-20,True,False,192,Android,1,1,0.274
DEV0004941,SIM0004941,CUST004941,2025-04-19,True,False,346,iOS,0,1,0.379
DEV0004942,SIM0004942,CUST004942,2025-05-29,True,False,306,Android,0,1,0.383
DEV0004943,SIM0004943,CUST004943,2024-11-19,True,False,497,Android,0,1,0.066
DEV0004944,SIM0004944,CUST004944,2025-03-20,True,False,376,Android,0,1,0.084
DEV0004945,SIM0004945,CUST004945,2023-02-15,True,False,1140,Android,0,1,0.219
DEV0004946,SIM0004946,CUST004946,2025-05-16,True,False,319,Android,0,1,0.095
DEV0004947,SIM0004947,CUST004947,2025-12-13,True,False,108,Android,0,1,0.32
DEV0004948,SIM0004948,CUST004948,2021-12-26,True,False,1556,iOS,0,1,0.4
DEV0004949,SIM0004949,CUST004949,2023-03-23,True,False,1104,Android,0,1,0.29
DEV0004950,SIM0004950,CUST004950,2025-03-01,True,False,395,Android,0,1,0.152
DEV0004951,SIM0004951,CUST004951,2024-10-30,True,False,517,iOS,0,1,0.133
DEV0004952,SIM0004952,CUST004952,2024-10-03,True,False,544,Android,0,1,0.035
DEV0004953,SIM0004953,CUST004953,2025-03-23,True,False,373,Android,0,1,0.429
DEV0004954,SIM0004954,CUST004954,2025-05-21,True,False,314,Android,0,1,0.07
DEV0004955,SIM0004955,CUST004955,2025-05-19,True,False,316,iOS,0,1,0.191
DEV0004956,SIM0004956,CUST004956,2024-09-05,True,False,572,Android,0,1,0.047
DEV0004957,SIM0004957,CUST004957,2024-04-30,True,False,700,iOS,0,1,0.149
DEV0004958,SIM0004958,CUST004958,2025-02-12,True,False,412,Android,0,1,0.147
DEV0004959,SIM0004959,CUST004959,2023-11-12,True,False,870,Android,0,1,0.369
DEV0004960,SIM0004960,CUST004960,2024-11-30,True,False,486,Android,0,1,0.088
DEV0004961,SIM0004961,CUST004961,2025-04-20,True,False,345,Android,1,1,0.109
DEV0004962,SIM0004962,CUST004962,2025-06-02,True,False,302,Android,0,1,0.214
DEV0004963,SIM0004963,CUST004963,2025-12-13,True,False,108,Android,0,1,0.117
DEV0004964,SIM0004964,CUST004964,2025-02-23,True,False,401,Android,0,1,0.159
DEV0004965,SIM0004965,CUST004965,2023-11-23,True,False,859,Android,0,1,0.112
DEV0004966,SIM0004966,CUST004966,2025-12-16,True,False,105,Android,0,1,0.103
DEV0004967,SIM0004967,CUST004967,2025-06-20,True,False,284,Android,0,1,0.272
DEV0004968,SIM0004968,CUST004968,2024-04-17,True,False,713,Android,0,1,0.219
DEV0004969,SIM0004969,CUST004969,2023-10-16,True,False,897,Android,0,1,0.06
DEV0004970,SIM0004970,CUST004970,2025-05-25,True,False,310,Android,0,1,0.036
DEV0004971,SIM0004971,CUST004971,2025-10-18,True,False,164,Android,0,1,0.309
DEV0004972,SIM0004972,CUST004972,2025-10-09,True,False,173,Android,0,1,0.144
DEV0004973,SIM0004973,CUST004973,2025-09-13,True,False,199,Android,0,1,0.059
DEV0004974,SIM0004974,CUST004974,2025-08-21,True,False,222,Android,0,1,0.289
DEV0004975,SIM0004975,CUST004975,2023-12-08,True,False,844,Android,0,1,0.225
DEV0004976,SIM0004976,CUST004976,2025-10-30,True,False,152,Android,0,1,0.306
DEV0004977,SIM0004977,CUST004977,2022-10-27,True,False,1251,Android,0,1,0.136
DEV0004978,SIM0004978,CUST004978,2024-02-10,True,False,780,Android,0,1,0.332
DEV0004979,SIM0004979,CUST004979,2025-08-07,True,False,236,Android,0,1,0.268
DEV0004980,SIM0004980,CUST004980,2025-10-03,True,False,179,Android,0,1,0.234
DEV0004981,SIM0004981,CUST004981,2025-11-06,True,False,145,Android,0,1,0.467
DEV0004982,SIM0004982,CUST004982,2025-05-10,True,False,325,Android,0,1,0.149
DEV0004983,SIM0004983,CUST004983,2023-08-09,True,False,965,Android,0,1,0.198
DEV0004984,SIM0004984,CUST004984,2025-04-12,True,False,353,Android,0,1,0.391
DEV0004985,SIM0004985,CUST004985,2025-11-29,True,False,122,Android,1,1,0.072
DEV0004986,SIM0004986,CUST004986,2024-10-19,True,False,528,Android,0,1,0.077
DEV0004987,SIM0004987,CUST004987,2024-07-29,True,False,610,Android,0,1,0.098
DEV0004988,SIM0004988,CUST004988,2025-01-11,True,False,444,iOS,0,1,0.322
DEV0004989,SIM0004989,CUST004989,2025-12-07,True,False,114,Android,0,1,0.066
DEV0004990,SIM0004990,CUST004990,2025-03-05,True,False,391,Android,0,1,0.025
DEV0004991,SIM0004991,CUST004991,2025-08-24,True,False,219,Android,0,1,0.152
DEV0004992,SIM0004992,CUST004992,2024-10-12,True,False,535,Android,1,1,0.152
DEV0004993,SIM0004993,CUST004993,2023-09-26,True,False,917,iOS,0,1,0.285
DEV0004994,SIM0004994,CUST004994,2023-03-06,True,False,1121,Android,0,1,0.105
DEV0004995,SIM0004995,CUST004995,2025-06-27,True,False,277,Android,0,1,0.071
DEV0004996,SIM0004996,CUST004996,2025-12-24,True,False,97,Android,0,1,0.25
DEV0004997,SIM0004997,CUST004997,2024-03-21,True,False,740,Android,1,1,0.416
DEV0004998,SIM0004998,CUST004998,2025-01-03,True,False,452,Android,0,1,0.348
DEV0004999,SIM0004999,CUST004999,2023-03-07,True,False,1120,Android,0,1,0.098
DEV_UPGRADE000000,SIM_UPGRADE000000,CUST002198,2026-01-31,True,False,59,Android,0,1,0.07
DEV_UPGRADE000001,SIM_UPGRADE000001,CUST000446,2026-02-28,True,False,31,Android,0,1,0.238
DEV_UPGRADE000002,SIM_UPGRADE000002,CUST004199,2026-02-26,True,False,33,iOS,0,1,0.074
DEV_UPGRADE000003,SIM_UPGRADE000003,CUST003963,2026-03-12,True,False,19,Android,0,1,0.15
DEV_UPGRADE000004,SIM_UPGRADE000004,CUST003039,2026-01-22,True,False,68,Android,0,1,0.044
DEV_UPGRADE000005,SIM_UPGRADE000005,CUST003332,2026-02-13,True,False,46,Android,0,1,0.395
DEV_UPGRADE000006,SIM_UPGRADE000006,CUST000278,2026-02-24,True,False,35,Android,1,1,0.183
DEV_UPGRADE000007,SIM_UPGRADE000007,CUST001149,2026-03-25,True,False,6,Android,0,1,0.355
DEV_UPGRADE000008,SIM_UPGRADE000008,CUST001303,2026-03-26,True,False,5,Android,0,1,0.14
DEV_UPGRADE000009,SIM_UPGRADE000009,CUST003383,2026-01-17,True,False,73,Android,0,1,0.095
DEV_UPGRADE000010,SIM_UPGRADE000010,CUST001500,2026-01-23,True,False,67,Android,0,1,0.179
DEV_UPGRADE000011,SIM_UPGRADE000011,CUST002835,2026-02-28,True,False,31,Android,0,1,0.102
DEV_UPGRADE000012,SIM_UPGRADE000012,CUST003600,2026-03-27,True,False,4,Android,0,1,0.14
DEV_UPGRADE000013,SIM_UPGRADE000013,CUST000009,2026-01-25,True,False,65,Android,0,1,0.273
DEV_UPGRADE000014,SIM_UPGRADE000014,CUST000280,2026-03-23,True,False,8,Android,0,1,0.146
DEV_UPGRADE000015,SIM_UPGRADE000015,CUST004457,2026-03-24,True,False,7,Android,1,1,0.064
DEV_UPGRADE000016,SIM_UPGRADE000016,CUST003171,2026-02-22,True,False,37,Android,1,1,0.099
DEV_UPGRADE000017,SIM_UPGRADE000017,CUST003587,2026-02-17,True,False,42,Android,0,1,0.126
DEV_UPGRADE000018,SIM_UPGRADE000018,CUST000090,2026-03-07,True,False,24,Android,0,1,0.333
DEV_UPGRADE000019,SIM_UPGRADE000019,CUST001943,2026-03-01,True,False,30,Android,0,1,0.252
DEV_UPGRADE000020,SIM_UPGRADE000020,CUST000568,2026-03-05,True,False,26,Android,0,1,0.232
DEV_UPGRADE000021,SIM_UPGRADE000021,CUST001302,2026-01-17,True,False,73,Android,0,1,0.055
DEV_UPGRADE000022,SIM_UPGRADE000022,CUST001395,2026-01-27,True,False,63,Android,0,1,0.181
DEV_UPGRADE000023,SIM_UPGRADE000023,CUST003947,2026-02-15,True,False,44,Android,0,1,0.249
DEV_UPGRADE000024,SIM_UPGRADE000024,CUST001889,2026-02-25,True,False,34,Android,1,1,0.045
DEV_UPGRADE000025,SIM_UPGRADE000025,CUST002247,2026-02-03,True,False,56,iOS,1,1,0.137
DEV_UPGRADE000026,SIM_UPGRADE000026,CUST004002,2026-02-28,True,False,31,Android,0,1,0.035
DEV_UPGRADE000027,SIM_UPGRADE000027,CUST004088,2026-03-05,True,False,26,Android,0,1,0.139
DEV_UPGRADE000028,SIM_UPGRADE000028,CUST003407,2026-03-22,True,False,9,Android,0,1,0.055
DEV_UPGRADE000029,SIM_UPGRADE000029,CUST001006,2026-01-20,True,False,70,Android,0,1,0.312
DEV_UPGRADE000030,SIM_UPGRADE000030,CUST000275,2026-01-24,True,False,66,Android,0,1,0.408
DEV_UPGRADE000031,SIM_UPGRADE000031,CUST003098,2026-02-05,True,False,54,Android,0,1,0.056
DEV_UPGRADE000032,SIM_UPGRADE000032,CUST000746,2026-01-20,True,False,70,Android,1,1,0.14
DEV_UPGRADE000033,SIM_UPGRADE000033,CUST004717,2026-03-05,True,False,26,Android,0,1,0.123
DEV_UPGRADE000034,SIM_UPGRADE000034,CUST003235,2026-03-12,True,False,19,Android,0,1,0.1
DEV_UPGRADE000035,SIM_UPGRADE000035,CUST002998,2026-03-06,True,False,25,Android,0,1,0.372
DEV_UPGRADE000036,SIM_UPGRADE000036,CUST004454,2026-03-23,True,False,8,Android,0,1,0.237
DEV_UPGRADE000037,SIM_UPGRADE000037,CUST001078,2026-01-31,True,False,59,Android,1,1,0.172
DEV_UPGRADE000038,SIM_UPGRADE000038,CUST001165,2026-03-18,True,False,13,iOS,0,1,0.212
DEV_UPGRADE000039,SIM_UPGRADE000039,CUST003252,2026-02-07,True,False,52,Android,0,1,0.085
DEV_UPGRADE000040,SIM_UPGRADE000040,CUST004263,2026-02-05,True,False,54,Android,0,1,0.299
DEV_UPGRADE000041,SIM_UPGRADE000041,CUST004342,2026-02-06,True,False,53,Android,0,1,0.204
DEV_UPGRADE000042,SIM_UPGRADE000042,CUST001471,2026-02-06,True,False,53,Android,0,1,0.104
DEV_UPGRADE000043,SIM_UPGRADE000043,CUST002293,2026-02-24,True,False,35,Android,0,1,0.074
DEV_UPGRADE000044,SIM_UPGRADE000044,CUST000759,2026-01-21,True,False,69,Android,0,1,0.34
DEV_UPGRADE000045,SIM_UPGRADE000045,CUST002639,2026-03-07,True,False,24,Android,0,1,0.162
DEV_UPGRADE000046,SIM_UPGRADE000046,CUST001511,2026-03-16,True,False,15,Android,0,1,0.148
DEV_UPGRADE000047,SIM_UPGRADE000047,CUST003468,2026-02-18,True,False,41,Android,1,1,0.027
DEV_UPGRADE000048,SIM_UPGRADE000048,CUST004608,2026-02-09,True,False,50,Android,0,1,0.243
DEV_UPGRADE000049,SIM_UPGRADE000049,CUST003495,2026-03-16,True,False,15,iOS,0,1,0.265
DEV_UPGRADE000050,SIM_UPGRADE000050,CUST004905,2026-02-26,True,False,33,Android,0,1,0.198
DEV_UPGRADE000051,SIM_UPGRADE000051,CUST000233,2026-03-04,True,False,27,Android,0,1,0.213
DEV_UPGRADE000052,SIM_UPGRADE000052,CUST001653,2026-02-28,True,False,31,Android,0,1,0.14
DEV_UPGRADE000053,SIM_UPGRADE000053,CUST000035,2026-03-16,True,False,15,Android,0,1,0.227
DEV_UPGRADE000054,SIM_UPGRADE000054,CUST001674,2026-03-15,True,False,16,Android,0,1,0.086
DEV_UPGRADE000055,SIM_UPGRADE000055,CUST004338,2026-01-22,True,False,68,Android,0,1,0.133
DEV_UPGRADE000056,SIM_UPGRADE000056,CUST003741,2026-03-12,True,False,19,Android,0,1,0.056
DEV_UPGRADE000057,SIM_UPGRADE000057,CUST001095,2026-01-16,True,False,74,Android,1,1,0.071
DEV_UPGRADE000058,SIM_UPGRADE000058,CUST001405,2026-01-22,True,False,68,Android,0,1,0.479
DEV_UPGRADE000059,SIM_UPGRADE000059,CUST001010,2026-03-24,True,False,7,Android,0,1,0.106
DEV_UPGRADE000060,SIM_UPGRADE000060,CUST001474,2026-01-30,True,False,60,Android,0,1,0.097
DEV_UPGRADE000061,SIM_UPGRADE000061,CUST000714,2026-01-20,True,False,70,Android,0,1,0.158
DEV_UPGRADE000062,SIM_UPGRADE000062,CUST001053,2026-01-17,True,False,73,Android,0,1,0.033
DEV_UPGRADE000063,SIM_UPGRADE000063,CUST004910,2026-02-23,True,False,36,Android,0,1,0.035
DEV_UPGRADE000064,SIM_UPGRADE000064,CUST001786,2026-01-17,True,False,73,Android,0,1,0.141
DEV_UPGRADE000065,SIM_UPGRADE000065,CUST002515,2026-01-31,True,False,59,Android,0,1,0.009
DEV_UPGRADE000066,SIM_UPGRADE000066,CUST001639,2026-02-12,True,False,47,Android,0,1,0.302
DEV_UPGRADE000067,SIM_UPGRADE000067,CUST004545,2026-01-30,True,False,60,Android,0,1,0.245
DEV_UPGRADE000068,SIM_UPGRADE000068,CUST004666,2026-03-09,True,False,22,iOS,0,1,0.338
DEV_UPGRADE000069,SIM_UPGRADE000069,CUST003516,2026-03-16,True,False,15,Android,0,1,0.216
DEV_UPGRADE000070,SIM_UPGRADE000070,CUST000594,2026-02-12,True,False,47,Android,0,1,0.113
DEV_UPGRADE000071,SIM_UPGRADE000071,CUST004488,2026-01-16,True,False,74,Android,0,1,0.324
DEV_UPGRADE000072,SIM_UPGRADE000072,CUST001385,2026-03-13,True,False,18,Android,0,1,0.126
DEV_UPGRADE000073,SIM_UPGRADE000073,CUST001747,2026-02-15,True,False,44,Android,0,1,0.179
DEV_UPGRADE000074,SIM_UPGRADE000074,CUST001226,2026-01-30,True,False,60,Android,0,1,0.197
DEV_UPGRADE000075,SIM_UPGRADE000075,CUST004122,2026-02-16,True,False,43,Android,0,1,0.007
DEV_UPGRADE000076,SIM_UPGRADE000076,CUST001893,2026-03-13,True,False,18,Android,0,1,0.162
DEV_UPGRADE000077,SIM_UPGRADE000077,CUST004615,2026-02-27,True,False,32,Android,0,1,0.243
DEV_UPGRADE000078,SIM_UPGRADE000078,CUST003711,2026-01-30,True,False,60,iOS,1,1,0.095
DEV_UPGRADE000079,SIM_UPGRADE000079,CUST004893,2026-03-10,True,False,21,Android,0,1,0.173
DEV_UPGRADE000080,SIM_UPGRADE000080,CUST001257,2026-03-27,True,False,4,Android,0,1,0.164
DEV_UPGRADE000081,SIM_UPGRADE000081,CUST001957,2026-02-26,True,False,33,iOS,0,1,0.128
DEV_UPGRADE000082,SIM_UPGRADE000082,CUST004314,2026-02-06,True,False,53,Android,0,1,0.285
DEV_UPGRADE000083,SIM_UPGRADE000083,CUST003198,2026-02-26,True,False,33,Android,0,1,0.207
DEV_UPGRADE000084,SIM_UPGRADE000084,CUST004334,2026-03-23,True,False,8,Android,1,1,0.094
DEV_UPGRADE000085,SIM_UPGRADE000085,CUST001649,2026-02-17,True,False,42,Android,0,1,0.268
DEV_UPGRADE000086,SIM_UPGRADE000086,CUST000623,2026-01-23,True,False,67,Android,0,1,0.267
DEV_UPGRADE000087,SIM_UPGRADE000087,CUST001198,2026-01-26,True,False,64,iOS,0,1,0.206
DEV_UPGRADE000088,SIM_UPGRADE000088,CUST000345,2026-02-05,True,False,54,Android,0,1,0.36
DEV_UPGRADE000089,SIM_UPGRADE000089,CUST000033,2026-03-18,True,False,13,Android,1,1,0.104
DEV_UPGRADE000090,SIM_UPGRADE000090,CUST003043,2026-03-03,True,False,28,Android,0,1,0.039
DEV_UPGRADE000091,SIM_UPGRADE000091,CUST002145,2026-03-16,True,False,15,Android,1,1,0.218
DEV_UPGRADE000092,SIM_UPGRADE000092,CUST000574,2026-02-17,True,False,42,Android,0,1,0.157
DEV_UPGRADE000093,SIM_UPGRADE000093,CUST003324,2026-02-26,True,False,33,Android,0,1,0.19
DEV_UPGRADE000094,SIM_UPGRADE000094,CUST000354,2026-02-11,True,False,48,Android,0,1,0.291
DEV_UPGRADE000095,SIM_UPGRADE000095,CUST001055,2026-02-06,True,False,53,Android,0,1,0.409
DEV_UPGRADE000096,SIM_UPGRADE000096,CUST004232,2026-02-16,True,False,43,Android,0,1,0.346
DEV_UPGRADE000097,SIM_UPGRADE000097,CUST001277,2026-03-11,True,False,20,Android,0,1,0.235
DEV_UPGRADE000098,SIM_UPGRADE000098,CUST000868,2026-02-12,True,False,47,Android,0,1,0.05
DEV_UPGRADE000099,SIM_UPGRADE000099,CUST004994,2026-02-03,True,False,56,Android,0,1,0.12
DEV_UPGRADE000100,SIM_UPGRADE000100,CUST003077,2026-01-18,True,False,72,Android,0,1,0.042
DEV_UPGRADE000101,SIM_UPGRADE000101,CUST004097,2026-02-21,True,False,38,Android,0,1,0.187
DEV_UPGRADE000102,SIM_UPGRADE000102,CUST000043,2026-02-13,True,False,46,Android,0,1,0.137
DEV_UPGRADE000103,SIM_UPGRADE000103,CUST001235,2026-01-30,True,False,60,Android,0,1,0.474
DEV_UPGRADE000104,SIM_UPGRADE000104,CUST002463,2026-03-16,True,False,15,Android,0,1,0.226
DEV_UPGRADE000105,SIM_UPGRADE000105,CUST003754,2026-03-09,True,False,22,Android,0,1,0.095
DEV_UPGRADE000106,SIM_UPGRADE000106,CUST000378,2026-03-01,True,False,30,Android,0,1,0.266
DEV_UPGRADE000107,SIM_UPGRADE000107,CUST001524,2026-02-05,True,False,54,Android,0,1,0.257
DEV_UPGRADE000108,SIM_UPGRADE000108,CUST004484,2026-03-24,True,False,7,Android,0,1,0.242
DEV_UPGRADE000109,SIM_UPGRADE000109,CUST001253,2026-02-21,True,False,38,Android,0,1,0.05
DEV_UPGRADE000110,SIM_UPGRADE000110,CUST001233,2026-02-15,True,False,44,Android,0,1,0.152
DEV_UPGRADE000111,SIM_UPGRADE000111,CUST001262,2026-02-27,True,False,32,Android,1,1,0.268
DEV_UPGRADE000112,SIM_UPGRADE000112,CUST000729,2026-01-24,True,False,66,Android,0,1,0.078
DEV_UPGRADE000113,SIM_UPGRADE000113,CUST002021,2026-02-14,True,False,45,Android,0,1,0.21
DEV_UPGRADE000114,SIM_UPGRADE000114,CUST002650,2026-02-16,True,False,43,Android,0,1,0.289
DEV_UPGRADE000115,SIM_UPGRADE000115,CUST001706,2026-03-15,True,False,16,Android,0,1,0.333
DEV_UPGRADE000116,SIM_UPGRADE000116,CUST002994,2026-02-19,True,False,40,Android,0,1,0.056
DEV_UPGRADE000117,SIM_UPGRADE000117,CUST002067,2026-03-13,True,False,18,Android,0,1,0.296
DEV_UPGRADE000118,SIM_UPGRADE000118,CUST001590,2026-02-02,True,False,57,Android,0,1,0.161
DEV_UPGRADE000119,SIM_UPGRADE000119,CUST001125,2026-03-27,True,False,4,iOS,0,1,0.285
DEV_UPGRADE000120,SIM_UPGRADE000120,CUST000660,2026-03-19,True,False,12,Android,0,1,0.036
DEV_UPGRADE000121,SIM_UPGRADE000121,CUST002142,2026-03-22,True,False,9,Android,0,1,0.158
DEV_UPGRADE000122,SIM_UPGRADE000122,CUST000507,2026-02-06,True,False,53,Android,0,1,0.35
DEV_UPGRADE000123,SIM_UPGRADE000123,CUST000744,2026-03-15,True,False,16,Android,0,1,0.193
DEV_UPGRADE000124,SIM_UPGRADE000124,CUST001573,2026-01-26,True,False,64,Android,0,1,0.191
DEV_UPGRADE000125,SIM_UPGRADE000125,CUST001874,2026-03-23,True,False,8,Android,0,1,0.114
DEV_UPGRADE000126,SIM_UPGRADE000126,CUST004489,2026-02-13,True,False,46,iOS,0,1,0.224
DEV_UPGRADE000127,SIM_UPGRADE000127,CUST002670,2026-02-18,True,False,41,Android,0,1,0.08
DEV_UPGRADE000128,SIM_UPGRADE000128,CUST002595,2026-03-23,True,False,8,Android,0,1,0.245
DEV_UPGRADE000129,SIM_UPGRADE000129,CUST002969,2026-02-18,True,False,41,Android,1,1,0.061
DEV_UPGRADE000130,SIM_UPGRADE000130,CUST003006,2026-03-20,True,False,11,Android,0,1,0.309
DEV_UPGRADE000131,SIM_UPGRADE000131,CUST002416,2026-03-12,True,False,19,Android,0,1,0.066
DEV_UPGRADE000132,SIM_UPGRADE000132,CUST000076,2026-02-09,True,False,50,Android,0,1,0.158
DEV_UPGRADE000133,SIM_UPGRADE000133,CUST001382,2026-03-19,True,False,12,Android,1,1,0.107
DEV_UPGRADE000134,SIM_UPGRADE000134,CUST003325,2026-03-05,True,False,26,Android,0,1,0.266
DEV_UPGRADE000135,SIM_UPGRADE000135,CUST002116,2026-03-19,True,False,12,Android,0,1,0.368
DEV_UPGRADE000136,SIM_UPGRADE000136,CUST000707,2026-02-19,True,False,40,Android,0,1,0.126
DEV_UPGRADE000137,SIM_UPGRADE000137,CUST003961,2026-02-23,True,False,36,Android,0,1,0.176
DEV_UPGRADE000138,SIM_UPGRADE000138,CUST001825,2026-03-09,True,False,22,Android,0,1,0.195
DEV_UPGRADE000139,SIM_UPGRADE000139,CUST000393,2026-03-15,True,False,16,Android,0,1,0.167
DEV_UPGRADE000140,SIM_UPGRADE000140,CUST002677,2026-02-16,True,False,43,Android,0,1,0.339
DEV_UPGRADE000141,SIM_UPGRADE000141,CUST001512,2026-03-17,True,False,14,Android,0,1,0.056
DEV_UPGRADE000142,SIM_UPGRADE000142,CUST002450,2026-03-26,True,False,5,Android,0,1,0.154
DEV_UPGRADE000143,SIM_UPGRADE000143,CUST002138,2026-02-16,True,False,43,Android,0,1,0.13
DEV_UPGRADE000144,SIM_UPGRADE000144,CUST002989,2026-02-17,True,False,42,iOS,0,1,0.246
DEV_UPGRADE000145,SIM_UPGRADE000145,CUST003533,2026-02-05,True,False,54,Android,1,1,0.227
DEV_UPGRADE000146,SIM_UPGRADE000146,CUST004556,2026-03-07,True,False,24,Android,0,1,0.338
DEV_UPGRADE000147,SIM_UPGRADE000147,CUST003899,2026-03-09,True,False,22,Android,0,1,0.147
DEV_UPGRADE000148,SIM_UPGRADE000148,CUST000044,2026-03-23,True,False,8,Android,0,1,0.265
DEV_UPGRADE000149,SIM_UPGRADE000149,CUST004758,2026-02-10,True,False,49,Android,0,1,0.048
DEV_UPGRADE000150,SIM_UPGRADE000150,CUST004912,2026-01-26,True,False,64,Android,0,1,0.342
DEV_UPGRADE000151,SIM_UPGRADE000151,CUST003941,2026-03-13,True,False,18,Android,0,1,0.2
DEV_UPGRADE000152,SIM_UPGRADE000152,CUST002195,2026-02-24,True,False,35,Android,0,1,0.283
DEV_UPGRADE000153,SIM_UPGRADE000153,CUST000930,2026-02-05,True,False,54,Android,0,1,0.127
DEV_UPGRADE000154,SIM_UPGRADE000154,CUST004155,2026-03-05,True,False,26,Android,0,1,0.091
DEV_UPGRADE000155,SIM_UPGRADE000155,CUST000496,2026-01-22,True,False,68,iOS,0,1,0.139
DEV_UPGRADE000156,SIM_UPGRADE000156,CUST000952,2026-01-25,True,False,65,Android,0,1,0.166
DEV_UPGRADE000157,SIM_UPGRADE000157,CUST003967,2026-02-11,True,False,48,Android,0,1,0.207
DEV_UPGRADE000158,SIM_UPGRADE000158,CUST003702,2026-02-01,True,False,58,Android,0,1,0.133
DEV_UPGRADE000159,SIM_UPGRADE000159,CUST001719,2026-03-26,True,False,5,Android,0,1,0.277
DEV_UPGRADE000160,SIM_UPGRADE000160,CUST000553,2026-03-07,True,False,24,Android,0,1,0.08
DEV_UPGRADE000161,SIM_UPGRADE000161,CUST002124,2026-01-27,True,False,63,Android,0,1,0.12
DEV_UPGRADE000162,SIM_UPGRADE000162,CUST004989,2026-01-21,True,False,69,Android,0,1,0.141
DEV_UPGRADE000163,SIM_UPGRADE000163,CUST000467,2026-02-11,True,False,48,Android,0,1,0.327
DEV_UPGRADE000164,SIM_UPGRADE000164,CUST002362,2026-03-27,True,False,4,Android,0,1,0.056
DEV_UPGRADE000165,SIM_UPGRADE000165,CUST002157,2026-03-10,True,False,21,iOS,0,1,0.096
DEV_UPGRADE000166,SIM_UPGRADE000166,CUST004246,2026-02-14,True,False,45,Android,0,1,0.038
DEV_UPGRADE000167,SIM_UPGRADE000167,CUST001404,2026-02-03,True,False,56,Android,0,1,0.26
DEV_UPGRADE000168,SIM_UPGRADE000168,CUST000129,2026-02-01,True,False,58,iOS,0,1,0.076
DEV_UPGRADE000169,SIM_UPGRADE000169,CUST002566,2026-02-26,True,False,33,Android,0,1,0.1
DEV_UPGRADE000170,SIM_UPGRADE000170,CUST004170,2026-03-03,True,False,28,Android,0,1,0.41
DEV_UPGRADE000171,SIM_UPGRADE000171,CUST001999,2026-02-28,True,False,31,Android,0,1,0.309
DEV_UPGRADE000172,SIM_UPGRADE000172,CUST001712,2026-01-22,True,False,68,Android,0,1,0.289
DEV_UPGRADE000173,SIM_UPGRADE000173,CUST000956,2026-03-17,True,False,14,Android,0,1,0.155
DEV_UPGRADE000174,SIM_UPGRADE000174,CUST002808,2026-03-01,True,False,30,Android,0,1,0.277
DEV_UPGRADE000175,SIM_UPGRADE000175,CUST003755,2026-01-28,True,False,62,iOS,0,1,0.409
DEV_UPGRADE000176,SIM_UPGRADE000176,CUST000836,2026-02-04,True,False,55,Android,0,1,0.098
DEV_UPGRADE000177,SIM_UPGRADE000177,CUST001885,2026-02-14,True,False,45,Android,0,1,0.218
DEV_UPGRADE000178,SIM_UPGRADE000178,CUST002928,2026-01-19,True,False,71,Android,1,1,0.324
DEV_UPGRADE000179,SIM_UPGRADE000179,CUST001142,2026-02-16,True,False,43,Android,0,1,0.322
DEV_UPGRADE000180,SIM_UPGRADE000180,CUST000455,2026-03-17,True,False,14,Android,1,1,0.19
DEV_UPGRADE000181,SIM_UPGRADE000181,CUST000630,2026-03-06,True,False,25,Android,0,1,0.165
DEV_UPGRADE000182,SIM_UPGRADE000182,CUST004322,2026-02-08,True,False,51,Android,0,1,0.03
DEV_UPGRADE000183,SIM_UPGRADE000183,CUST001097,2026-02-13,True,False,46,Android,0,1,0.162
DEV_UPGRADE000184,SIM_UPGRADE000184,CUST004141,2026-02-21,True,False,38,Android,0,1,0.716
DEV_UPGRADE000185,SIM_UPGRADE000185,CUST001560,2026-02-11,True,False,48,Android,1,1,0.194
DEV_UPGRADE000186,SIM_UPGRADE000186,CUST002171,2026-03-04,True,False,27,Android,0,1,0.191
DEV_UPGRADE000187,SIM_UPGRADE000187,CUST002386,2026-02-10,True,False,49,Android,1,1,0.055
DEV_UPGRADE000188,SIM_UPGRADE000188,CUST004262,2026-02-04,True,False,55,Android,0,1,0.072
DEV_UPGRADE000189,SIM_UPGRADE000189,CUST002209,2026-01-30,True,False,60,Android,0,1,0.103
DEV_UPGRADE000190,SIM_UPGRADE000190,CUST003511,2026-03-05,True,False,26,Android,0,1,0.386
DEV_UPGRADE000191,SIM_UPGRADE000191,CUST000662,2026-02-22,True,False,37,Android,0,1,0.24
DEV_UPGRADE000192,SIM_UPGRADE000192,CUST003731,2026-01-25,True,False,65,Android,0,1,0.105
DEV_UPGRADE000193,SIM_UPGRADE000193,CUST001025,2026-03-22,True,False,9,Android,0,1,0.261
DEV_UPGRADE000194,SIM_UPGRADE000194,CUST004606,2026-02-23,True,False,36,Android,0,1,0.096
DEV_UPGRADE000195,SIM_UPGRADE000195,CUST000203,2026-01-27,True,False,63,Android,1,1,0.146
DEV_UPGRADE000196,SIM_UPGRADE000196,CUST002858,2026-01-17,True,False,73,Android,0,1,0.205
DEV_UPGRADE000197,SIM_UPGRADE000197,CUST004831,2026-03-19,True,False,12,iOS,0,1,0.043
DEV_UPGRADE000198,SIM_UPGRADE000198,CUST004741,2026-01-30,True,False,60,Android,0,1,0.28
DEV_UPGRADE000199,SIM_UPGRADE000199,CUST001536,2026-01-28,True,False,62,Android,0,1,0.212
DEV_UPGRADE000200,SIM_UPGRADE000200,CUST002175,2026-02-26,True,False,33,iOS,0,1,0.052
DEV_UPGRADE000201,SIM_UPGRADE000201,CUST002757,2026-03-11,True,False,20,Android,0,1,0.424
DEV_UPGRADE000202,SIM_UPGRADE000202,CUST001993,2026-01-27,True,False,63,Android,0,1,0.088
DEV_UPGRADE000203,SIM_UPGRADE000203,CUST001727,2026-01-18,True,False,72,Android,0,1,0.203
DEV_UPGRADE000204,SIM_UPGRADE000204,CUST000110,2026-02-17,True,False,42,Android,0,1,0.09
DEV_UPGRADE000205,SIM_UPGRADE000205,CUST001351,2026-02-19,True,False,40,Android,0,1,0.293
DEV_UPGRADE000206,SIM_UPGRADE000206,CUST003869,2026-02-14,True,False,45,Android,0,1,0.056
DEV_UPGRADE000207,SIM_UPGRADE000207,CUST003461,2026-03-11,True,False,20,Android,0,1,0.332
DEV_UPGRADE000208,SIM_UPGRADE000208,CUST001261,2026-02-27,True,False,32,Android,0,1,0.064
DEV_UPGRADE000209,SIM_UPGRADE000209,CUST001307,2026-02-28,True,False,31,Android,1,1,0.405
DEV_UPGRADE000210,SIM_UPGRADE000210,CUST003476,2026-03-23,True,False,8,Android,0,1,0.048
DEV_UPGRADE000211,SIM_UPGRADE000211,CUST002699,2026-03-15,True,False,16,Android,0,1,0.198
DEV_UPGRADE000212,SIM_UPGRADE000212,CUST001756,2026-02-05,True,False,54,Android,0,1,0.396
DEV_UPGRADE000213,SIM_UPGRADE000213,CUST000634,2026-02-01,True,False,58,Android,0,1,0.213
DEV_UPGRADE000214,SIM_UPGRADE000214,CUST003372,2026-01-22,True,False,68,Android,0,1,0.15
DEV_UPGRADE000215,SIM_UPGRADE000215,CUST004378,2026-02-01,True,False,58,iOS,0,1,0.114
DEV_UPGRADE000216,SIM_UPGRADE000216,CUST003839,2026-02-12,True,False,47,Android,0,1,0.059
DEV_UPGRADE000217,SIM_UPGRADE000217,CUST003602,2026-03-15,True,False,16,Android,0,1,0.371
DEV_UPGRADE000218,SIM_UPGRADE000218,CUST000670,2026-03-05,True,False,26,iOS,0,1,0.172
DEV_UPGRADE000219,SIM_UPGRADE000219,CUST003863,2026-01-26,True,False,64,Android,0,1,0.257
DEV_UPGRADE000220,SIM_UPGRADE000220,CUST003983,2026-03-20,True,False,11,Android,0,1,0.133
DEV_UPGRADE000221,SIM_UPGRADE000221,CUST001804,2026-03-16,True,False,15,Android,0,1,0.15
DEV_UPGRADE000222,SIM_UPGRADE000222,CUST003488,2026-03-11,True,False,20,Android,0,1,0.057
DEV_UPGRADE000223,SIM_UPGRADE000223,CUST000903,2026-03-07,True,False,24,Android,0,1,0.023
DEV_UPGRADE000224,SIM_UPGRADE000224,CUST003413,2026-03-12,True,False,19,iOS,0,1,0.487
DEV_UPGRADE000225,SIM_UPGRADE000225,CUST000655,2026-02-10,True,False,49,Android,0,1,0.359
DEV_UPGRADE000226,SIM_UPGRADE000226,CUST002467,2026-03-23,True,False,8,Android,0,1,0.173
DEV_UPGRADE000227,SIM_UPGRADE000227,CUST004651,2026-01-18,True,False,72,Android,0,1,0.23
DEV_UPGRADE000228,SIM_UPGRADE000228,CUST002508,2026-01-23,True,False,67,Android,0,1,0.331
DEV_UPGRADE000229,SIM_UPGRADE000229,CUST004128,2026-01-22,True,False,68,Android,0,1,0.109
DEV_UPGRADE000230,SIM_UPGRADE000230,CUST004383,2026-03-21,True,False,10,Android,0,1,0.207
DEV_UPGRADE000231,SIM_UPGRADE000231,CUST000962,2026-01-17,True,False,73,Android,0,1,0.235
DEV_UPGRADE000232,SIM_UPGRADE000232,CUST004420,2026-01-27,True,False,63,Android,0,1,0.331
DEV_UPGRADE000233,SIM_UPGRADE000233,CUST002691,2026-03-05,True,False,26,Android,0,1,0.226
DEV_UPGRADE000234,SIM_UPGRADE000234,CUST003153,2026-01-21,True,False,69,Android,0,1,0.072
DEV_UPGRADE000235,SIM_UPGRADE000235,CUST003473,2026-03-23,True,False,8,Android,0,1,0.133
DEV_UPGRADE000236,SIM_UPGRADE000236,CUST002250,2026-02-01,True,False,58,Android,0,1,0.039
DEV_UPGRADE000237,SIM_UPGRADE000237,CUST001282,2026-01-24,True,False,66,Android,0,1,0.353
DEV_UPGRADE000238,SIM_UPGRADE000238,CUST004388,2026-02-03,True,False,56,Android,0,1,0.578
DEV_UPGRADE000239,SIM_UPGRADE000239,CUST004103,2026-02-25,True,False,34,Android,0,1,0.205
DEV_UPGRADE000240,SIM_UPGRADE000240,CUST002248,2026-01-26,True,False,64,Android,1,1,0.096
DEV_UPGRADE000241,SIM_UPGRADE000241,CUST000021,2026-02-22,True,False,37,Android,0,1,0.274
DEV_UPGRADE000242,SIM_UPGRADE000242,CUST003670,2026-03-12,True,False,19,Android,0,1,0.273
DEV_UPGRADE000243,SIM_UPGRADE000243,CUST001464,2026-03-11,True,False,20,Android,0,1,0.103
DEV_UPGRADE000244,SIM_UPGRADE000244,CUST003974,2026-01-23,True,False,67,Android,0,1,0.154
DEV_UPGRADE000245,SIM_UPGRADE000245,CUST003614,2026-03-01,True,False,30,Android,1,1,0.319
DEV_UPGRADE000246,SIM_UPGRADE000246,CUST001414,2026-02-06,True,False,53,Android,1,1,0.161
DEV_UPGRADE000247,SIM_UPGRADE000247,CUST002764,2026-03-05,True,False,26,Android,0,1,0.221
DEV_UPGRADE000248,SIM_UPGRADE000248,CUST001620,2026-03-26,True,False,5,Android,0,1,0.261
DEV_UPGRADE000249,SIM_UPGRADE000249,CUST003169,2026-03-25,True,False,6,Android,0,1,0.07
DEV_UPGRADE000250,SIM_UPGRADE000250,CUST003846,2026-01-16,True,False,74,Android,0,1,0.102
DEV_UPGRADE000251,SIM_UPGRADE000251,CUST004534,2026-02-10,True,False,49,Android,0,1,0.209
DEV_UPGRADE000252,SIM_UPGRADE000252,CUST004358,2026-01-28,True,False,62,Android,0,1,0.064
DEV_UPGRADE000253,SIM_UPGRADE000253,CUST002231,2026-01-27,True,False,63,Android,0,1,0.023
DEV_UPGRADE000254,SIM_UPGRADE000254,CUST003840,2026-02-26,True,False,33,Android,0,1,0.023
DEV_UPGRADE000255,SIM_UPGRADE000255,CUST000771,2026-03-09,True,False,22,Android,0,1,0.252
DEV_UPGRADE000256,SIM_UPGRADE000256,CUST001002,2026-01-17,True,False,73,Android,1,1,0.095
DEV_UPGRADE000257,SIM_UPGRADE000257,CUST002719,2026-03-01,True,False,30,Android,0,1,0.183
DEV_UPGRADE000258,SIM_UPGRADE000258,CUST003441,2026-02-09,True,False,50,Android,0,1,0.114
DEV_UPGRADE000259,SIM_UPGRADE000259,CUST003502,2026-03-03,True,False,28,Android,0,1,0.045
DEV_UPGRADE000260,SIM_UPGRADE000260,CUST000218,2026-03-23,True,False,8,Android,0,1,0.208
DEV_UPGRADE000261,SIM_UPGRADE000261,CUST004697,2026-03-14,True,False,17,Android,0,1,0.025
DEV_UPGRADE000262,SIM_UPGRADE000262,CUST001911,2026-02-15,True,False,44,Android,0,1,0.111
DEV_UPGRADE000263,SIM_UPGRADE000263,CUST003247,2026-01-21,True,False,69,Android,0,1,0.171
DEV_UPGRADE000264,SIM_UPGRADE000264,CUST002454,2026-03-08,True,False,23,Android,2,1,0.359
DEV_UPGRADE000265,SIM_UPGRADE000265,CUST001044,2026-01-28,True,False,62,Android,0,1,0.328
DEV_UPGRADE000266,SIM_UPGRADE000266,CUST003617,2026-01-24,True,False,66,Android,1,1,0.099
DEV_UPGRADE000267,SIM_UPGRADE000267,CUST001458,2026-03-08,True,False,23,Android,1,1,0.078
DEV_UPGRADE000268,SIM_UPGRADE000268,CUST001286,2026-02-24,True,False,35,Android,0,1,0.029
DEV_UPGRADE000269,SIM_UPGRADE000269,CUST000922,2026-02-20,True,False,39,Android,0,1,0.093
DEV_UPGRADE000270,SIM_UPGRADE000270,CUST002501,2026-02-28,True,False,31,iOS,0,1,0.171
DEV_UPGRADE000271,SIM_UPGRADE000271,CUST003455,2026-03-22,True,False,9,Android,1,1,0.194
DEV_UPGRADE000272,SIM_UPGRADE000272,CUST000083,2026-01-27,True,False,63,Android,0,1,0.051
DEV_UPGRADE000273,SIM_UPGRADE000273,CUST003833,2026-01-31,True,False,59,Android,0,1,0.064
DEV_UPGRADE000274,SIM_UPGRADE000274,CUST000730,2026-03-14,True,False,17,Android,0,1,0.237
DEV_UPGRADE000275,SIM_UPGRADE000275,CUST001011,2026-03-23,True,False,8,Android,0,1,0.28
DEV_UPGRADE000276,SIM_UPGRADE000276,CUST001722,2026-03-21,True,False,10,iOS,0,1,0.342
DEV_UPGRADE000277,SIM_UPGRADE000277,CUST002069,2026-02-11,True,False,48,Android,0,1,0.153
DEV_UPGRADE000278,SIM_UPGRADE000278,CUST003200,2026-02-25,True,False,34,Android,0,1,0.091
DEV_UPGRADE000279,SIM_UPGRADE000279,CUST001698,2026-03-17,True,False,14,Android,0,1,0.138
DEV_UPGRADE000280,SIM_UPGRADE000280,CUST004411,2026-01-19,True,False,71,Android,0,1,0.163
DEV_UPGRADE000281,SIM_UPGRADE000281,CUST000299,2026-02-05,True,False,54,iOS,0,1,0.027
DEV_UPGRADE000282,SIM_UPGRADE000282,CUST002690,2026-03-23,True,False,8,Android,0,1,0.04
DEV_UPGRADE000283,SIM_UPGRADE000283,CUST001695,2026-03-01,True,False,30,Android,0,1,0.228
DEV_UPGRADE000284,SIM_UPGRADE000284,CUST004819,2026-03-20,True,False,11,Android,0,1,0.238
DEV_UPGRADE000285,SIM_UPGRADE000285,CUST004652,2026-02-03,True,False,56,Android,0,1,0.108
DEV_UPGRADE000286,SIM_UPGRADE000286,CUST001544,2026-02-19,True,False,40,Android,0,1,0.038
DEV_UPGRADE000287,SIM_UPGRADE000287,CUST000900,2026-03-10,True,False,21,Android,0,1,0.08
DEV_UPGRADE000288,SIM_UPGRADE000288,CUST004804,2026-02-03,True,False,56,Android,0,1,0.101
DEV_UPGRADE000289,SIM_UPGRADE000289,CUST000873,2026-02-12,True,False,47,Android,0,1,0.149
DEV_UPGRADE000290,SIM_UPGRADE000290,CUST004646,2026-03-09,True,False,22,Android,0,1,0.129
DEV_UPGRADE000291,SIM_UPGRADE000291,CUST000399,2026-01-31,True,False,59,Android,0,1,0.279
DEV_UPGRADE000292,SIM_UPGRADE000292,CUST003352,2026-03-03,True,False,28,Android,0,1,0.062
DEV_UPGRADE000293,SIM_UPGRADE000293,CUST003349,2026-03-23,True,False,8,Android,0,1,0.164
DEV_UPGRADE000294,SIM_UPGRADE000294,CUST004124,2026-02-04,True,False,55,Android,0,1,0.043
DEV_UPGRADE000295,SIM_UPGRADE000295,CUST003234,2026-03-22,True,False,9,Android,0,1,0.228
DEV_UPGRADE000296,SIM_UPGRADE000296,CUST001219,2026-01-20,True,False,70,Android,0,1,0.146
DEV_UPGRADE000297,SIM_UPGRADE000297,CUST003135,2026-02-17,True,False,42,Android,0,1,0.103
DEV_UPGRADE000298,SIM_UPGRADE000298,CUST004201,2026-01-26,True,False,64,Android,0,1,0.17
DEV_UPGRADE000299,SIM_UPGRADE000299,CUST002497,2026-02-11,True,False,48,Android,0,1,0.16
DEV_FRAUD391209,SIM_FRAUD391209,CUST001501,2026-03-22,True,True,9,Android,0,1,0.824
DEV_FRAUD391211,SIM_FRAUD391211,CUST002586,2026-03-12,True,True,19,Android,0,1,0.998
DEV_FRAUD391213,SIM_FRAUD391213,CUST002653,2026-02-07,True,True,52,Android,0,1,0.79
DEV_FRAUD391221,SIM_FRAUD391221,CUST000106,2026-02-17,True,True,42,Android,0,1,0.841
DEV_FRAUD391224,SIM_FRAUD391224,CUST000589,2026-01-28,True,True,62,Android,0,1,0.802
DEV_FRAUD391227,SIM_FRAUD391227,CUST002468,2026-02-21,True,True,38,Android,0,1,0.876
DEV_FRAUD391232,SIM_FRAUD391232,CUST001600,2026-02-16,True,True,43,Android,0,1,0.78
DEV_FRAUD391240,SIM_FRAUD391240,CUST000915,2026-03-05,True,True,26,Android,0,1,0.974
DEV_FRAUD391248,SIM_FRAUD391248,CUST003543,2026-02-27,True,True,32,Android,0,1,0.885
DEV_FRAUD391254,SIM_FRAUD391254,CUST003351,2026-03-14,True,True,17,Android,0,1,0.983
DEV_FRAUD391256,SIM_FRAUD391256,CUST001744,2026-02-07,True,True,52,Android,0,1,0.904
DEV_FRAUD391259,SIM_FRAUD391259,CUST001084,2026-03-21,True,True,10,Android,0,1,0.756
DEV_FRAUD391262,SIM_FRAUD391262,CUST000926,2026-03-13,True,True,18,Android,0,1,0.705
DEV_FRAUD391264,SIM_FRAUD391264,CUST003049,2026-01-26,True,True,64,Android,0,1,0.822
DEV_FRAUD391267,SIM_FRAUD391267,CUST001117,2026-03-20,True,True,11,iOS,0,1,0.998
DEV_FRAUD391269,SIM_FRAUD391269,CUST000642,2026-03-21,True,True,10,Android,1,1,0.963
DEV_FRAUD391274,SIM_FRAUD391274,CUST000501,2026-02-20,True,True,39,Android,0,1,0.954
DEV_FRAUD391277,SIM_FRAUD391277,CUST004066,2026-02-21,True,True,38,Android,0,1,0.871
DEV_FRAUD391280,SIM_FRAUD391280,CUST000333,2026-03-15,True,True,16,Android,1,1,0.728
DEV_FRAUD391286,SIM_FRAUD391286,CUST000486,2026-01-27,True,True,63,iOS,0,1,0.705
DEV_FRAUD391291,SIM_FRAUD391291,CUST000393,2026-03-20,True,True,11,Android,0,1,0.952
DEV_FRAUD391294,SIM_FRAUD391294,CUST004842,2026-02-03,True,True,56,Android,0,1,0.753
DEV_FRAUD391297,SIM_FRAUD391297,CUST004866,2026-01-23,True,True,67,iOS,0,1,0.723
DEV_FRAUD391300,SIM_FRAUD391300,CUST001755,2026-02-17,True,True,42,Android,0,1,0.913
DEV_FRAUD391302,SIM_FRAUD391302,CUST002515,2026-01-26,True,True,64,Android,0,1,0.7
DEV_FRAUD391304,SIM_FRAUD391304,CUST003585,2026-03-11,True,True,20,Android,0,1,0.922
DEV_FRAUD391307,SIM_FRAUD391307,CUST004315,2026-02-18,True,True,41,Android,0,1,0.758
DEV_FRAUD391309,SIM_FRAUD391309,CUST004966,2026-03-27,True,True,4,Android,0,1,0.796
DEV_FRAUD391314,SIM_FRAUD391314,CUST003599,2026-02-10,True,True,49,Android,0,1,0.752
DEV_FRAUD391322,SIM_FRAUD391322,CUST000838,2026-03-21,True,True,10,Android,1,1,0.933
DEV_FRAUD391324,SIM_FRAUD391324,CUST003906,2026-02-01,True,True,58,Android,0,1,0.845
DEV_FRAUD391327,SIM_FRAUD391327,CUST003773,2026-03-17,True,True,14,Android,0,1,0.75
DEV_FRAUD391329,SIM_FRAUD391329,CUST004635,2026-03-21,True,True,10,Android,0,1,0.712
DEV_FRAUD391332,SIM_FRAUD391332,CUST003161,2026-02-13,True,True,46,Android,0,1,0.996
DEV_FRAUD391335,SIM_FRAUD391335,CUST002659,2026-01-27,True,True,63,Android,0,1,0.914
DEV_FRAUD391337,SIM_FRAUD391337,CUST004615,2026-02-01,True,True,58,Android,0,1,0.904
DEV_FRAUD391342,SIM_FRAUD391342,CUST002451,2026-03-10,True,True,21,Android,0,1,0.851
DEV_FRAUD391348,SIM_FRAUD391348,CUST003078,2026-02-17,True,True,42,Android,0,1,0.83
DEV_FRAUD391356,SIM_FRAUD391356,CUST001670,2026-02-11,True,True,48,Android,1,1,0.939
DEV_FRAUD391362,SIM_FRAUD391362,CUST002377,2026-03-14,True,True,17,Android,0,1,0.948
DEV_FRAUD391367,SIM_FRAUD391367,CUST004257,2026-01-23,True,True,67,Android,0,1,0.718
DEV_FRAUD391369,SIM_FRAUD391369,CUST003862,2026-03-18,True,True,13,Android,0,1,0.958
DEV_FRAUD391372,SIM_FRAUD391372,CUST000023,2026-01-14,True,True,76,Android,0,1,0.928
DEV_FRAUD391374,SIM_FRAUD391374,CUST002633,2026-03-05,True,True,26,Android,0,1,0.846
DEV_FRAUD391392,SIM_FRAUD391392,CUST000227,2026-02-24,True,True,35,iOS,0,1,0.843
DEV_FRAUD391397,SIM_FRAUD391397,CUST001001,2026-03-13,True,True,18,Android,0,1,0.95
DEV_FRAUD391399,SIM_FRAUD391399,CUST002138,2026-01-29,True,True,61,Android,1,1,0.938
DEV_FRAUD391402,SIM_FRAUD391402,CUST000711,2026-01-13,True,True,77,Android,0,1,0.742
DEV_FRAUD391404,SIM_FRAUD391404,CUST002801,2026-01-27,True,True,63,Android,0,1,0.865
DEV_FRAUD391406,SIM_FRAUD391406,CUST002527,2026-02-07,True,True,52,Android,0,1,0.991
DEV_FRAUD391410,SIM_FRAUD391410,CUST003321,2026-03-11,True,True,20,iOS,0,1,0.921
DEV_FRAUD391417,SIM_FRAUD391417,CUST001615,2026-03-12,True,True,19,Android,0,1,0.992
DEV_FRAUD391420,SIM_FRAUD391420,CUST003024,2026-01-21,True,True,69,Android,0,1,0.933
DEV_FRAUD391423,SIM_FRAUD391423,CUST001413,2026-03-28,True,True,3,Android,0,1,0.857
DEV_FRAUD391429,SIM_FRAUD391429,CUST000655,2026-01-28,True,True,62,Android,0,1,0.881
DEV_FRAUD391436,SIM_FRAUD391436,CUST004153,2026-01-17,True,True,73,Android,0,1,0.913
DEV_FRAUD391439,SIM_FRAUD391439,CUST000468,2026-02-10,True,True,49,Android,1,1,0.919
DEV_FRAUD391450,SIM_FRAUD391450,CUST004740,2026-01-24,True,True,66,Android,0,1,0.924
DEV_FRAUD391453,SIM_FRAUD391453,CUST002940,2026-02-17,True,True,42,Android,0,1,0.979
DEV_FRAUD391458,SIM_FRAUD391458,CUST000373,2026-02-06,True,True,53,Android,0,1,0.793
DEV_FRAUD391461,SIM_FRAUD391461,CUST000079,2026-03-04,True,True,27,Android,1,1,0.949
DEV_FRAUD391466,SIM_FRAUD391466,CUST001669,2026-02-25,True,True,34,Android,0,1,0.871
DEV_FRAUD391468,SIM_FRAUD391468,CUST002131,2026-01-11,True,True,79,Android,0,1,0.966
DEV_FRAUD391474,SIM_FRAUD391474,CUST000248,2026-03-23,True,True,8,Android,1,1,0.889
DEV_FRAUD391476,SIM_FRAUD391476,CUST000931,2026-03-09,True,True,22,Android,0,1,0.981
DEV_FRAUD391479,SIM_FRAUD391479,CUST001335,2026-02-27,True,True,32,Android,1,1,0.827
DEV_FRAUD391481,SIM_FRAUD391481,CUST004524,2026-02-13,True,True,46,Android,0,1,0.73
DEV_FRAUD391484,SIM_FRAUD391484,CUST001338,2026-02-24,True,True,35,iOS,0,1,0.893
DEV_FRAUD391487,SIM_FRAUD391487,CUST001406,2026-03-29,True,True,2,Android,0,1,0.932
DEV_FRAUD391490,SIM_FRAUD391490,CUST001090,2026-02-10,True,True,49,Android,0,1,0.907
DEV_FRAUD391496,SIM_FRAUD391496,CUST000742,2026-01-28,True,True,62,Android,0,1,0.917
DEV_FRAUD391502,SIM_FRAUD391502,CUST002123,2026-03-14,True,True,17,Android,0,1,0.709
DEV_FRAUD391504,SIM_FRAUD391504,CUST002094,2026-02-04,True,True,55,Android,0,1,0.989
DEV_FRAUD391507,SIM_FRAUD391507,CUST000240,2026-03-03,True,True,28,Android,0,1,0.779
DEV_FRAUD391515,SIM_FRAUD391515,CUST001057,2026-01-28,True,True,62,Android,1,1,0.824
DEV_FRAUD391517,SIM_FRAUD391517,CUST004816,2026-03-18,True,True,13,Android,0,1,0.826
DEV_FRAUD391519,SIM_FRAUD391519,CUST000199,2026-02-25,True,True,34,Android,0,1,0.972
DEV_FRAUD391521,SIM_FRAUD391521,CUST002280,2026-02-10,True,True,49,Android,0,1,0.923
DEV_FRAUD391524,SIM_FRAUD391524,CUST004749,2026-01-13,True,True,77,Android,0,1,0.886
DEV_FRAUD391528,SIM_FRAUD391528,CUST004771,2026-02-28,True,True,31,Android,0,1,0.736
DEV_FRAUD391530,SIM_FRAUD391530,CUST002819,2026-03-03,True,True,28,iOS,0,1,0.797
DEV_FRAUD391536,SIM_FRAUD391536,CUST004256,2026-02-04,True,True,55,Android,0,1,0.848
DEV_FRAUD391544,SIM_FRAUD391544,CUST003968,2026-01-26,True,True,64,Android,0,1,0.734
DEV_FRAUD391548,SIM_FRAUD391548,CUST004445,2026-03-08,True,True,23,Android,0,1,0.871
DEV_FRAUD391550,SIM_FRAUD391550,CUST003557,2026-03-08,True,True,23,Android,0,1,0.764
DEV_FRAUD391552,SIM_FRAUD391552,CUST000964,2026-02-06,True,True,53,iOS,0,1,0.947
DEV_FRAUD391557,SIM_FRAUD391557,CUST003698,2026-02-23,True,True,36,Android,0,1,0.949
DEV_FRAUD391561,SIM_FRAUD391561,CUST004878,2026-02-25,True,True,34,Android,0,1,0.88
DEV_FRAUD391568,SIM_FRAUD391568,CUST003238,2026-02-14,True,True,45,iOS,0,1,0.808
DEV_FRAUD391571,SIM_FRAUD391571,CUST002974,2026-03-25,True,True,6,Android,0,1,0.713
DEV_FRAUD391575,SIM_FRAUD391575,CUST002887,2026-03-09,True,True,22,Android,0,1,0.889
DEV_FRAUD391580,SIM_FRAUD391580,CUST001419,2026-02-01,True,True,58,Android,0,1,0.935
DEV_FRAUD391582,SIM_FRAUD391582,CUST003907,2026-01-14,True,True,76,Android,1,1,0.937
DEV_FRAUD391589,SIM_FRAUD391589,CUST001860,2026-01-18,True,True,72,Android,0,1,0.845
DEV_FRAUD391592,SIM_FRAUD391592,CUST000008,2026-03-16,True,True,15,Android,0,1,0.742
DEV_FRAUD391597,SIM_FRAUD391597,CUST002847,2026-03-08,True,True,23,Android,0,1,0.719
DEV_FRAUD391599,SIM_FRAUD391599,CUST003664,2026-03-21,True,True,10,Android,0,1,0.717
DEV_FRAUD391601,SIM_FRAUD391601,CUST000144,2026-02-03,True,True,56,Android,2,1,0.775
DEV_FRAUD391603,SIM_FRAUD391603,CUST002104,2026-01-27,True,True,63,Android,0,1,0.742
DEV_FRAUD391605,SIM_FRAUD391605,CUST003143,2026-02-22,True,True,37,Android,0,1,0.751
DEV_FRAUD391616,SIM_FRAUD391616,CUST003591,2026-03-29,True,True,2,Android,0,1,0.91
DEV_FRAUD391619,SIM_FRAUD391619,CUST001052,2026-01-16,True,True,74,Android,0,1,0.754
DEV_FRAUD391622,SIM_FRAUD391622,CUST001590,2026-03-09,True,True,22,Android,0,1,0.908
DEV_FRAUD391624,SIM_FRAUD391624,CUST003008,2026-03-26,True,True,5,Android,0,1,0.805
DEV_FRAUD391626,SIM_FRAUD391626,CUST002029,2026-03-26,True,True,5,Android,1,1,0.932
DEV_FRAUD391629,SIM_FRAUD391629,CUST003418,2026-03-27,True,True,4,Android,0,1,0.748
DEV_FRAUD391635,SIM_FRAUD391635,CUST002696,2026-02-07,True,True,52,Android,0,1,0.707
DEV_FRAUD391638,SIM_FRAUD391638,CUST003039,2026-02-24,True,True,35,Android,0,1,0.727
DEV_FRAUD391640,SIM_FRAUD391640,CUST000472,2026-03-10,True,True,21,Android,0,1,0.99
DEV_FRAUD391644,SIM_FRAUD391644,CUST004074,2026-01-21,True,True,69,Android,0,1,0.861
DEV_FRAUD391648,SIM_FRAUD391648,CUST000279,2026-01-14,True,True,76,Android,0,1,0.882
DEV_FRAUD391651,SIM_FRAUD391651,CUST001741,2026-03-18,True,True,13,Android,0,1,0.99
DEV_FRAUD391656,SIM_FRAUD391656,CUST002886,2026-01-21,True,True,69,Android,0,1,0.933
DEV_FRAUD391660,SIM_FRAUD391660,CUST000100,2026-02-21,True,True,38,Android,0,1,0.734
DEV_FRAUD391662,SIM_FRAUD391662,CUST002804,2026-03-11,True,True,20,iOS,0,1,0.827
DEV_FRAUD391669,SIM_FRAUD391669,CUST003661,2026-02-24,True,True,35,iOS,0,1,0.946
DEV_FRAUD391672,SIM_FRAUD391672,CUST000530,2026-01-22,True,True,68,Android,0,1,0.899
DEV_FRAUD391674,SIM_FRAUD391674,CUST001886,2026-02-23,True,True,36,Android,0,1,0.765
DEV_FRAUD391679,SIM_FRAUD391679,CUST003794,2026-03-18,True,True,13,Android,0,1,0.942
DEV_FRAUD391682,SIM_FRAUD391682,CUST003944,2026-01-25,True,True,65,Android,0,1,0.868
DEV_FRAUD391684,SIM_FRAUD391684,CUST004666,2026-03-09,True,True,22,Android,0,1,0.936
DEV_FRAUD391686,SIM_FRAUD391686,CUST002018,2026-03-24,True,True,7,iOS,0,1,0.888
DEV_FRAUD391692,SIM_FRAUD391692,CUST002805,2026-02-10,True,True,49,Android,0,1,0.839
DEV_FRAUD391695,SIM_FRAUD391695,CUST003829,2026-03-10,True,True,21,Android,0,1,0.919
DEV_FRAUD391697,SIM_FRAUD391697,CUST004381,2026-03-09,True,True,22,iOS,0,1,0.96
DEV_FRAUD391700,SIM_FRAUD391700,CUST003891,2026-03-12,True,True,19,iOS,0,1,0.84
DEV_FRAUD391706,SIM_FRAUD391706,CUST004328,2026-03-07,True,True,24,Android,2,1,0.709
DEV_FRAUD391711,SIM_FRAUD391711,CUST002194,2026-03-22,True,True,9,Android,0,1,0.878
DEV_FRAUD391722,SIM_FRAUD391722,CUST000911,2026-02-10,True,True,49,Android,0,1,0.727
DEV_FRAUD391724,SIM_FRAUD391724,CUST003145,2026-01-11,True,True,79,Android,0,1,0.797
DEV_FRAUD391727,SIM_FRAUD391727,CUST000999,2026-03-03,True,True,28,Android,0,1,0.865
DEV_FRAUD391730,SIM_FRAUD391730,CUST003653,2026-03-15,True,True,16,Android,0,1,0.804
DEV_FRAUD391733,SIM_FRAUD391733,CUST002483,2026-03-21,True,True,10,Android,0,1,0.784
DEV_FRAUD391735,SIM_FRAUD391735,CUST004076,2026-02-05,True,True,54,Android,0,1,0.706
DEV_FRAUD391741,SIM_FRAUD391741,CUST004838,2026-02-26,True,True,33,Android,1,1,0.781
DEV_FRAUD391747,SIM_FRAUD391747,CUST003789,2026-01-26,True,True,64,Android,1,1,0.815
DEV_FRAUD391749,SIM_FRAUD391749,CUST001020,2026-02-21,True,True,38,Android,0,1,0.787
DEV_FRAUD391751,SIM_FRAUD391751,CUST001647,2026-03-01,True,True,30,Android,0,1,0.889
DEV_FRAUD391754,SIM_FRAUD391754,CUST000733,2026-03-23,True,True,8,Android,1,1,0.9
DEV_FRAUD391756,SIM_FRAUD391756,CUST004582,2026-02-06,True,True,53,Android,0,1,0.934
DEV_FRAUD391761,SIM_FRAUD391761,CUST001620,2026-01-14,True,True,76,Android,0,1,0.756
DEV_FRAUD391764,SIM_FRAUD391764,CUST003135,2026-03-09,True,True,22,Android,1,1,0.886
DEV_FRAUD391767,SIM_FRAUD391767,CUST002689,2026-01-17,True,True,73,Android,0,1,0.829
DEV_FRAUD391772,SIM_FRAUD391772,CUST000297,2026-03-07,True,True,24,Android,0,1,0.797
DEV_FRAUD391775,SIM_FRAUD391775,CUST002339,2026-03-01,True,True,30,Android,0,1,0.845
DEV_FRAUD391780,SIM_FRAUD391780,CUST003774,2026-02-11,True,True,48,Android,0,1,0.844
DEV_FRAUD391782,SIM_FRAUD391782,CUST001255,2026-01-30,True,True,60,Android,0,1,0.892
DEV_FRAUD391784,SIM_FRAUD391784,CUST004520,2026-02-26,True,True,33,Android,0,1,0.868
DEV_FRAUD391787,SIM_FRAUD391787,CUST000230,2026-02-06,True,True,53,Android,0,1,0.889
DEV_FRAUD391793,SIM_FRAUD391793,CUST003230,2026-03-29,True,True,2,Android,1,1,0.994
DEV_FRAUD391798,SIM_FRAUD391798,CUST002754,2026-01-20,True,True,70,Android,0,1,0.943
DEV_FRAUD391804,SIM_FRAUD391804,CUST000969,2026-01-24,True,True,66,iOS,0,1,0.788
DEV_FRAUD391807,SIM_FRAUD391807,CUST000633,2026-03-20,True,True,11,Android,0,1,0.86
DEV_FRAUD391812,SIM_FRAUD391812,CUST004077,2026-02-08,True,True,51,Android,0,1,0.769
DEV_FRAUD391827,SIM_FRAUD391827,CUST004715,2026-03-05,True,True,26,Android,0,1,0.856
DEV_FRAUD391831,SIM_FRAUD391831,CUST004118,2026-02-14,True,True,45,Android,0,1,0.914
DEV_FRAUD391836,SIM_FRAUD391836,CUST001483,2026-03-02,True,True,29,Android,0,1,0.72
DEV_FRAUD391839,SIM_FRAUD391839,CUST002275,2026-02-27,True,True,32,Android,0,1,0.741
DEV_FRAUD391846,SIM_FRAUD391846,CUST002016,2026-02-22,True,True,37,Android,0,1,0.702
DEV_FRAUD391851,SIM_FRAUD391851,CUST000626,2026-02-17,True,True,42,Android,0,1,0.814
DEV_FRAUD391856,SIM_FRAUD391856,CUST002223,2026-01-17,True,True,73,iOS,0,1,0.93
DEV_FRAUD391858,SIM_FRAUD391858,CUST002217,2026-01-14,True,True,76,Android,0,1,0.835
DEV_FRAUD391860,SIM_FRAUD391860,CUST004483,2026-01-28,True,True,62,Android,0,1,0.871
DEV_FRAUD391862,SIM_FRAUD391862,CUST001485,2026-03-19,True,True,12,Android,0,1,0.877
DEV_FRAUD391875,SIM_FRAUD391875,CUST000149,2026-02-08,True,True,51,Android,0,1,0.727
DEV_FRAUD391885,SIM_FRAUD391885,CUST000012,2026-02-15,True,True,44,Android,0,1,0.752
DEV_FRAUD391887,SIM_FRAUD391887,CUST001833,2026-01-16,True,True,74,Android,0,1,0.975
DEV_FRAUD391894,SIM_FRAUD391894,CUST002727,2026-03-17,True,True,14,Android,0,1,0.838
DEV_FRAUD391901,SIM_FRAUD391901,CUST004605,2026-02-04,True,True,55,Android,1,1,0.826
DEV_FRAUD391907,SIM_FRAUD391907,CUST000731,2026-03-27,True,True,4,Android,1,1,0.925
DEV_FRAUD391909,SIM_FRAUD391909,CUST001231,2026-02-24,True,True,35,iOS,0,1,0.714
DEV_FRAUD391912,SIM_FRAUD391912,CUST001634,2026-03-18,True,True,13,Android,0,1,0.952
DEV_FRAUD391914,SIM_FRAUD391914,CUST003936,2026-01-12,True,True,78,iOS,1,1,0.901
DEV_FRAUD391919,SIM_FRAUD391919,CUST003268,2026-03-02,True,True,29,Android,0,1,0.743
DEV_FRAUD391922,SIM_FRAUD391922,CUST001934,2026-01-15,True,True,75,Android,0,1,0.719
DEV_FRAUD391925,SIM_FRAUD391925,CUST000553,2026-03-08,True,True,23,Android,0,1,0.701
DEV_FRAUD391927,SIM_FRAUD391927,CUST000491,2026-03-17,True,True,14,Android,0,1,0.788
DEV_FRAUD391933,SIM_FRAUD391933,CUST002329,2026-01-19,True,True,71,Android,0,1,0.797
DEV_FRAUD391936,SIM_FRAUD391936,CUST002195,2026-02-20,True,True,39,Android,0,1,0.753
DEV_FRAUD391938,SIM_FRAUD391938,CUST003064,2026-03-28,True,True,3,Android,0,1,0.786
DEV_FRAUD391941,SIM_FRAUD391941,CUST000657,2026-03-19,True,True,12,Android,0,1,0.869
DEV_FRAUD391946,SIM_FRAUD391946,CUST002225,2026-02-13,True,True,46,Android,0,1,0.734
DEV_FRAUD391948,SIM_FRAUD391948,CUST004264,2026-01-12,True,True,78,Android,0,1,0.76
DEV_FRAUD391950,SIM_FRAUD391950,CUST001170,2026-03-10,True,True,21,Android,0,1,0.869
DEV_FRAUD391956,SIM_FRAUD391956,CUST000471,2026-02-22,True,True,37,Android,0,1,0.911
DEV_FRAUD391959,SIM_FRAUD391959,CUST003225,2026-02-23,True,True,36,Android,1,1,0.979
DEV_FRAUD391961,SIM_FRAUD391961,CUST001405,2026-01-14,True,True,76,Android,0,1,0.853
DEV_FRAUD391963,SIM_FRAUD391963,CUST002876,2026-03-12,True,True,19,Android,0,1,0.734
DEV_FRAUD391965,SIM_FRAUD391965,CUST004504,2026-02-03,True,True,56,Android,0,1,0.877
DEV_FRAUD391968,SIM_FRAUD391968,CUST004692,2026-02-21,True,True,38,Android,0,1,0.999
DEV_FRAUD391972,SIM_FRAUD391972,CUST000287,2026-02-23,True,True,36,Android,0,1,0.965
DEV_FRAUD391975,SIM_FRAUD391975,CUST001869,2026-02-27,True,True,32,iOS,0,1,0.934
DEV_FRAUD391977,SIM_FRAUD391977,CUST003114,2026-02-01,True,True,58,Android,0,1,0.92
DEV_FRAUD391979,SIM_FRAUD391979,CUST003625,2026-03-10,True,True,21,Android,0,1,0.927
DEV_FRAUD391985,SIM_FRAUD391985,CUST004923,2026-01-30,True,True,60,Android,0,1,0.727
DEV_FRAUD391989,SIM_FRAUD391989,CUST000994,2026-02-07,True,True,52,Android,0,1,0.856
DEV_FRAUD392003,SIM_FRAUD392003,CUST003911,2026-03-03,True,True,28,iOS,0,1,0.907
DEV_FRAUD392006,SIM_FRAUD392006,CUST002107,2026-03-11,True,True,20,Android,0,1,0.722
DEV_FRAUD392008,SIM_FRAUD392008,CUST003044,2026-03-29,True,True,2,iOS,0,1,0.974
DEV_FRAUD392017,SIM_FRAUD392017,CUST002417,2026-03-21,True,True,10,Android,0,1,0.738
DEV_FRAUD392020,SIM_FRAUD392020,CUST000505,2026-03-19,True,True,12,Android,0,1,0.726
DEV_FRAUD392030,SIM_FRAUD392030,CUST000414,2026-02-21,True,True,38,Android,0,1,0.737
DEV_FRAUD392033,SIM_FRAUD392033,CUST004148,2026-03-14,True,True,17,Android,0,1,0.827
DEV_FRAUD392035,SIM_FRAUD392035,CUST001183,2026-03-05,True,True,26,Android,0,1,0.863
DEV_FRAUD392037,SIM_FRAUD392037,CUST000485,2026-02-23,True,True,36,iOS,0,1,0.728
DEV_FRAUD392041,SIM_FRAUD392041,CUST000805,2026-03-06,True,True,25,Android,0,1,0.936
DEV_FRAUD392046,SIM_FRAUD392046,CUST003825,2026-02-15,True,True,44,Android,0,1,0.76
DEV_FRAUD392052,SIM_FRAUD392052,CUST004253,2026-01-24,True,True,66,Android,0,1,0.868
DEV_FRAUD392055,SIM_FRAUD392055,CUST004058,2026-03-25,True,True,6,Android,0,1,0.847
DEV_FRAUD392058,SIM_FRAUD392058,CUST001293,2026-03-05,True,True,26,Android,0,1,0.972
DEV_FRAUD392060,SIM_FRAUD392060,CUST002221,2026-03-17,True,True,14,Android,0,1,0.968
DEV_FRAUD392062,SIM_FRAUD392062,CUST003504,2026-01-29,True,True,61,Android,0,1,0.772
DEV_FRAUD392064,SIM_FRAUD392064,CUST003654,2026-01-13,True,True,77,Android,0,1,0.862
DEV_FRAUD392073,SIM_FRAUD392073,CUST002187,2026-01-24,True,True,66,Android,0,1,0.996
DEV_FRAUD392075,SIM_FRAUD392075,CUST003036,2026-01-22,True,True,68,Android,0,1,0.8
DEV_FRAUD392078,SIM_FRAUD392078,CUST003918,2026-02-28,True,True,31,iOS,0,1,0.722
DEV_FRAUD392083,SIM_FRAUD392083,CUST000290,2026-02-16,True,True,43,Android,0,1,0.915
DEV_FRAUD392090,SIM_FRAUD392090,CUST003245,2026-02-18,True,True,41,Android,0,1,0.851
DEV_FRAUD392093,SIM_FRAUD392093,CUST000350,2026-03-19,True,True,12,Android,0,1,0.982
DEV_FRAUD392099,SIM_FRAUD392099,CUST001961,2026-03-16,True,True,15,Android,0,1,0.873
DEV_FRAUD392101,SIM_FRAUD392101,CUST000422,2026-01-23,True,True,67,iOS,0,1,0.853
DEV_FRAUD392109,SIM_FRAUD392109,CUST000670,2026-01-23,True,True,67,Android,0,1,0.974
DEV_FRAUD392120,SIM_FRAUD392120,CUST000683,2026-02-26,True,True,33,Android,0,1,0.814
DEV_FRAUD392122,SIM_FRAUD392122,CUST004463,2026-02-01,True,True,58,iOS,0,1,0.879
DEV_FRAUD392129,SIM_FRAUD392129,CUST001541,2026-02-13,True,True,46,iOS,0,1,0.954
DEV_FRAUD392134,SIM_FRAUD392134,CUST002232,2026-02-11,True,True,48,iOS,1,1,0.879
DEV_FRAUD392137,SIM_FRAUD392137,CUST004120,2026-01-27,True,True,63,Android,0,1,0.789
DEV_FRAUD392144,SIM_FRAUD392144,CUST001029,2026-03-04,True,True,27,Android,0,1,0.867
DEV_FRAUD392147,SIM_FRAUD392147,CUST004392,2026-02-04,True,True,55,Android,0,1,0.83
DEV_FRAUD392152,SIM_FRAUD392152,CUST004310,2026-02-12,True,True,47,iOS,0,1,0.995
DEV_FRAUD392156,SIM_FRAUD392156,CUST002292,2026-03-28,True,True,3,Android,0,1,0.715
DEV_FRAUD392159,SIM_FRAUD392159,CUST001323,2026-03-16,True,True,15,Android,0,1,0.93
DEV_FRAUD392161,SIM_FRAUD392161,CUST001550,2026-02-20,True,True,39,Android,0,1,0.707
DEV_FRAUD392164,SIM_FRAUD392164,CUST004647,2026-02-19,True,True,40,Android,1,1,0.881
DEV_FRAUD392166,SIM_FRAUD392166,CUST000315,2026-03-25,True,True,6,Android,0,1,0.829
DEV_FRAUD392171,SIM_FRAUD392171,CUST002450,2026-03-08,True,True,23,Android,0,1,0.973
DEV_FRAUD392175,SIM_FRAUD392175,CUST004625,2026-01-11,True,True,79,Android,0,1,0.862
DEV_FRAUD392177,SIM_FRAUD392177,CUST003116,2026-03-19,True,True,12,Android,0,1,0.948
DEV_FRAUD392180,SIM_FRAUD392180,CUST000069,2026-03-02,True,True,29,Android,0,1,0.902
DEV_FRAUD392189,SIM_FRAUD392189,CUST001650,2026-01-12,True,True,78,Android,0,1,0.834
DEV_FRAUD392195,SIM_FRAUD392195,CUST003106,2026-03-16,True,True,15,Android,0,1,0.801
DEV_FRAUD392201,SIM_FRAUD392201,CUST000787,2026-02-12,True,True,47,Android,0,1,0.735
DEV_FRAUD392203,SIM_FRAUD392203,CUST002605,2026-02-25,True,True,34,Android,1,1,0.704
DEV_FRAUD392207,SIM_FRAUD392207,CUST002121,2026-01-26,True,True,64,Android,0,1,0.7
DEV_FRAUD392216,SIM_FRAUD392216,CUST002882,2026-03-18,True,True,13,iOS,0,1,0.768
DEV_FRAUD392218,SIM_FRAUD392218,CUST001175,2026-02-19,True,True,40,Android,0,1,0.868
DEV_FRAUD392220,SIM_FRAUD392220,CUST003197,2026-02-09,True,True,50,Android,0,1,0.993
DEV_FRAUD392227,SIM_FRAUD392227,CUST000410,2026-01-15,True,True,75,Android,0,1,0.912
DEV_FRAUD392229,SIM_FRAUD392229,CUST004212,2026-02-23,True,True,36,Android,0,1,0.721
DEV_FRAUD392234,SIM_FRAUD392234,CUST004995,2026-02-17,True,True,42,Android,0,1,0.894
DEV_FRAUD392236,SIM_FRAUD392236,CUST003429,2026-01-11,True,True,79,Android,0,1,0.846
DEV_FRAUD392243,SIM_FRAUD392243,CUST002836,2026-01-20,True,True,70,Android,0,1,0.891
DEV_FRAUD392248,SIM_FRAUD392248,CUST001235,2026-02-07,True,True,52,Android,1,1,0.887
DEV_FRAUD392251,SIM_FRAUD392251,CUST002146,2026-02-02,True,True,57,Android,0,1,0.743
DEV_FRAUD392256,SIM_FRAUD392256,CUST000599,2026-02-09,True,True,50,Android,0,1,0.976
DEV_FRAUD392258,SIM_FRAUD392258,CUST001434,2026-02-04,True,True,55,Android,0,1,0.866
DEV_FRAUD392263,SIM_FRAUD392263,CUST000538,2026-03-05,True,True,26,Android,0,1,0.91
DEV_FRAUD392270,SIM_FRAUD392270,CUST001872,2026-03-06,True,True,25,Android,0,1,0.816
DEV_FRAUD392277,SIM_FRAUD392277,CUST002907,2026-01-14,True,True,76,Android,0,1,0.737
DEV_FRAUD392281,SIM_FRAUD392281,CUST003912,2026-02-09,True,True,50,Android,1,1,0.907
DEV_FRAUD392287,SIM_FRAUD392287,CUST002890,2026-01-20,True,True,70,Android,0,1,0.983
DEV_FRAUD392289,SIM_FRAUD392289,CUST003673,2026-02-27,True,True,32,Android,0,1,0.874
DEV_FRAUD392292,SIM_FRAUD392292,CUST000080,2026-02-18,True,True,41,Android,0,1,0.76
DEV_FRAUD392295,SIM_FRAUD392295,CUST002561,2026-02-25,True,True,34,Android,1,1,0.887
DEV_FRAUD392298,SIM_FRAUD392298,CUST001723,2026-02-17,True,True,42,Android,0,1,0.829
DEV_FRAUD392303,SIM_FRAUD392303,CUST001654,2026-02-17,True,True,42,iOS,0,1,0.82
DEV_FRAUD392321,SIM_FRAUD392321,CUST004415,2026-01-29,True,True,61,Android,0,1,0.974
DEV_FRAUD392326,SIM_FRAUD392326,CUST004686,2026-01-15,True,True,75,Android,0,1,0.921
DEV_FRAUD392336,SIM_FRAUD392336,CUST003668,2026-02-10,True,True,49,iOS,0,1,0.853
DEV_FRAUD392339,SIM_FRAUD392339,CUST000812,2026-03-24,True,True,7,Android,1,1,0.825
DEV_FRAUD392341,SIM_FRAUD392341,CUST001258,2026-01-13,True,True,77,iOS,1,1,0.773
DEV_FRAUD392344,SIM_FRAUD392344,CUST000889,2026-02-10,True,True,49,Android,1,1,0.803
DEV_FRAUD392347,SIM_FRAUD392347,CUST001451,2026-01-12,True,True,78,Android,0,1,0.862
DEV_FRAUD392353,SIM_FRAUD392353,CUST002559,2026-01-31,True,True,59,Android,1,1,0.715
DEV_FRAUD392361,SIM_FRAUD392361,CUST004811,2026-02-22,True,True,37,Android,0,1,0.807
DEV_FRAUD392363,SIM_FRAUD392363,CUST004679,2026-02-17,True,True,42,Android,0,1,0.848
DEV_FRAUD392367,SIM_FRAUD392367,CUST002672,2026-02-21,True,True,38,Android,0,1,0.882
DEV_FRAUD392370,SIM_FRAUD392370,CUST000561,2026-02-08,True,True,51,Android,1,1,0.923
DEV_FRAUD392375,SIM_FRAUD392375,CUST002948,2026-01-11,True,True,79,Android,2,1,0.704
DEV_FRAUD392379,SIM_FRAUD392379,CUST002758,2026-02-22,True,True,37,Android,0,1,0.788
DEV_FRAUD392382,SIM_FRAUD392382,CUST001756,2026-03-21,True,True,10,Android,0,1,0.778
DEV_FRAUD392384,SIM_FRAUD392384,CUST000724,2026-02-10,True,True,49,Android,0,1,0.856
DEV_FRAUD392386,SIM_FRAUD392386,CUST000219,2026-02-16,True,True,43,Android,0,1,0.84
DEV_FRAUD392389,SIM_FRAUD392389,CUST004139,2026-03-11,True,True,20,iOS,0,1,0.724
DEV_FRAUD392394,SIM_FRAUD392394,CUST001588,2026-01-21,True,True,69,iOS,0,1,0.928
DEV_FRAUD392397,SIM_FRAUD392397,CUST003347,2026-01-20,True,True,70,Android,1,1,0.906
DEV_FRAUD392402,SIM_FRAUD392402,CUST004707,2026-01-27,True,True,63,Android,0,1,0.946
DEV_FRAUD392408,SIM_FRAUD392408,CUST003001,2026-01-19,True,True,71,Android,0,1,0.733
DEV_FRAUD392417,SIM_FRAUD392417,CUST001433,2026-01-22,True,True,68,Android,1,1,0.852
DEV_FRAUD392420,SIM_FRAUD392420,CUST000949,2026-03-01,True,True,30,Android,0,1,0.881
DEV_FRAUD392426,SIM_FRAUD392426,CUST000577,2026-01-29,True,True,61,Android,0,1,0.715
DEV_FRAUD392433,SIM_FRAUD392433,CUST000367,2026-02-22,True,True,37,Android,0,1,0.988
DEV_FRAUD392436,SIM_FRAUD392436,CUST001612,2026-02-07,True,True,52,Android,0,1,0.938
DEV_FRAUD392439,SIM_FRAUD392439,CUST003550,2026-03-23,True,True,8,Android,1,1,0.773
DEV_FRAUD392444,SIM_FRAUD392444,CUST003779,2026-02-06,True,True,53,Android,0,1,0.889
DEV_FRAUD392446,SIM_FRAUD392446,CUST000135,2026-01-26,True,True,64,Android,0,1,0.743
DEV_FRAUD392451,SIM_FRAUD392451,CUST001437,2026-03-28,True,True,3,Android,0,1,0.962
DEV_FRAUD392453,SIM_FRAUD392453,CUST000047,2026-02-19,True,True,40,Android,0,1,0.73
DEV_FRAUD392455,SIM_FRAUD392455,CUST001360,2026-02-09,True,True,50,Android,0,1,0.971
DEV_FRAUD392458,SIM_FRAUD392458,CUST000734,2026-02-08,True,True,51,Android,0,1,0.948
DEV_FRAUD392461,SIM_FRAUD392461,CUST001534,2026-02-16,True,True,43,Android,0,1,0.843
DEV_FRAUD392468,SIM_FRAUD392468,CUST002519,2026-01-30,True,True,60,Android,0,1,0.896
DEV_FRAUD392481,SIM_FRAUD392481,CUST002405,2026-03-22,True,True,9,Android,0,1,0.774
DEV_FRAUD392484,SIM_FRAUD392484,CUST000095,2026-02-07,True,True,52,Android,0,1,0.815
DEV_FRAUD392487,SIM_FRAUD392487,CUST000478,2026-01-30,True,True,60,Android,0,1,0.765
DEV_FRAUD392502,SIM_FRAUD392502,CUST002170,2026-03-18,True,True,13,Android,0,1,0.858
DEV_FRAUD392507,SIM_FRAUD392507,CUST004254,2026-02-02,True,True,57,Android,0,1,0.796
DEV_FRAUD392521,SIM_FRAUD392521,CUST001149,2026-02-21,True,True,38,Android,0,1,0.805
DEV_FRAUD392526,SIM_FRAUD392526,CUST000291,2026-01-28,True,True,62,Android,0,1,0.833
DEV_FRAUD392531,SIM_FRAUD392531,CUST003586,2026-03-28,True,True,3,Android,0,1,0.962
DEV_FRAUD392536,SIM_FRAUD392536,CUST003607,2026-03-16,True,True,15,Android,0,1,0.865
DEV_FRAUD392544,SIM_FRAUD392544,CUST001983,2026-03-15,True,True,16,Android,1,1,0.942
DEV_FRAUD392551,SIM_FRAUD392551,CUST004534,2026-01-14,True,True,76,Android,1,1,0.955
DEV_FRAUD392553,SIM_FRAUD392553,CUST004172,2026-01-14,True,True,76,Android,0,1,0.774
DEV_FRAUD392556,SIM_FRAUD392556,CUST003360,2026-02-01,True,True,58,Android,0,1,0.933
DEV_FRAUD392562,SIM_FRAUD392562,CUST003626,2026-02-08,True,True,51,Android,0,1,0.895
DEV_FRAUD392567,SIM_FRAUD392567,CUST003256,2026-02-17,True,True,42,iOS,0,1,0.852
DEV_FRAUD392569,SIM_FRAUD392569,CUST002298,2026-03-25,True,True,6,Android,0,1,0.727
DEV_FRAUD392571,SIM_FRAUD392571,CUST003988,2026-03-13,True,True,18,Android,0,1,0.872
DEV_FRAUD392580,SIM_FRAUD392580,CUST001391,2026-01-23,True,True,67,Android,1,1,0.747
DEV_FRAUD392583,SIM_FRAUD392583,CUST004525,2026-02-23,True,True,36,Android,0,1,0.945
DEV_FRAUD392586,SIM_FRAUD392586,CUST004920,2026-02-06,True,True,53,Android,0,1,0.98
DEV_FRAUD392591,SIM_FRAUD392591,CUST003240,2026-03-12,True,True,19,Android,0,1,0.843
DEV_FRAUD392593,SIM_FRAUD392593,CUST004281,2026-03-29,True,True,2,Android,0,1,0.832
DEV_FRAUD392598,SIM_FRAUD392598,CUST003220,2026-03-14,True,True,17,Android,0,1,0.847
DEV_FRAUD392603,SIM_FRAUD392603,CUST001174,2026-02-25,True,True,34,Android,0,1,0.72
DEV_FRAUD392606,SIM_FRAUD392606,CUST004862,2026-01-25,True,True,65,Android,0,1,0.771
DEV_FRAUD392617,SIM_FRAUD392617,CUST004885,2026-01-15,True,True,75,Android,0,1,0.982
DEV_FRAUD392625,SIM_FRAUD392625,CUST002416,2026-01-29,True,True,61,Android,0,1,0.804
DEV_FRAUD392630,SIM_FRAUD392630,CUST004880,2026-03-24,True,True,7,Android,0,1,0.877
DEV_FRAUD392638,SIM_FRAUD392638,CUST003250,2026-03-03,True,True,28,Android,0,1,0.895
DEV_FRAUD392644,SIM_FRAUD392644,CUST001095,2026-03-22,True,True,9,iOS,0,1,0.963
DEV_FRAUD392646,SIM_FRAUD392646,CUST004545,2026-03-03,True,True,28,Android,0,1,0.771
DEV_FRAUD392648,SIM_FRAUD392648,CUST001212,2026-03-15,True,True,16,Android,0,1,0.967
DEV_FRAUD392650,SIM_FRAUD392650,CUST003921,2026-02-10,True,True,49,Android,0,1,0.817
DEV_FRAUD392653,SIM_FRAUD392653,CUST001425,2026-01-14,True,True,76,iOS,1,1,0.977
DEV_FRAUD392655,SIM_FRAUD392655,CUST003066,2026-02-27,True,True,32,Android,0,1,0.823
DEV_FRAUD392663,SIM_FRAUD392663,CUST000807,2026-02-10,True,True,49,Android,0,1,0.731
DEV_FRAUD392669,SIM_FRAUD392669,CUST003750,2026-02-01,True,True,58,Android,0,1,0.716
DEV_FRAUD392673,SIM_FRAUD392673,CUST002317,2026-02-21,True,True,38,Android,1,1,0.99
DEV_FRAUD392677,SIM_FRAUD392677,CUST004741,2026-01-28,True,True,62,Android,0,1,0.736
DEV_FRAUD392680,SIM_FRAUD392680,CUST001025,2026-02-11,True,True,48,Android,0,1,0.862
DEV_FRAUD392683,SIM_FRAUD392683,CUST003109,2026-01-20,True,True,70,Android,0,1,0.858
DEV_FRAUD392686,SIM_FRAUD392686,CUST002110,2026-01-29,True,True,61,Android,0,1,0.82
DEV_FRAUD392692,SIM_FRAUD392692,CUST001876,2026-03-01,True,True,30,Android,0,1,0.825
DEV_FRAUD392695,SIM_FRAUD392695,CUST000881,2026-03-07,True,True,24,Android,0,1,0.843
DEV_FRAUD392698,SIM_FRAUD392698,CUST004299,2026-03-19,True,True,12,Android,0,1,0.73
DEV_FRAUD392702,SIM_FRAUD392702,CUST004587,2026-02-03,True,True,56,Android,0,1,0.937
DEV_FRAUD392705,SIM_FRAUD392705,CUST004510,2026-02-01,True,True,58,Android,0,1,0.813
DEV_FRAUD392708,SIM_FRAUD392708,CUST003670,2026-02-28,True,True,31,Android,1,1,0.773
DEV_FRAUD392717,SIM_FRAUD392717,CUST004968,2026-02-03,True,True,56,Android,0,1,0.795
DEV_FRAUD392720,SIM_FRAUD392720,CUST000233,2026-02-18,True,True,41,Android,0,1,0.884
DEV_FRAUD392723,SIM_FRAUD392723,CUST004566,2026-02-10,True,True,49,Android,0,1,0.933
DEV_FRAUD392735,SIM_FRAUD392735,CUST001456,2026-02-08,True,True,51,Android,0,1,0.746
DEV_FRAUD392738,SIM_FRAUD392738,CUST000746,2026-03-02,True,True,29,iOS,2,1,0.878
DEV_FRAUD392742,SIM_FRAUD392742,CUST001200,2026-02-15,True,True,44,iOS,0,1,0.827
DEV_FRAUD392752,SIM_FRAUD392752,CUST003226,2026-03-01,True,True,30,Android,0,1,0.959
DEV_FRAUD392763,SIM_FRAUD392763,CUST001412,2026-03-13,True,True,18,Android,0,1,0.985
DEV_FRAUD392771,SIM_FRAUD392771,CUST001340,2026-03-20,True,True,11,Android,0,1,0.904
DEV_FRAUD392776,SIM_FRAUD392776,CUST000238,2026-02-20,True,True,39,Android,0,1,0.877
DEV_FRAUD392779,SIM_FRAUD392779,CUST003400,2026-02-26,True,True,33,Android,0,1,0.934
DEV_FRAUD392781,SIM_FRAUD392781,CUST002067,2026-02-15,True,True,44,Android,0,1,0.849
DEV_FRAUD392786,SIM_FRAUD392786,CUST001094,2026-01-31,True,True,59,Android,1,1,0.717
DEV_FRAUD392790,SIM_FRAUD392790,CUST004760,2026-01-13,True,True,77,iOS,0,1,0.91
DEV_FRAUD392799,SIM_FRAUD392799,CUST003103,2026-02-04,True,True,55,iOS,0,1,0.874
DEV_FRAUD392801,SIM_FRAUD392801,CUST002749,2026-01-22,True,True,68,Android,1,1,0.745
DEV_FRAUD392808,SIM_FRAUD392808,CUST003708,2026-01-23,True,True,67,iOS,0,1,0.764
DEV_FRAUD392816,SIM_FRAUD392816,CUST000803,2026-02-19,True,True,40,Android,0,1,0.769
DEV_FRAUD392818,SIM_FRAUD392818,CUST004190,2026-03-12,True,True,19,Android,0,1,0.92
DEV_FRAUD392821,SIM_FRAUD392821,CUST003705,2026-02-11,True,True,48,Android,0,1,0.856
DEV_FRAUD392823,SIM_FRAUD392823,CUST000751,2026-03-12,True,True,19,Android,0,1,0.714
DEV_FRAUD392825,SIM_FRAUD392825,CUST004644,2026-01-13,True,True,77,Android,0,1,0.951
DEV_FRAUD392828,SIM_FRAUD392828,CUST002531,2026-02-28,True,True,31,Android,0,1,0.893
DEV_FRAUD392830,SIM_FRAUD392830,CUST000621,2026-03-17,True,True,14,Android,0,1,0.92
DEV_FRAUD392833,SIM_FRAUD392833,CUST002297,2026-03-27,True,True,4,iOS,0,1,0.981
DEV_FRAUD392837,SIM_FRAUD392837,CUST000566,2026-03-16,True,True,15,Android,0,1,0.778
DEV_FRAUD392840,SIM_FRAUD392840,CUST001135,2026-01-26,True,True,64,Android,0,1,0.877
DEV_FRAUD392843,SIM_FRAUD392843,CUST001204,2026-02-02,True,True,57,Android,0,1,0.928
DEV_FRAUD392846,SIM_FRAUD392846,CUST001047,2026-02-16,True,True,43,Android,0,1,0.854
DEV_FRAUD392849,SIM_FRAUD392849,CUST000051,2026-02-22,True,True,37,Android,0,1,0.846
DEV_FRAUD392851,SIM_FRAUD392851,CUST003651,2026-02-19,True,True,40,Android,0,1,0.979
DEV_FRAUD392853,SIM_FRAUD392853,CUST001044,2026-03-21,True,True,10,Android,0,1,0.773
DEV_FRAUD392856,SIM_FRAUD392856,CUST002181,2026-01-20,True,True,70,iOS,0,1,0.896
DEV_FRAUD392860,SIM_FRAUD392860,CUST000534,2026-02-17,True,True,42,Android,0,1,0.991
DEV_FRAUD392863,SIM_FRAUD392863,CUST003184,2026-02-25,True,True,34,Android,0,1,0.766
DEV_FRAUD392866,SIM_FRAUD392866,CUST003857,2026-01-30,True,True,60,iOS,1,1,0.839
DEV_FRAUD392875,SIM_FRAUD392875,CUST000195,2026-01-29,True,True,61,Android,0,1,0.993
DEV_FRAUD392892,SIM_FRAUD392892,CUST001432,2026-03-21,True,True,10,Android,0,1,0.711
DEV_FRAUD392894,SIM_FRAUD392894,CUST004200,2026-02-25,True,True,34,Android,0,1,0.889
DEV_FRAUD392899,SIM_FRAUD392899,CUST002922,2026-01-30,True,True,60,Android,0,1,0.821
DEV_FRAUD392903,SIM_FRAUD392903,CUST001049,2026-02-23,True,True,36,Android,0,1,0.931
DEV_FRAUD392911,SIM_FRAUD392911,CUST004403,2026-03-22,True,True,9,iOS,0,1,0.797
DEV_FRAUD392923,SIM_FRAUD392923,CUST004888,2026-02-01,True,True,58,Android,0,1,0.812
DEV_FRAUD392927,SIM_FRAUD392927,CUST004691,2026-02-03,True,True,56,Android,0,1,0.855
DEV_FRAUD392929,SIM_FRAUD392929,CUST000134,2026-02-28,True,True,31,iOS,0,1,0.804
DEV_FRAUD392937,SIM_FRAUD392937,CUST002463,2026-03-27,True,True,4,Android,0,1,0.778
DEV_FRAUD392942,SIM_FRAUD392942,CUST001392,2026-01-27,True,True,63,Android,0,1,0.807
DEV_FRAUD392954,SIM_FRAUD392954,CUST003137,2026-03-03,True,True,28,iOS,0,1,0.972
DEV_FRAUD392959,SIM_FRAUD392959,CUST004773,2026-03-04,True,True,27,iOS,0,1,0.803
DEV_FRAUD392962,SIM_FRAUD392962,CUST004861,2026-03-16,True,True,15,iOS,0,1,0.97
DEV_FRAUD392964,SIM_FRAUD392964,CUST002117,2026-02-24,True,True,35,Android,0,1,0.762
DEV_FRAUD392966,SIM_FRAUD392966,CUST000251,2026-02-13,True,True,46,Android,0,1,0.902
DEV_FRAUD392969,SIM_FRAUD392969,CUST003526,2026-03-20,True,True,11,Android,0,1,0.923
DEV_FRAUD392971,SIM_FRAUD392971,CUST003559,2026-02-22,True,True,37,Android,0,1,0.733
DEV_FRAUD392978,SIM_FRAUD392978,CUST000122,2026-03-01,True,True,30,Android,0,1,0.863
DEV_FRAUD392980,SIM_FRAUD392980,CUST004259,2026-03-27,True,True,4,Android,0,1,0.704
DEV_FRAUD392984,SIM_FRAUD392984,CUST001871,2026-03-08,True,True,23,iOS,0,1,0.978
DEV_FRAUD392986,SIM_FRAUD392986,CUST003692,2026-02-01,True,True,58,Android,0,1,0.857
DEV_FRAUD392990,SIM_FRAUD392990,CUST001371,2026-01-21,True,True,69,Android,0,1,0.711
DEV_FRAUD392993,SIM_FRAUD392993,CUST003185,2026-03-23,True,True,8,Android,0,1,0.905
DEV_FRAUD392997,SIM_FRAUD392997,CUST001056,2026-02-10,True,True,49,Android,0,1,0.966
DEV_FRAUD393004,SIM_FRAUD393004,CUST002860,2026-03-28,True,True,3,Android,2,1,0.921
DEV_SIMFRAUD393006,SIM_SWAP393006,CUST004851,2026-01-29,True,True,61,Android,0,1,0.74
DEV_SIMFRAUD393007,SIM_SWAP393007,CUST003471,2026-03-07,True,True,24,Android,0,1,0.862
DEV_SIMFRAUD393008,SIM_SWAP393008,CUST004276,2026-02-28,True,True,31,Android,0,1,0.92
DEV_SIMFRAUD393009,SIM_SWAP393009,CUST003529,2026-03-25,True,True,6,Android,0,1,0.94
DEV_SIMFRAUD393010,SIM_SWAP393010,CUST001307,2026-02-22,True,True,37,Android,0,1,0.705
DEV_SIMFRAUD393011,SIM_SWAP393011,CUST004060,2026-02-01,True,True,58,Android,0,1,0.785
DEV_SIMFRAUD393012,SIM_SWAP393012,CUST002759,2026-03-01,True,True,30,Android,0,1,0.965
DEV_SIMFRAUD393013,SIM_SWAP393013,CUST002802,2026-01-25,True,True,65,Android,0,1,0.778
DEV_SIMFRAUD393014,SIM_SWAP393014,CUST001079,2026-02-21,True,True,38,Android,0,1,0.842
DEV_SIMFRAUD393015,SIM_SWAP393015,CUST002980,2026-01-29,True,True,61,Android,0,1,0.909
DEV_SIMFRAUD393018,SIM_SWAP393018,CUST004234,2026-02-28,True,True,31,Android,0,1,0.996
DEV_SIMFRAUD393019,SIM_SWAP393019,CUST004621,2026-02-06,True,True,53,Android,1,1,0.828
DEV_SIMFRAUD393023,SIM_SWAP393023,CUST003203,2026-01-10,True,True,80,Android,0,1,0.851
DEV_SIMFRAUD393024,SIM_SWAP393024,CUST002407,2026-01-26,True,True,64,Android,1,1,0.868
DEV_SIMFRAUD393026,SIM_SWAP393026,CUST002961,2026-02-17,True,True,42,Android,0,1,0.77
DEV_SIMFRAUD393027,SIM_SWAP393027,CUST000244,2026-03-26,True,True,5,Android,0,1,0.811
DEV_SIMFRAUD393028,SIM_SWAP393028,CUST003944,2026-02-02,True,True,57,Android,0,1,0.83
DEV_SIMFRAUD393029,SIM_SWAP393029,CUST001660,2026-03-07,True,True,24,Android,0,1,0.706
DEV_SIMFRAUD393030,SIM_SWAP393030,CUST004568,2026-03-17,True,True,14,Android,0,1,0.702
DEV_SIMFRAUD393033,SIM_SWAP393033,CUST001546,2026-03-09,True,True,22,Android,0,1,0.767
DEV_SIMFRAUD393034,SIM_SWAP393034,CUST003145,2026-01-24,True,True,66,iOS,1,1,0.854
DEV_SIMFRAUD393036,SIM_SWAP393036,CUST003312,2026-02-24,True,True,35,Android,0,1,0.987
DEV_SIMFRAUD393037,SIM_SWAP393037,CUST002963,2026-01-27,True,True,63,Android,0,1,0.992
DEV_SIMFRAUD393038,SIM_SWAP393038,CUST004610,2026-03-10,True,True,21,Android,0,1,0.894
DEV_SIMFRAUD393039,SIM_SWAP393039,CUST002079,2026-03-21,True,True,10,iOS,0,1,0.948
DEV_SIMFRAUD393040,SIM_SWAP393040,CUST000256,2026-01-28,True,True,62,Android,1,1,0.97
DEV_SIMFRAUD393041,SIM_SWAP393041,CUST000856,2026-02-08,True,True,51,Android,0,1,0.952
DEV_SIMFRAUD393042,SIM_SWAP393042,CUST001420,2026-02-26,True,True,33,Android,0,1,0.863
DEV_SIMFRAUD393043,SIM_SWAP393043,CUST003953,2026-02-11,True,True,48,Android,0,1,0.911
DEV_SIMFRAUD393044,SIM_SWAP393044,CUST000662,2026-01-18,True,True,72,Android,0,1,0.701
DEV_SIMFRAUD393046,SIM_SWAP393046,CUST002827,2026-03-27,True,True,4,iOS,0,1,0.894
DEV_SIMFRAUD393047,SIM_SWAP393047,CUST001920,2026-01-08,True,True,82,Android,0,1,0.828
DEV_SIMFRAUD393048,SIM_SWAP393048,CUST001984,2026-02-19,True,True,40,Android,0,1,0.893
DEV_SIMFRAUD393049,SIM_SWAP393049,CUST003637,2026-02-13,True,True,46,Android,0,1,0.908
DEV_SIMFRAUD393051,SIM_SWAP393051,CUST004302,2026-03-18,True,True,13,Android,0,1,0.729
DEV_SIMFRAUD393052,SIM_SWAP393052,CUST000146,2026-03-11,True,True,20,Android,1,1,0.962
DEV_SIMFRAUD393053,SIM_SWAP393053,CUST001527,2026-03-07,True,True,24,Android,0,1,0.753
DEV_SIMFRAUD393054,SIM_SWAP393054,CUST001486,2026-01-30,True,True,60,Android,0,1,0.703
DEV_SIMFRAUD393056,SIM_SWAP393056,CUST003673,2026-03-29,True,True,2,Android,0,1,0.829
DEV_SIMFRAUD393057,SIM_SWAP393057,CUST004991,2026-03-06,True,True,25,Android,0,1,0.727
DEV_SIMFRAUD393061,SIM_SWAP393061,CUST001508,2026-03-28,True,True,3,iOS,0,1,0.987
DEV_SIMFRAUD393062,SIM_SWAP393062,CUST004957,2026-02-15,True,True,44,iOS,2,1,0.785
DEV_SIMFRAUD393063,SIM_SWAP393063,CUST004882,2026-01-20,True,True,70,Android,0,1,0.767
DEV_SIMFRAUD393064,SIM_SWAP393064,CUST000802,2026-02-21,True,True,38,Android,0,1,0.779
DEV_SIMFRAUD393066,SIM_SWAP393066,CUST004611,2026-02-01,True,True,58,Android,0,1,0.785
DEV_SIMFRAUD393068,SIM_SWAP393068,CUST003088,2026-01-29,True,True,61,Android,0,1,0.719
DEV_SIMFRAUD393070,SIM_SWAP393070,CUST003306,2026-02-22,True,True,37,Android,0,1,0.862
DEV_SIMFRAUD393071,SIM_SWAP393071,CUST002798,2026-03-28,True,True,3,Android,0,1,0.705
DEV_SIMFRAUD393072,SIM_SWAP393072,CUST003708,2026-03-12,True,True,19,Android,1,1,0.924
DEV_SIMFRAUD393073,SIM_SWAP393073,CUST004825,2026-02-07,True,True,52,iOS,0,1,0.93
DEV_SIMFRAUD393074,SIM_SWAP393074,CUST001799,2026-02-17,True,True,42,Android,0,1,0.82
DEV_SIMFRAUD393075,SIM_SWAP393075,CUST002861,2026-01-21,True,True,69,Android,1,1,0.991
DEV_SIMFRAUD393076,SIM_SWAP393076,CUST004711,2026-02-13,True,True,46,iOS,2,1,0.935
DEV_SIMFRAUD393077,SIM_SWAP393077,CUST002700,2026-01-13,True,True,77,iOS,0,1,0.737
DEV_SIMFRAUD393078,SIM_SWAP393078,CUST000872,2026-02-19,True,True,40,Android,0,1,0.994
DEV_SIMFRAUD393079,SIM_SWAP393079,CUST000431,2026-02-18,True,True,41,Android,2,1,0.954
DEV_SIMFRAUD393081,SIM_SWAP393081,CUST000497,2026-01-09,True,True,81,Android,0,1,0.911
DEV_SIMFRAUD393083,SIM_SWAP393083,CUST003184,2026-02-10,True,True,49,Android,0,1,0.896
DEV_SIMFRAUD393084,SIM_SWAP393084,CUST004163,2026-02-02,True,True,57,Android,1,1,0.881
DEV_SIMFRAUD393085,SIM_SWAP393085,CUST002026,2026-02-18,True,True,41,Android,0,1,0.997
DEV_SIMFRAUD393086,SIM_SWAP393086,CUST003228,2026-02-02,True,True,57,iOS,0,1,0.844
DEV_SIMFRAUD393087,SIM_SWAP393087,CUST000811,2026-01-30,True,True,60,Android,0,1,0.75
DEV_SIMFRAUD393088,SIM_SWAP393088,CUST002872,2026-03-22,True,True,9,Android,1,1,0.788
DEV_SIMFRAUD393089,SIM_SWAP393089,CUST001185,2026-01-06,True,True,84,Android,0,1,0.813
DEV_SIMFRAUD393090,SIM_SWAP393090,CUST001191,2026-03-18,True,True,13,Android,0,1,0.795
DEV_SIMFRAUD393092,SIM_SWAP393092,CUST004062,2026-01-31,True,True,59,Android,1,1,0.709
DEV_SIMFRAUD393093,SIM_SWAP393093,CUST003842,2026-01-27,True,True,63,Android,0,1,0.722
DEV_SIMFRAUD393094,SIM_SWAP393094,CUST001189,2026-01-25,True,True,65,Android,0,1,0.701
DEV_SIMFRAUD393095,SIM_SWAP393095,CUST000153,2026-01-16,True,True,74,Android,0,1,0.904
DEV_SIMFRAUD393096,SIM_SWAP393096,CUST004316,2026-02-03,True,True,56,Android,1,1,0.899
DEV_SIMFRAUD393097,SIM_SWAP393097,CUST004758,2026-01-19,True,True,71,Android,0,1,0.72
DEV_SIMFRAUD393099,SIM_SWAP393099,CUST003333,2026-03-03,True,True,28,Android,0,1,0.795
DEV_SIMFRAUD393102,SIM_SWAP393102,CUST004338,2026-01-13,True,True,77,Android,0,1,0.785
DEV_SIMFRAUD393103,SIM_SWAP393103,CUST002067,2026-01-10,True,True,80,Android,1,1,0.836
DEV_SIMFRAUD393105,SIM_SWAP393105,CUST004807,2026-03-15,True,True,16,Android,0,1,0.808
DEV_SIMFRAUD393106,SIM_SWAP393106,CUST004368,2026-03-05,True,True,26,iOS,1,1,0.946
DEV_SIMFRAUD393109,SIM_SWAP393109,CUST001058,2026-01-13,True,True,77,Android,0,1,0.965
DEV_SIMFRAUD393110,SIM_SWAP393110,CUST003273,2026-02-07,True,True,52,Android,0,1,0.762
DEV_SIMFRAUD393112,SIM_SWAP393112,CUST001366,2026-03-06,True,True,25,Android,0,1,0.736
DEV_SIMFRAUD393114,SIM_SWAP393114,CUST002831,2026-02-12,True,True,47,Android,0,1,0.952
DEV_SIMFRAUD393115,SIM_SWAP393115,CUST003334,2026-02-13,True,True,46,Android,0,1,0.85
DEV_SIMFRAUD393116,SIM_SWAP393116,CUST003850,2026-02-09,True,True,50,Android,0,1,0.797
DEV_SIMFRAUD393117,SIM_SWAP393117,CUST004518,2026-01-14,True,True,76,Android,0,1,0.715
DEV_SIMFRAUD393118,SIM_SWAP393118,CUST001787,2026-01-10,True,True,80,iOS,0,1,0.882
DEV_SIMFRAUD393119,SIM_SWAP393119,CUST003467,2026-02-26,True,True,33,iOS,0,1,0.762
DEV_SIMFRAUD393120,SIM_SWAP393120,CUST003200,2026-01-28,True,True,62,Android,1,1,0.711
DEV_SIMFRAUD393121,SIM_SWAP393121,CUST003885,2026-03-27,True,True,4,Android,0,1,0.833
DEV_SIMFRAUD393124,SIM_SWAP393124,CUST002065,2026-01-08,True,True,82,iOS,0,1,0.879
DEV_SIMFRAUD393126,SIM_SWAP393126,CUST000675,2026-03-27,True,True,4,Android,0,1,0.751
DEV_SIMFRAUD393128,SIM_SWAP393128,CUST001087,2026-01-28,True,True,62,Android,0,1,0.895
DEV_SIMFRAUD393131,SIM_SWAP393131,CUST001284,2026-02-04,True,True,55,Android,0,1,0.757
DEV_SIMFRAUD393132,SIM_SWAP393132,CUST000649,2026-02-10,True,True,49,Android,0,1,0.706
DEV_SIMFRAUD393134,SIM_SWAP393134,CUST004763,2026-01-06,True,True,84,Android,0,1,0.745
DEV_SIMFRAUD393135,SIM_SWAP393135,CUST003652,2026-01-21,True,True,69,iOS,1,1,0.876
DEV_SIMFRAUD393136,SIM_SWAP393136,CUST002849,2026-01-26,True,True,64,Android,0,1,0.891
DEV_SIMFRAUD393137,SIM_SWAP393137,CUST000444,2026-01-17,True,True,73,Android,0,1,0.959
DEV_SIMFRAUD393138,SIM_SWAP393138,CUST003785,2026-03-07,True,True,24,Android,0,1,0.719
DEV_SIMFRAUD393139,SIM_SWAP393139,CUST001644,2026-03-14,True,True,17,Android,0,1,0.986
DEV_SIMFRAUD393140,SIM_SWAP393140,CUST001326,2026-01-30,True,True,60,Android,0,1,0.857
DEV_SIMFRAUD393141,SIM_SWAP393141,CUST002378,2026-03-11,True,True,20,Android,0,1,0.774
DEV_SIMFRAUD393142,SIM_SWAP393142,CUST002560,2026-02-28,True,True,31,Android,0,1,0.81
DEV_SIMFRAUD393145,SIM_SWAP393145,CUST000963,2026-03-26,True,True,5,Android,0,1,0.717
DEV_SIMFRAUD393146,SIM_SWAP393146,CUST004141,2026-02-09,True,True,50,Android,0,1,0.733
DEV_SIMFRAUD393149,SIM_SWAP393149,CUST002581,2026-02-18,True,True,41,iOS,0,1,0.965
DEV_SIMFRAUD393150,SIM_SWAP393150,CUST000714,2026-03-20,True,True,11,Android,0,1,0.732
DEV_SIMFRAUD393151,SIM_SWAP393151,CUST001816,2026-02-04,True,True,55,Android,0,1,0.717
DEV_SIMFRAUD393152,SIM_SWAP393152,CUST002223,2026-02-18,True,True,41,Android,0,1,0.879
DEV_SIMFRAUD393153,SIM_SWAP393153,CUST004218,2026-01-13,True,True,77,Android,1,1,0.815
DEV_SIMFRAUD393154,SIM_SWAP393154,CUST000813,2026-02-09,True,True,50,Android,0,1,0.822
DEV_SIMFRAUD393156,SIM_SWAP393156,CUST000396,2026-03-05,True,True,26,Android,0,1,0.736
DEV_SIMFRAUD393157,SIM_SWAP393157,CUST002501,2026-01-31,True,True,59,Android,0,1,0.713
DEV_SIMFRAUD393158,SIM_SWAP393158,CUST004356,2026-03-26,True,True,5,Android,0,1,0.96
DEV_SIMFRAUD393159,SIM_SWAP393159,CUST001243,2026-02-23,True,True,36,Android,0,1,0.817
DEV_SIMFRAUD393160,SIM_SWAP393160,CUST002749,2026-01-25,True,True,65,Android,0,1,0.733
DEV_SIMFRAUD393162,SIM_SWAP393162,CUST001096,2026-03-29,True,True,2,Android,0,1,0.76
DEV_SIMFRAUD393163,SIM_SWAP393163,CUST003230,2026-03-26,True,True,5,Android,0,1,0.731
DEV_SIMFRAUD393164,SIM_SWAP393164,CUST002439,2026-01-22,True,True,68,Android,0,1,0.843
DEV_SIMFRAUD393165,SIM_SWAP393165,CUST001763,2026-03-24,True,True,7,iOS,0,1,0.941
DEV_SIMFRAUD393166,SIM_SWAP393166,CUST001749,2026-01-29,True,True,61,Android,0,1,0.818
DEV_SIMFRAUD393167,SIM_SWAP393167,CUST003432,2026-01-16,True,True,74,Android,0,1,0.886
DEV_SIMFRAUD393169,SIM_SWAP393169,CUST000899,2026-02-23,True,True,36,Android,0,1,0.903
DEV_SIMFRAUD393171,SIM_SWAP393171,CUST000938,2026-02-14,True,True,45,Android,0,1,0.914
DEV_SIMFRAUD393172,SIM_SWAP393172,CUST002685,2026-03-01,True,True,30,Android,0,1,0.882
DEV_SIMFRAUD393174,SIM_SWAP393174,CUST004315,2026-03-18,True,True,13,Android,1,1,0.866
DEV_SIMFRAUD393175,SIM_SWAP393175,CUST001774,2026-01-25,True,True,65,Android,0,1,0.844
DEV_SIMFRAUD393176,SIM_SWAP393176,CUST003187,2026-03-23,True,True,8,Android,0,1,0.842
DEV_SIMFRAUD393179,SIM_SWAP393179,CUST002654,2026-01-23,True,True,67,Android,0,1,0.8
DEV_SIMFRAUD393180,SIM_SWAP393180,CUST004159,2026-03-29,True,True,2,Android,0,1,0.851
DEV_SIMFRAUD393181,SIM_SWAP393181,CUST002383,2026-03-24,True,True,7,Android,1,1,0.844
DEV_SIMFRAUD393183,SIM_SWAP393183,CUST002533,2026-03-29,True,True,2,Android,0,1,0.796
DEV_SIMFRAUD393184,SIM_SWAP393184,CUST002765,2026-02-03,True,True,56,Android,1,1,0.79
DEV_SIMFRAUD393187,SIM_SWAP393187,CUST002816,2026-03-25,True,True,6,iOS,0,1,0.834
DEV_SIMFRAUD393188,SIM_SWAP393188,CUST003954,2026-02-15,True,True,44,Android,0,1,0.941
DEV_SIMFRAUD393190,SIM_SWAP393190,CUST000594,2026-03-07,True,True,24,Android,0,1,0.774
DEV_SIMFRAUD393192,SIM_SWAP393192,CUST000750,2026-03-08,True,True,23,Android,0,1,0.954
DEV_SIMFRAUD393193,SIM_SWAP393193,CUST000615,2026-03-09,True,True,22,Android,1,1,0.917
DEV_SIMFRAUD393194,SIM_SWAP393194,CUST001559,2026-02-22,True,True,37,Android,0,1,0.779
DEV_SIMFRAUD393195,SIM_SWAP393195,CUST000974,2026-03-11,True,True,20,Android,0,1,0.704
DEV_SIMFRAUD393197,SIM_SWAP393197,CUST003384,2026-01-08,True,True,82,Android,1,1,0.723
DEV_SIMFRAUD393199,SIM_SWAP393199,CUST000573,2026-03-03,True,True,28,Android,0,1,0.965
DEV_SIMFRAUD393201,SIM_SWAP393201,CUST004169,2026-01-10,True,True,80,Android,0,1,0.942
DEV_SIMFRAUD393203,SIM_SWAP393203,CUST002810,2026-01-21,True,True,69,Android,0,1,0.814
DEV_SIMFRAUD393204,SIM_SWAP393204,CUST003289,2026-02-06,True,True,53,Android,0,1,0.719
DEV_SIMFRAUD393205,SIM_SWAP393205,CUST001412,2026-01-14,True,True,76,Android,0,1,0.943
DEV_SIMFRAUD393206,SIM_SWAP393206,CUST000413,2026-02-22,True,True,37,Android,0,1,0.777
DEV_SIMFRAUD393207,SIM_SWAP393207,CUST002179,2026-02-23,True,True,36,Android,0,1,0.986
DEV_SIMFRAUD393208,SIM_SWAP393208,CUST003063,2026-03-09,True,True,22,Android,0,1,0.857
DEV_SIMFRAUD393209,SIM_SWAP393209,CUST000128,2026-03-08,True,True,23,Android,0,1,0.915
DEV_SIMFRAUD393210,SIM_SWAP393210,CUST004411,2026-02-07,True,True,52,Android,0,1,0.839
DEV_SIMFRAUD393211,SIM_SWAP393211,CUST003681,2026-03-13,True,True,18,Android,0,1,0.708
DEV_SIMFRAUD393212,SIM_SWAP393212,CUST003199,2026-02-16,True,True,43,Android,1,1,0.719
DEV_SIMFRAUD393213,SIM_SWAP393213,CUST001383,2026-01-13,True,True,77,iOS,0,1,0.993
DEV_SIMFRAUD393214,SIM_SWAP393214,CUST000073,2026-02-23,True,True,36,iOS,0,1,0.824
DEV_SIMFRAUD393215,SIM_SWAP393215,CUST004028,2026-02-24,True,True,35,Android,1,1,0.755
DEV_SIMFRAUD393216,SIM_SWAP393216,CUST004940,2026-02-02,True,True,57,iOS,2,1,0.916
DEV_SIMFRAUD393217,SIM_SWAP393217,CUST000306,2026-03-06,True,True,25,Android,0,1,0.965
DEV_SIMFRAUD393218,SIM_SWAP393218,CUST000569,2026-03-10,True,True,21,Android,0,1,0.78
DEV_SIMFRAUD393219,SIM_SWAP393219,CUST004564,2026-02-02,True,True,57,Android,0,1,0.871
DEV_SIMFRAUD393220,SIM_SWAP393220,CUST003695,2026-01-11,True,True,79,Android,0,1,0.774
DEV_SIMFRAUD393221,SIM_SWAP393221,CUST000893,2026-02-26,True,True,33,Android,1,1,0.947
DEV_SIMFRAUD393222,SIM_SWAP393222,CUST001450,2026-01-13,True,True,77,Android,0,1,0.726
DEV_SIMFRAUD393223,SIM_SWAP393223,CUST003074,2026-02-19,True,True,40,Android,0,1,0.812
DEV_SIMFRAUD393224,SIM_SWAP393224,CUST001822,2026-03-28,True,True,3,Android,0,1,0.814
DEV_SIMFRAUD393225,SIM_SWAP393225,CUST001542,2026-03-24,True,True,7,Android,0,1,0.891
DEV_SIMFRAUD393226,SIM_SWAP393226,CUST000676,2026-03-26,True,True,5,Android,0,1,0.753
DEV_SIMFRAUD393227,SIM_SWAP393227,CUST004281,2026-03-09,True,True,22,Android,0,1,0.843
DEV_SIMFRAUD393228,SIM_SWAP393228,CUST002108,2026-02-04,True,True,55,Android,1,1,0.866
DEV_SIMFRAUD393229,SIM_SWAP393229,CUST000968,2026-02-05,True,True,54,Android,0,1,0.967
DEV_SIMFRAUD393230,SIM_SWAP393230,CUST004844,2026-01-08,True,True,82,Android,0,1,0.858
DEV_SIMFRAUD393231,SIM_SWAP393231,CUST001869,2026-01-28,True,True,62,iOS,0,1,0.74
DEV_SIMFRAUD393233,SIM_SWAP393233,CUST001539,2026-01-19,True,True,71,Android,0,1,0.73
DEV_SIMFRAUD393234,SIM_SWAP393234,CUST004862,2026-02-08,True,True,51,Android,0,1,0.977
DEV_SIMFRAUD393235,SIM_SWAP393235,CUST004431,2026-01-29,True,True,61,Android,0,1,0.994
DEV_SIMFRAUD393236,SIM_SWAP393236,CUST003719,2026-01-15,True,True,75,Android,0,1,0.75
DEV_SIMFRAUD393237,SIM_SWAP393237,CUST002681,2026-02-16,True,True,43,Android,0,1,0.925
DEV_SIMFRAUD393238,SIM_SWAP393238,CUST001705,2026-01-12,True,True,78,Android,0,1,0.775
DEV_SIMFRAUD393239,SIM_SWAP393239,CUST000466,2026-01-26,True,True,64,Android,0,1,0.95
DEV_SIMFRAUD393241,SIM_SWAP393241,CUST003591,2026-01-20,True,True,70,Android,0,1,0.729
DEV_SIMFRAUD393242,SIM_SWAP393242,CUST003356,2026-02-18,True,True,41,iOS,0,1,0.831
DEV_SIMFRAUD393243,SIM_SWAP393243,CUST001202,2026-03-15,True,True,16,Android,0,1,0.879
DEV_SIMFRAUD393244,SIM_SWAP393244,CUST000086,2026-02-11,True,True,48,Android,1,1,0.956
DEV_SIMFRAUD393245,SIM_SWAP393245,CUST004394,2026-01-20,True,True,70,Android,0,1,0.957
DEV_SIMFRAUD393246,SIM_SWAP393246,CUST004126,2026-02-15,True,True,44,Android,0,1,0.755
DEV_SIMFRAUD393247,SIM_SWAP393247,CUST000322,2026-03-24,True,True,7,Android,0,1,0.99
DEV_SIMFRAUD393249,SIM_SWAP393249,CUST001388,2026-01-21,True,True,69,Android,0,1,0.892
DEV_SIMFRAUD393250,SIM_SWAP393250,CUST004041,2026-02-04,True,True,55,Android,0,1,0.898
DEV_SIMFRAUD393253,SIM_SWAP393253,CUST003111,2026-02-22,True,True,37,Android,0,1,0.967
DEV_SIMFRAUD393256,SIM_SWAP393256,CUST004877,2026-03-24,True,True,7,iOS,0,1,0.796
DEV_SIMFRAUD393257,SIM_SWAP393257,CUST004130,2026-03-10,True,True,21,iOS,0,1,0.825
DEV_SIMFRAUD393259,SIM_SWAP393259,CUST001030,2026-02-03,True,True,56,Android,0,1,0.995
DEV_SIMFRAUD393261,SIM_SWAP393261,CUST001686,2026-01-26,True,True,64,iOS,0,1,0.705
DEV_SIMFRAUD393262,SIM_SWAP393262,CUST002009,2026-01-11,True,True,79,Android,0,1,0.96
DEV_SIMFRAUD393263,SIM_SWAP393263,CUST001402,2026-03-01,True,True,30,Android,0,1,0.953
DEV_SIMFRAUD393264,SIM_SWAP393264,CUST003812,2026-02-23,True,True,36,Android,0,1,0.779
DEV_SIMFRAUD393265,SIM_SWAP393265,CUST002057,2026-03-19,True,True,12,Android,0,1,0.947
DEV_SIMFRAUD393266,SIM_SWAP393266,CUST000069,2026-01-08,True,True,82,Android,0,1,0.799
DEV_SIMFRAUD393267,SIM_SWAP393267,CUST000324,2026-02-22,True,True,37,Android,0,1,0.889
DEV_SIMFRAUD393270,SIM_SWAP393270,CUST004365,2026-01-13,True,True,77,Android,0,1,0.834
DEV_SIMFRAUD393271,SIM_SWAP393271,CUST003564,2026-02-21,True,True,38,Android,0,1,0.73
DEV_SIMFRAUD393273,SIM_SWAP393273,CUST001491,2026-01-30,True,True,60,Android,0,1,0.969
DEV_SIMFRAUD393274,SIM_SWAP393274,CUST004520,2026-03-04,True,True,27,Android,0,1,0.864
DEV_SIMFRAUD393276,SIM_SWAP393276,CUST001454,2026-02-25,True,True,34,Android,0,1,0.845
DEV_SIMFRAUD393277,SIM_SWAP393277,CUST003162,2026-02-08,True,True,51,Android,0,1,0.964
DEV_SIMFRAUD393278,SIM_SWAP393278,CUST003484,2026-02-11,True,True,48,Android,1,1,0.798
DEV_SIMFRAUD393279,SIM_SWAP393279,CUST002544,2026-03-23,True,True,8,iOS,1,1,0.871
DEV_SIMFRAUD393280,SIM_SWAP393280,CUST001337,2026-01-31,True,True,59,Android,0,1,0.965
DEV_SIMFRAUD393281,SIM_SWAP393281,CUST003302,2026-01-18,True,True,72,Android,0,1,0.803
DEV_SIMFRAUD393282,SIM_SWAP393282,CUST001408,2026-03-19,True,True,12,Android,0,1,0.938
DEV_SIMFRAUD393283,SIM_SWAP393283,CUST001013,2026-03-08,True,True,23,Android,0,1,0.854
DEV_SIMFRAUD393284,SIM_SWAP393284,CUST000695,2026-03-28,True,True,3,Android,0,1,0.747
DEV_SIMFRAUD393286,SIM_SWAP393286,CUST000674,2026-02-02,True,True,57,iOS,0,1,0.712
DEV_SIMFRAUD393287,SIM_SWAP393287,CUST001059,2026-01-24,True,True,66,Android,0,1,0.918
DEV_SIMFRAUD393288,SIM_SWAP393288,CUST003970,2026-02-24,True,True,35,Android,0,1,0.779
DEV_SIMFRAUD393289,SIM_SWAP393289,CUST001271,2026-02-21,True,True,38,Android,0,1,0.945
DEV_SIMFRAUD393290,SIM_SWAP393290,CUST004448,2026-01-20,True,True,70,Android,0,1,0.757
DEV_SIMFRAUD393291,SIM_SWAP393291,CUST003013,2026-02-17,True,True,42,Android,1,1,0.87
DEV_SIMFRAUD393293,SIM_SWAP393293,CUST001561,2026-02-20,True,True,39,Android,0,1,0.728
DEV_SIMFRAUD393294,SIM_SWAP393294,CUST001070,2026-03-22,True,True,9,Android,0,1,0.921
DEV_SIMFRAUD393295,SIM_SWAP393295,CUST004286,2026-02-01,True,True,58,Android,1,1,0.93
DEV_SIMFRAUD393296,SIM_SWAP393296,CUST001355,2026-01-19,True,True,71,Android,0,1,0.975
DEV_SIMFRAUD393297,SIM_SWAP393297,CUST003725,2026-02-27,True,True,32,Android,0,1,0.868
DEV_SIMFRAUD393298,SIM_SWAP393298,CUST004083,2026-03-19,True,True,12,Android,0,1,0.732
DEV_SIMFRAUD393299,SIM_SWAP393299,CUST004112,2026-01-29,True,True,61,Android,0,1,0.948
DEV_SIMFRAUD393301,SIM_SWAP393301,CUST001533,2026-01-30,True,True,60,Android,0,1,0.794
DEV_SIMFRAUD393303,SIM_SWAP393303,CUST002218,2026-03-18,True,True,13,Android,0,1,0.97
DEV_SIMFRAUD393304,SIM_SWAP393304,CUST003352,2026-03-02,True,True,29,iOS,0,1,0.993
DEV_SIMFRAUD393305,SIM_SWAP393305,CUST001183,2026-03-10,True,True,21,Android,0,1,0.74
DEV_SIMFRAUD393307,SIM_SWAP393307,CUST001554,2026-01-23,True,True,67,Android,0,1,0.725
DEV_SIMFRAUD393308,SIM_SWAP393308,CUST000527,2026-01-24,True,True,66,Android,0,1,0.969
DEV_SIMFRAUD393310,SIM_SWAP393310,CUST003135,2026-02-08,True,True,51,Android,0,1,0.97
DEV_SIMFRAUD393311,SIM_SWAP393311,CUST000775,2026-03-14,True,True,17,Android,0,1,0.876
DEV_SIMFRAUD393312,SIM_SWAP393312,CUST001693,2026-01-24,True,True,66,Android,0,1,0.966
DEV_SIMFRAUD393314,SIM_SWAP393314,CUST003192,2026-03-25,True,True,6,Android,0,1,0.979
DEV_SIMFRAUD393316,SIM_SWAP393316,CUST002194,2026-03-06,True,True,25,Android,0,1,0.867
DEV_SIMFRAUD393318,SIM_SWAP393318,CUST004543,2026-02-04,True,True,55,Android,1,1,0.906
DEV_SIMFRAUD393320,SIM_SWAP393320,CUST003905,2026-01-13,True,True,77,Android,0,1,0.884
DEV_SIMFRAUD393321,SIM_SWAP393321,CUST003015,2026-03-27,True,True,4,Android,0,1,0.752
DEV_SIMFRAUD393322,SIM_SWAP393322,CUST002286,2026-01-17,True,True,73,Android,0,1,0.831
DEV_SIMFRAUD393323,SIM_SWAP393323,CUST001474,2026-03-02,True,True,29,Android,0,1,0.904
DEV_SIMFRAUD393324,SIM_SWAP393324,CUST003964,2026-03-03,True,True,28,Android,0,1,0.883
DEV_SIMFRAUD393327,SIM_SWAP393327,CUST000597,2026-02-06,True,True,53,Android,1,1,0.765
DEV_SIMFRAUD393329,SIM_SWAP393329,CUST001411,2026-01-20,True,True,70,Android,1,1,0.973
DEV_SIMFRAUD393330,SIM_SWAP393330,CUST002242,2026-03-17,True,True,14,Android,0,1,0.935
DEV_SIMFRAUD393331,SIM_SWAP393331,CUST004063,2026-03-02,True,True,29,Android,0,1,0.721
DEV_SIMFRAUD393332,SIM_SWAP393332,CUST000425,2026-01-18,True,True,72,Android,0,1,0.803
DEV_SIMFRAUD393334,SIM_SWAP393334,CUST002400,2026-02-18,True,True,41,Android,0,1,0.999
DEV_SIMFRAUD393336,SIM_SWAP393336,CUST004292,2026-02-11,True,True,48,Android,1,1,0.817
DEV_SIMFRAUD393338,SIM_SWAP393338,CUST000005,2026-01-19,True,True,71,Android,0,1,0.899
DEV_SIMFRAUD393339,SIM_SWAP393339,CUST003048,2026-03-05,True,True,26,Android,0,1,0.73
DEV_SIMFRAUD393340,SIM_SWAP393340,CUST003896,2026-03-16,True,True,15,Android,1,1,0.793
DEV_SIMFRAUD393342,SIM_SWAP393342,CUST004841,2026-03-17,True,True,14,Android,0,1,0.965
DEV_SIMFRAUD393344,SIM_SWAP393344,CUST004341,2026-03-19,True,True,12,Android,0,1,0.853
DEV_SIMFRAUD393346,SIM_SWAP393346,CUST000985,2026-03-28,True,True,3,iOS,0,1,0.948
DEV_SIMFRAUD393347,SIM_SWAP393347,CUST002240,2026-01-23,True,True,67,Android,0,1,0.702
DEV_SIMFRAUD393348,SIM_SWAP393348,CUST001518,2026-01-20,True,True,70,Android,0,1,0.9
DEV_SIMFRAUD393349,SIM_SWAP393349,CUST003987,2026-03-29,True,True,2,Android,0,1,0.79
DEV_SIMFRAUD393350,SIM_SWAP393350,CUST003568,2026-03-15,True,True,16,Android,0,1,0.958
DEV_SIMFRAUD393351,SIM_SWAP393351,CUST001918,2026-02-19,True,True,40,Android,0,1,0.983
DEV_SIMFRAUD393352,SIM_SWAP393352,CUST000151,2026-02-02,True,True,57,Android,1,1,0.906
DEV_SIMFRAUD393353,SIM_SWAP393353,CUST001528,2026-03-01,True,True,30,Android,0,1,0.744
DEV_SIMFRAUD393354,SIM_SWAP393354,CUST003007,2026-03-20,True,True,11,Android,0,1,0.84
DEV_SIMFRAUD393355,SIM_SWAP393355,CUST003547,2026-03-02,True,True,29,Android,1,1,0.839
DEV_SIMFRAUD393356,SIM_SWAP393356,CUST000991,2026-02-09,True,True,50,iOS,0,1,0.949
DEV_SIMFRAUD393358,SIM_SWAP393358,CUST004187,2026-02-12,True,True,47,Android,0,1,0.838
DEV_SIMFRAUD393359,SIM_SWAP393359,CUST003421,2026-01-22,True,True,68,iOS,0,1,0.8
DEV_SIMFRAUD393360,SIM_SWAP393360,CUST000207,2026-03-15,True,True,16,Android,0,1,0.883
DEV_SIMFRAUD393361,SIM_SWAP393361,CUST002372,2026-01-07,True,True,83,Android,1,1,0.894
DEV_SIMFRAUD393362,SIM_SWAP393362,CUST001717,2026-01-18,True,True,72,Android,0,1,0.943
DEV_SIMFRAUD393364,SIM_SWAP393364,CUST000365,2026-03-03,True,True,28,Android,0,1,0.97
DEV_SIMFRAUD393367,SIM_SWAP393367,CUST002857,2026-03-20,True,True,11,iOS,0,1,0.967
DEV_SIMFRAUD393369,SIM_SWAP393369,CUST003023,2026-02-20,True,True,39,Android,0,1,0.888
DEV_SIMFRAUD393370,SIM_SWAP393370,CUST004381,2026-01-14,True,True,76,Android,0,1,0.857
DEV_SIMFRAUD393371,SIM_SWAP393371,CUST003594,2026-03-08,True,True,23,Android,1,1,0.94
DEV_SIMFRAUD393372,SIM_SWAP393372,CUST004505,2026-02-10,True,True,49,Android,0,1,0.792
DEV_SIMFRAUD393375,SIM_SWAP393375,CUST000472,2026-02-12,True,True,47,Android,0,1,0.927
DEV_SIMFRAUD393376,SIM_SWAP393376,CUST002847,2026-03-17,True,True,14,Android,0,1,0.852
DEV_SIMFRAUD393377,SIM_SWAP393377,CUST003186,2026-01-27,True,True,63,Android,0,1,0.737
DEV_SIMFRAUD393378,SIM_SWAP393378,CUST001148,2026-02-16,True,True,43,Android,0,1,0.926
DEV_SIMFRAUD393379,SIM_SWAP393379,CUST002644,2026-02-03,True,True,56,Android,0,1,0.895
DEV_SIMFRAUD393380,SIM_SWAP393380,CUST003454,2026-03-15,True,True,16,Android,0,1,0.725
DEV_SIMFRAUD393383,SIM_SWAP393383,CUST004522,2026-03-08,True,True,23,Android,1,1,0.835
DEV_SIMFRAUD393384,SIM_SWAP393384,CUST000017,2026-03-29,True,True,2,Android,0,1,0.846
DEV_SIMFRAUD393385,SIM_SWAP393385,CUST003603,2026-01-25,True,True,65,Android,0,1,0.896
DEV_SIMFRAUD393386,SIM_SWAP393386,CUST002035,2026-03-10,True,True,21,Android,0,1,0.904
DEV_SIMFRAUD393388,SIM_SWAP393388,CUST001813,2026-01-29,True,True,61,Android,0,1,0.757
DEV_SIMFRAUD393390,SIM_SWAP393390,CUST004469,2026-03-10,True,True,21,Android,1,1,0.71
DEV_SIMFRAUD393391,SIM_SWAP393391,CUST001591,2026-03-23,True,True,8,Android,0,1,0.938
DEV_SIMFRAUD393392,SIM_SWAP393392,CUST001950,2026-02-13,True,True,46,Android,0,1,0.994
DEV_SIMFRAUD393393,SIM_SWAP393393,CUST001972,2026-02-07,True,True,52,Android,0,1,0.982
DEV_SIMFRAUD393394,SIM_SWAP393394,CUST001492,2026-03-25,True,True,6,iOS,0,1,0.85
DEV_SIMFRAUD393395,SIM_SWAP393395,CUST001371,2026-03-26,True,True,5,Android,0,1,0.859
DEV_SIMFRAUD393397,SIM_SWAP393397,CUST000465,2026-03-07,True,True,24,Android,0,1,0.979
DEV_SIMFRAUD393398,SIM_SWAP393398,CUST001652,2026-01-06,True,True,84,Android,0,1,0.863
DEV_SIMFRAUD393399,SIM_SWAP393399,CUST004698,2026-01-27,True,True,63,Android,0,1,0.783
DEV_SIMFRAUD393401,SIM_SWAP393401,CUST004547,2026-03-23,True,True,8,Android,0,1,0.903
DEV_SIMFRAUD393402,SIM_SWAP393402,CUST003958,2026-01-09,True,True,81,iOS,1,1,0.843
DEV_SIMFRAUD393403,SIM_SWAP393403,CUST004571,2026-02-09,True,True,50,Android,0,1,0.936
DEV_SIMFRAUD393404,SIM_SWAP393404,CUST001418,2026-03-14,True,True,17,Android,1,1,0.935
DEV_SIMFRAUD393405,SIM_SWAP393405,CUST001012,2026-01-18,True,True,72,Android,0,1,0.981
DEV_SIMFRAUD393406,SIM_SWAP393406,CUST004104,2026-02-27,True,True,32,Android,0,1,0.741
DEV_SIMFRAUD393409,SIM_SWAP393409,CUST002123,2026-02-05,True,True,54,Android,0,1,0.856
DEV_SIMFRAUD393410,SIM_SWAP393410,CUST001039,2026-02-13,True,True,46,Android,0,1,0.936
DEV_SIMFRAUD393413,SIM_SWAP393413,CUST001844,2026-03-10,True,True,21,Android,0,1,0.83
DEV_SIMFRAUD393414,SIM_SWAP393414,CUST003522,2026-01-24,True,True,66,iOS,0,1,0.888
DEV_SIMFRAUD393415,SIM_SWAP393415,CUST002367,2026-02-26,True,True,33,Android,1,1,0.945
DEV_SIMFRAUD393416,SIM_SWAP393416,CUST002334,2026-03-03,True,True,28,Android,0,1,0.842
DEV_SIMFRAUD393418,SIM_SWAP393418,CUST003227,2026-03-16,True,True,15,Android,0,1,0.822
DEV_SIMFRAUD393420,SIM_SWAP393420,CUST001709,2026-02-12,True,True,47,Android,0,1,0.754
DEV_SIMFRAUD393421,SIM_SWAP393421,CUST001448,2026-01-24,True,True,66,Android,0,1,0.947
DEV_SIMFRAUD393422,SIM_SWAP393422,CUST004414,2026-01-31,True,True,59,iOS,0,1,0.939
DEV_SIMFRAUD393423,SIM_SWAP393423,CUST003740,2026-01-25,True,True,65,Android,0,1,0.923
DEV_SIMFRAUD393425,SIM_SWAP393425,CUST004301,2026-03-30,True,True,1,Android,0,1,0.818
DEV_SIMFRAUD393427,SIM_SWAP393427,CUST002158,2026-02-04,True,True,55,Android,1,1,0.875
DEV_SIMFRAUD393429,SIM_SWAP393429,CUST003095,2026-03-07,True,True,24,Android,0,1,0.737
DEV_SIMFRAUD393430,SIM_SWAP393430,CUST000641,2026-02-12,True,True,47,Android,1,1,0.796
DEV_SIMFRAUD393433,SIM_SWAP393433,CUST001165,2026-01-19,True,True,71,Android,0,1,0.831
DEV_SIMFRAUD393434,SIM_SWAP393434,CUST003579,2026-02-11,True,True,48,iOS,1,1,0.713
DEV_SIMFRAUD393435,SIM_SWAP393435,CUST001051,2026-02-22,True,True,37,Android,0,1,0.731
DEV_SIMFRAUD393436,SIM_SWAP393436,CUST003252,2026-02-11,True,True,48,Android,0,1,0.949
DEV_SIMFRAUD393437,SIM_SWAP393437,CUST000853,2026-01-21,True,True,69,Android,0,1,0.991
DEV_SIMFRAUD393438,SIM_SWAP393438,CUST001524,2026-01-06,True,True,84,Android,0,1,0.797
DEV_SIMFRAUD393440,SIM_SWAP393440,CUST004685,2026-01-15,True,True,75,Android,0,1,0.732
DEV_SIMFRAUD393441,SIM_SWAP393441,CUST002528,2026-02-28,True,True,31,Android,0,1,0.981
DEV_SIMFRAUD393442,SIM_SWAP393442,CUST002017,2026-02-22,True,True,37,Android,0,1,0.974
DEV_SIMFRAUD393445,SIM_SWAP393445,CUST000880,2026-01-24,True,True,66,Android,0,1,0.896
DEV_SIMFRAUD393446,SIM_SWAP393446,CUST001255,2026-02-19,True,True,40,iOS,1,1,0.802
DEV_SIMFRAUD393447,SIM_SWAP393447,CUST000726,2026-03-19,True,True,12,Android,0,1,0.734
DEV_SIMFRAUD393448,SIM_SWAP393448,CUST003803,2026-01-24,True,True,66,Android,1,1,0.982
DEV_SIMFRAUD393449,SIM_SWAP393449,CUST001267,2026-01-15,True,True,75,iOS,0,1,0.976
DEV_SIMFRAUD393450,SIM_SWAP393450,CUST004549,2026-02-27,True,True,32,Android,1,1,0.923
DEV_SIMFRAUD393451,SIM_SWAP393451,CUST001579,2026-03-08,True,True,23,Android,0,1,0.98
DEV_SIMFRAUD393452,SIM_SWAP393452,CUST004944,2026-01-20,True,True,70,iOS,0,1,0.742
DEV_SIMFRAUD393453,SIM_SWAP393453,CUST001144,2026-02-03,True,True,56,Android,0,1,0.733
DEV_SIMFRAUD393454,SIM_SWAP393454,CUST001169,2026-02-07,True,True,52,Android,0,1,0.758
DEV_SIMFRAUD393455,SIM_SWAP393455,CUST004232,2026-03-06,True,True,25,Android,0,1,0.765
DEV_SIMFRAUD393456,SIM_SWAP393456,CUST002660,2026-03-03,True,True,28,Android,1,1,0.948
DEV_SIMFRAUD393457,SIM_SWAP393457,CUST000707,2026-01-10,True,True,80,Android,0,1,0.977
DEV_SIMFRAUD393459,SIM_SWAP393459,CUST004847,2026-01-07,True,True,83,Android,0,1,0.765
DEV_SIMFRAUD393461,SIM_SWAP393461,CUST004754,2026-02-18,True,True,41,Android,0,1,0.839
DEV_SIMFRAUD393462,SIM_SWAP393462,CUST003534,2026-03-29,True,True,2,Android,0,1,0.836
DEV_SIMFRAUD393463,SIM_SWAP393463,CUST001851,2026-01-19,True,True,71,Android,0,1,0.753
DEV_SIMFRAUD393464,SIM_SWAP393464,CUST001676,2026-01-16,True,True,74,Android,0,1,0.956
DEV_SIMFRAUD393467,SIM_SWAP393467,CUST000024,2026-03-01,True,True,30,iOS,0,1,0.857
DEV_SIMFRAUD393468,SIM_SWAP393468,CUST000233,2026-01-07,True,True,83,Android,0,1,0.87
DEV_SIMFRAUD393469,SIM_SWAP393469,CUST004085,2026-02-08,True,True,51,Android,0,1,0.778
DEV_SIMFRAUD393470,SIM_SWAP393470,CUST003499,2026-03-08,True,True,23,Android,0,1,0.868
DEV_SIMFRAUD393471,SIM_SWAP393471,CUST003974,2026-01-10,True,True,80,Android,0,1,0.938
DEV_SIMFRAUD393472,SIM_SWAP393472,CUST000021,2026-03-24,True,True,7,iOS,0,1,0.791
DEV_SIMFRAUD393473,SIM_SWAP393473,CUST000430,2026-02-26,True,True,33,Android,0,1,0.734
DEV_SIMFRAUD393474,SIM_SWAP393474,CUST000955,2026-03-23,True,True,8,Android,0,1,0.875
DEV_SIMFRAUD393475,SIM_SWAP393475,CUST001905,2026-01-26,True,True,64,Android,0,1,0.891
DEV_SIMFRAUD393477,SIM_SWAP393477,CUST002975,2026-01-28,True,True,62,Android,0,1,0.761
DEV_SIMFRAUD393478,SIM_SWAP393478,CUST001737,2026-02-09,True,True,50,Android,0,1,0.774
DEV_SIMFRAUD393480,SIM_SWAP393480,CUST000733,2026-01-06,True,True,84,Android,0,1,0.746
DEV_SIMFRAUD393481,SIM_SWAP393481,CUST001296,2026-01-06,True,True,84,Android,0,1,0.976
DEV_SIMFRAUD393482,SIM_SWAP393482,CUST003595,2026-01-09,True,True,81,Android,0,1,0.764
DEV_SIMFRAUD393483,SIM_SWAP393483,CUST000572,2026-03-20,True,True,11,Android,0,1,0.703
DEV_SIMFRAUD393484,SIM_SWAP393484,CUST001378,2026-03-07,True,True,24,Android,0,1,0.952
DEV_SIMFRAUD393485,SIM_SWAP393485,CUST002512,2026-03-26,True,True,5,Android,0,1,0.941
DEV_SIMFRAUD393486,SIM_SWAP393486,CUST001703,2026-02-01,True,True,58,Android,0,1,0.837
DEV_SIMFRAUD393487,SIM_SWAP393487,CUST000767,2026-02-04,True,True,55,Android,0,1,0.939
DEV_SIMFRAUD393488,SIM_SWAP393488,CUST002695,2026-02-23,True,True,36,Android,0,1,0.835
DEV_SIMFRAUD393490,SIM_SWAP393490,CUST002743,2026-02-22,True,True,37,Android,0,1,0.767
DEV_SIMFRAUD393491,SIM_SWAP393491,CUST002813,2026-01-23,True,True,67,Android,0,1,0.828
DEV_SIMFRAUD393492,SIM_SWAP393492,CUST000929,2026-01-30,True,True,60,Android,0,1,0.846
DEV_SIMFRAUD393493,SIM_SWAP393493,CUST004551,2026-03-21,True,True,10,Android,0,1,0.703
DEV_SIMFRAUD393494,SIM_SWAP393494,CUST000230,2026-02-20,True,True,39,Android,1,1,0.734
DEV_SIMFRAUD393495,SIM_SWAP393495,CUST002871,2026-01-17,True,True,73,Android,0,1,0.962
DEV_SIMFRAUD393499,SIM_SWAP393499,CUST002775,2026-03-06,True,True,25,Android,0,1,0.818
DEV_SIMFRAUD393500,SIM_SWAP393500,CUST003368,2026-02-14,True,True,45,Android,0,1,0.799
DEV_SIMFRAUD393503,SIM_SWAP393503,CUST003573,2026-01-22,True,True,68,Android,0,1,0.967
DEV_SIMFRAUD393505,SIM_SWAP393505,CUST002550,2026-03-28,True,True,3,Android,0,1,0.746
DEV_SIMFRAUD393506,SIM_SWAP393506,CUST004733,2026-02-22,True,True,37,Android,0,1,0.765
DEV_SIMFRAUD393507,SIM_SWAP393507,CUST000797,2026-01-24,True,True,66,Android,0,1,0.948
DEV_SIMFRAUD393508,SIM_SWAP393508,CUST003311,2026-01-25,True,True,65,Android,0,1,0.784
DEV_SIMFRAUD393509,SIM_SWAP393509,CUST003246,2026-03-28,True,True,3,Android,0,1,0.89
DEV_SIMFRAUD393510,SIM_SWAP393510,CUST000610,2026-03-07,True,True,24,Android,0,1,0.922
DEV_SIMFRAUD393511,SIM_SWAP393511,CUST000411,2026-03-24,True,True,7,Android,0,1,0.767
DEV_SIMFRAUD393513,SIM_SWAP393513,CUST001580,2026-03-07,True,True,24,Android,0,1,0.776
DEV_SIMFRAUD393515,SIM_SWAP393515,CUST002768,2026-03-28,True,True,3,Android,1,1,0.855
DEV_SIMFRAUD393516,SIM_SWAP393516,CUST001808,2026-02-08,True,True,51,Android,0,1,0.938
DEV_SIMFRAUD393519,SIM_SWAP393519,CUST002373,2026-01-20,True,True,70,Android,0,1,0.866
DEV_SIMFRAUD393520,SIM_SWAP393520,CUST000658,2026-02-06,True,True,53,Android,0,1,0.72
DEV_SIMFRAUD393521,SIM_SWAP393521,CUST002989,2026-01-12,True,True,78,Android,0,1,0.805
DEV_SIMFRAUD393523,SIM_SWAP393523,CUST001645,2026-03-01,True,True,30,Android,1,1,0.799
DEV_SIMFRAUD393524,SIM_SWAP393524,CUST003554,2026-01-20,True,True,70,Android,1,1,0.942
DEV_SIMFRAUD393525,SIM_SWAP393525,CUST000947,2026-01-07,True,True,83,Android,0,1,0.787
DEV_SIMFRAUD393526,SIM_SWAP393526,CUST002762,2026-03-07,True,True,24,Android,0,1,0.97
DEV_SIMFRAUD393527,SIM_SWAP393527,CUST000943,2026-01-06,True,True,84,Android,0,1,0.8
DEV_SIMFRAUD393528,SIM_SWAP393528,CUST002787,2026-03-02,True,True,29,Android,0,1,0.758
DEV_SIMFRAUD393529,SIM_SWAP393529,CUST004558,2026-02-02,True,True,57,Android,1,1,0.862
DEV_SIMFRAUD393531,SIM_SWAP393531,CUST001479,2026-02-22,True,True,37,Android,0,1,0.816
DEV_SIMFRAUD393532,SIM_SWAP393532,CUST003086,2026-02-23,True,True,36,Android,0,1,0.894
DEV_SIMFRAUD393533,SIM_SWAP393533,CUST000835,2026-02-26,True,True,33,Android,0,1,0.975
DEV_SIMFRAUD393536,SIM_SWAP393536,CUST000255,2026-03-16,True,True,15,Android,1,1,0.982
DEV_SIMFRAUD393537,SIM_SWAP393537,CUST003030,2026-03-07,True,True,24,Android,0,1,0.768
DEV_SIMFRAUD393538,SIM_SWAP393538,CUST001295,2026-02-20,True,True,39,Android,0,1,0.749
DEV_SIMFRAUD393539,SIM_SWAP393539,CUST004500,2026-01-17,True,True,73,Android,0,1,0.982
DEV_SIMFRAUD393540,SIM_SWAP393540,CUST002432,2026-02-06,True,True,53,Android,0,1,0.944
DEV_SIMFRAUD393541,SIM_SWAP393541,CUST002497,2026-01-10,True,True,80,Android,0,1,0.779
DEV_SIMFRAUD393542,SIM_SWAP393542,CUST001785,2026-02-03,True,True,56,Android,0,1,0.941
DEV_SIMFRAUD393543,SIM_SWAP393543,CUST000401,2026-01-10,True,True,80,Android,0,1,0.922
DEV_SIMFRAUD393545,SIM_SWAP393545,CUST003540,2026-02-24,True,True,35,Android,1,1,0.776
DEV_SIMFRAUD393546,SIM_SWAP393546,CUST001005,2026-03-30,True,True,1,Android,0,1,0.972
DEV_SIMFRAUD393547,SIM_SWAP393547,CUST001222,2026-02-11,True,True,48,iOS,0,1,0.797
DEV_SIMFRAUD393548,SIM_SWAP393548,CUST003642,2026-02-07,True,True,52,iOS,0,1,0.844
DEV_SIMFRAUD393549,SIM_SWAP393549,CUST000018,2026-03-01,True,True,30,Android,0,1,0.883
DEV_SIMFRAUD393552,SIM_SWAP393552,CUST002116,2026-01-27,True,True,63,iOS,0,1,0.757
DEV_SIMFRAUD393553,SIM_SWAP393553,CUST004819,2026-02-25,True,True,34,Android,0,1,0.883
DEV_SIMFRAUD393554,SIM_SWAP393554,CUST004717,2026-01-20,True,True,70,Android,0,1,0.912
DEV_SIMFRAUD393555,SIM_SWAP393555,CUST004183,2026-03-12,True,True,19,Android,0,1,0.73
DEV_SIMFRAUD393556,SIM_SWAP393556,CUST004811,2026-01-09,True,True,81,Android,0,1,0.814
DEV_SIMFRAUD393557,SIM_SWAP393557,CUST001587,2026-01-06,True,True,84,Android,0,1,0.884
DEV_SIMFRAUD393558,SIM_SWAP393558,CUST002484,2026-02-21,True,True,38,Android,0,1,0.978
DEV_SIMFRAUD393559,SIM_SWAP393559,CUST003704,2026-01-13,True,True,77,Android,0,1,0.967
DEV_SIMFRAUD393560,SIM_SWAP393560,CUST001947,2026-02-01,True,True,58,Android,0,1,0.751
DEV_SIMFRAUD393561,SIM_SWAP393561,CUST000279,2026-02-13,True,True,46,Android,0,1,0.883
DEV_SIMFRAUD393562,SIM_SWAP393562,CUST002312,2026-03-30,True,True,1,Android,0,1,0.729
DEV_SIMFRAUD393563,SIM_SWAP393563,CUST004366,2026-02-19,True,True,40,Android,0,1,0.788
DEV_SIMFRAUD393566,SIM_SWAP393566,CUST003735,2026-01-24,True,True,66,Android,0,1,0.879
DEV_SIMFRAUD393568,SIM_SWAP393568,CUST004612,2026-03-22,True,True,9,Android,0,1,0.724
DEV_SIMFRAUD393569,SIM_SWAP393569,CUST001550,2026-01-30,True,True,60,iOS,0,1,0.967
DEV_SIMFRAUD393571,SIM_SWAP393571,CUST004382,2026-02-18,True,True,41,Android,0,1,0.949
DEV_SIMFRAUD393573,SIM_SWAP393573,CUST000741,2026-02-18,True,True,41,Android,0,1,0.842
DEV_SIMFRAUD393574,SIM_SWAP393574,CUST001344,2026-02-08,True,True,51,Android,1,1,0.848
DEV_SIMFRAUD393575,SIM_SWAP393575,CUST004434,2026-02-05,True,True,54,Android,1,1,0.964
DEV_SIMFRAUD393576,SIM_SWAP393576,CUST004383,2026-03-09,True,True,22,Android,0,1,0.715
DEV_SIMFRAUD393577,SIM_SWAP393577,CUST000721,2026-01-25,True,True,65,Android,0,1,0.743
DEV_SIMFRAUD393578,SIM_SWAP393578,CUST004759,2026-01-18,True,True,72,Android,0,1,0.792
DEV_SIMFRAUD393579,SIM_SWAP393579,CUST002642,2026-03-29,True,True,2,Android,0,1,0.809
DEV_SIMFRAUD393580,SIM_SWAP393580,CUST003130,2026-03-26,True,True,5,Android,0,1,0.996
DEV_SIMFRAUD393581,SIM_SWAP393581,CUST001457,2026-03-15,True,True,16,Android,0,1,0.744
DEV_SIMFRAUD393582,SIM_SWAP393582,CUST000827,2026-03-11,True,True,20,Android,0,1,0.791
DEV_SIMFRAUD393583,SIM_SWAP393583,CUST001810,2026-01-23,True,True,67,Android,2,1,0.948
DEV_SIMFRAUD393584,SIM_SWAP393584,CUST001800,2026-03-26,True,True,5,Android,0,1,0.935
DEV_SIMFRAUD393586,SIM_SWAP393586,CUST003351,2026-01-21,True,True,69,Android,0,1,0.896
DEV_SIMFRAUD393587,SIM_SWAP393587,CUST003557,2026-02-13,True,True,46,iOS,0,1,0.799
DEV_SIMFRAUD393588,SIM_SWAP393588,CUST001804,2026-02-19,True,True,40,iOS,0,1,0.735
DEV_SIMFRAUD393589,SIM_SWAP393589,CUST004142,2026-01-29,True,True,61,Android,0,1,0.995
DEV_SIMFRAUD393590,SIM_SWAP393590,CUST001092,2026-03-15,True,True,16,Android,0,1,0.775
DEV_SIMFRAUD393593,SIM_SWAP393593,CUST004493,2026-02-13,True,True,46,Android,0,1,0.953
DEV_SIMFRAUD393594,SIM_SWAP393594,CUST004346,2026-01-31,True,True,59,Android,1,1,0.969
DEV_SIMFRAUD393596,SIM_SWAP393596,CUST002073,2026-01-31,True,True,59,Android,0,1,0.832
DEV_SIMFRAUD393597,SIM_SWAP393597,CUST000951,2026-02-03,True,True,56,Android,0,1,0.955
DEV_SIMFRAUD393599,SIM_SWAP393599,CUST003481,2026-03-14,True,True,17,Android,1,1,0.784
DEV_SIMFRAUD393600,SIM_SWAP393600,CUST000234,2026-01-15,True,True,75,Android,0,1,0.967
DEV_SIMFRAUD393602,SIM_SWAP393602,CUST002652,2026-03-13,True,True,18,iOS,1,1,0.891
DEV_SIMFRAUD393603,SIM_SWAP393603,CUST002018,2026-03-17,True,True,14,Android,1,1,0.758
DEV_SIMFRAUD393604,SIM_SWAP393604,CUST001297,2026-01-21,True,True,69,iOS,1,1,0.936
DEV_SIMFRAUD393605,SIM_SWAP393605,CUST001475,2026-03-04,True,True,27,iOS,0,1,0.974
DEV_SIMFRAUD393606,SIM_SWAP393606,CUST000692,2026-01-27,True,True,63,Android,0,1,0.871
DEV_SIMFRAUD393607,SIM_SWAP393607,CUST000191,2026-01-28,True,True,62,Android,0,1,0.928
DEV_SIMFRAUD393608,SIM_SWAP393608,CUST003824,2026-03-11,True,True,20,Android,0,1,0.938
DEV_SIMFRAUD393609,SIM_SWAP393609,CUST004686,2026-02-10,True,True,49,Android,0,1,0.936
DEV_SIMFRAUD393610,SIM_SWAP393610,CUST000926,2026-01-23,True,True,67,Android,0,1,0.836
DEV_SIMFRAUD393611,SIM_SWAP393611,CUST003952,2026-02-20,True,True,39,Android,1,1,0.922
DEV_SIMFRAUD393612,SIM_SWAP393612,CUST004442,2026-03-29,True,True,2,Android,0,1,0.865
DEV_SIMFRAUD393613,SIM_SWAP393613,CUST002843,2026-03-30,True,True,1,Android,0,1,0.824
DEV_SIMFRAUD393614,SIM_SWAP393614,CUST002881,2026-02-07,True,True,52,Android,0,1,0.75
DEV_SIMFRAUD393615,SIM_SWAP393615,CUST004226,2026-02-19,True,True,40,Android,0,1,0.973
DEV_SIMFRAUD393616,SIM_SWAP393616,CUST000314,2026-02-19,True,True,40,Android,0,1,0.824
DEV_SIMFRAUD393617,SIM_SWAP393617,CUST003683,2026-01-30,True,True,60,Android,0,1,0.772
DEV_SIMFRAUD393619,SIM_SWAP393619,CUST000762,2026-01-30,True,True,60,Android,0,1,0.773
DEV_SIMFRAUD393621,SIM_SWAP393621,CUST000305,2026-03-05,True,True,26,Android,0,1,0.773
DEV_SIMFRAUD393622,SIM_SWAP393622,CUST004986,2026-03-25,True,True,6,Android,1,1,0.701
DEV_SIMFRAUD393624,SIM_SWAP393624,CUST004708,2026-01-11,True,True,79,Android,0,1,0.831
DEV_SIMFRAUD393625,SIM_SWAP393625,CUST000905,2026-03-27,True,True,4,Android,1,1,0.967
DEV_SIMFRAUD393626,SIM_SWAP393626,CUST004347,2026-03-11,True,True,20,Android,0,1,0.708
DEV_SIMFRAUD393628,SIM_SWAP393628,CUST001489,2026-01-28,True,True,62,iOS,0,1,0.987
DEV_SIMFRAUD393630,SIM_SWAP393630,CUST001553,2026-02-01,True,True,58,Android,0,1,0.754
DEV_SIMFRAUD393632,SIM_SWAP393632,CUST003113,2026-02-25,True,True,34,Android,0,1,0.916
DEV_SIMFRAUD393633,SIM_SWAP393633,CUST002907,2026-02-15,True,True,44,Android,1,1,0.936
DEV_SIMFRAUD393634,SIM_SWAP393634,CUST004632,2026-02-15,True,True,44,iOS,0,1,0.921
DEV_SIMFRAUD393636,SIM_SWAP393636,CUST000015,2026-01-06,True,True,84,Android,0,1,0.802
DEV_SIMFRAUD393637,SIM_SWAP393637,CUST001648,2026-01-24,True,True,66,iOS,0,1,0.911
DEV_SIMFRAUD393638,SIM_SWAP393638,CUST000131,2026-03-20,True,True,11,Android,0,1,0.842
DEV_SIMFRAUD393639,SIM_SWAP393639,CUST004223,2026-01-16,True,True,74,Android,0,1,0.746
DEV_SIMFRAUD393640,SIM_SWAP393640,CUST001657,2026-02-25,True,True,34,Android,0,1,0.76
DEV_SIMFRAUD393642,SIM_SWAP393642,CUST001595,2026-03-07,True,True,24,Android,0,1,0.708
DEV_SIMFRAUD393643,SIM_SWAP393643,CUST000978,2026-03-21,True,True,10,Android,0,1,0.8
DEV_SIMFRAUD393644,SIM_SWAP393644,CUST000832,2026-02-27,True,True,32,Android,0,1,0.918
DEV_SIMFRAUD393646,SIM_SWAP393646,CUST000910,2026-02-11,True,True,48,Android,0,1,0.991
DEV_SIMFRAUD393647,SIM_SWAP393647,CUST003596,2026-01-19,True,True,71,Android,1,1,0.74
DEV_SIMFRAUD393649,SIM_SWAP393649,CUST000848,2026-01-26,True,True,64,Android,0,1,0.806
DEV_SIMFRAUD393650,SIM_SWAP393650,CUST004958,2026-02-17,True,True,42,Android,0,1,0.754
DEV_SIMFRAUD393651,SIM_SWAP393651,CUST001552,2026-03-28,True,True,3,iOS,1,1,0.928
DEV_SIMFRAUD393652,SIM_SWAP393652,CUST002032,2026-01-10,True,True,80,Android,0,1,0.976
DEV_SIMFRAUD393653,SIM_SWAP393653,CUST003284,2026-03-07,True,True,24,Android,0,1,0.734
DEV_SIMFRAUD393654,SIM_SWAP393654,CUST003139,2026-02-28,True,True,31,iOS,0,1,0.971
DEV_SIMFRAUD393655,SIM_SWAP393655,CUST001198,2026-02-06,True,True,53,Android,0,1,0.781
DEV_SIMFRAUD393656,SIM_SWAP393656,CUST001624,2026-02-09,True,True,50,iOS,0,1,0.767
DEV_SIMFRAUD393657,SIM_SWAP393657,CUST000199,2026-03-08,True,True,23,Android,0,1,0.717
DEV_SIMFRAUD393658,SIM_SWAP393658,CUST002467,2026-03-02,True,True,29,Android,0,1,0.724
DEV_SIMFRAUD393659,SIM_SWAP393659,CUST002612,2026-02-02,True,True,57,Android,0,1,0.721
DEV_SIMFRAUD393660,SIM_SWAP393660,CUST000685,2026-02-19,True,True,40,Android,0,1,0.834
DEV_SIMFRAUD393661,SIM_SWAP393661,CUST003099,2026-03-09,True,True,22,iOS,0,1,0.898
DEV_SIMFRAUD393662,SIM_SWAP393662,CUST004026,2026-01-28,True,True,62,Android,0,1,0.755
DEV_SIMFRAUD393663,SIM_SWAP393663,CUST004310,2026-03-25,True,True,6,Android,0,1,0.765
DEV_SIMFRAUD393664,SIM_SWAP393664,CUST001146,2026-02-24,True,True,35,Android,0,1,0.752
DEV_SIMFRAUD393666,SIM_SWAP393666,CUST004532,2026-03-26,True,True,5,Android,0,1,0.942
DEV_SIMFRAUD393669,SIM_SWAP393669,CUST000631,2026-01-08,True,True,82,Android,0,1,0.741
DEV_SIMFRAUD393671,SIM_SWAP393671,CUST001175,2026-01-14,True,True,76,Android,0,1,0.722
DEV_SIMFRAUD393672,SIM_SWAP393672,CUST000398,2026-03-02,True,True,29,Android,2,1,0.711
DEV_SIMFRAUD393674,SIM_SWAP393674,CUST004740,2026-02-04,True,True,55,Android,0,1,0.712
DEV_SIMFRAUD393675,SIM_SWAP393675,CUST001752,2026-03-20,True,True,11,Android,0,1,0.864
DEV_SIMFRAUD393676,SIM_SWAP393676,CUST000136,2026-02-19,True,True,40,Android,0,1,0.728
DEV_SIMFRAUD393677,SIM_SWAP393677,CUST004438,2026-03-06,True,True,25,Android,0,1,0.767
DEV_SIMFRAUD393678,SIM_SWAP393678,CUST002770,2026-02-19,True,True,40,Android,0,1,0.95
DEV_SIMFRAUD393680,SIM_SWAP393680,CUST004578,2026-03-14,True,True,17,Android,0,1,0.99
DEV_SIMFRAUD393681,SIM_SWAP393681,CUST000000,2026-01-13,True,True,77,Android,0,1,0.958
DEV_SIMFRAUD393682,SIM_SWAP393682,CUST001724,2026-01-25,True,True,65,Android,0,1,0.988
DEV_SIMFRAUD393683,SIM_SWAP393683,CUST004206,2026-02-02,True,True,57,Android,0,1,0.901
DEV_SIMFRAUD393684,SIM_SWAP393684,CUST002615,2026-01-31,True,True,59,Android,0,1,0.996
DEV_SIMFRAUD393685,SIM_SWAP393685,CUST000424,2026-03-27,True,True,4,Android,0,1,0.849
DEV_SIMFRAUD393687,SIM_SWAP393687,CUST002525,2026-01-14,True,True,76,iOS,0,1,0.938
DEV_SIMFRAUD393689,SIM_SWAP393689,CUST003525,2026-01-20,True,True,70,Android,0,1,0.991
DEV_SIMFRAUD393690,SIM_SWAP393690,CUST004608,2026-01-16,True,True,74,Android,0,1,0.913
DEV_SIMFRAUD393691,SIM_SWAP393691,CUST003696,2026-03-21,True,True,10,Android,0,1,0.987
DEV_SIMFRAUD393692,SIM_SWAP393692,CUST004258,2026-03-21,True,True,10,Android,1,1,0.776
DEV_SIMFRAUD393693,SIM_SWAP393693,CUST000549,2026-03-06,True,True,25,Android,0,1,0.79
DEV_SIMFRAUD393694,SIM_SWAP393694,CUST003858,2026-01-13,True,True,77,Android,0,1,0.819
DEV_SIMFRAUD393695,SIM_SWAP393695,CUST003310,2026-02-22,True,True,37,Android,0,1,0.839
DEV_SIMFRAUD393698,SIM_SWAP393698,CUST002140,2026-01-11,True,True,79,Android,0,1,0.969
DEV_SIMFRAUD393699,SIM_SWAP393699,CUST001545,2026-02-24,True,True,35,iOS,0,1,0.966
DEV_SIMFRAUD393700,SIM_SWAP393700,CUST004136,2026-01-12,True,True,78,Android,0,1,0.897
DEV_SIMFRAUD393701,SIM_SWAP393701,CUST000916,2026-01-31,True,True,59,iOS,0,1,0.77
DEV_SIMFRAUD393703,SIM_SWAP393703,CUST002423,2026-02-21,True,True,38,Android,1,1,0.772
DEV_SIMFRAUD393704,SIM_SWAP393704,CUST004432,2026-01-13,True,True,77,Android,0,1,0.89
DEV_SIMFRAUD393705,SIM_SWAP393705,CUST002317,2026-03-25,True,True,6,Android,0,1,0.851
DEV_SIMFRAUD393706,SIM_SWAP393706,CUST004896,2026-02-04,True,True,55,Android,1,1,0.778
DEV_SIMFRAUD393707,SIM_SWAP393707,CUST003771,2026-03-03,True,True,28,Android,0,1,0.75
DEV_SIMFRAUD393709,SIM_SWAP393709,CUST001011,2026-02-01,True,True,58,Android,0,1,0.917
DEV_SIMFRAUD393710,SIM_SWAP393710,CUST003169,2026-02-20,True,True,39,Android,1,1,0.944
DEV_SIMFRAUD393711,SIM_SWAP393711,CUST001893,2026-03-01,True,True,30,Android,0,1,0.778
DEV_SIMFRAUD393714,SIM_SWAP393714,CUST004092,2026-02-27,True,True,32,Android,0,1,0.827
DEV_SIMFRAUD393715,SIM_SWAP393715,CUST000793,2026-03-27,True,True,4,Android,1,1,0.914
DEV_SIMFRAUD393716,SIM_SWAP393716,CUST004171,2026-01-21,True,True,69,iOS,0,1,0.841
DEV_SIMFRAUD393717,SIM_SWAP393717,CUST000826,2026-02-14,True,True,45,iOS,1,1,0.988
DEV_SIMFRAUD393719,SIM_SWAP393719,CUST001847,2026-02-21,True,True,38,Android,0,1,0.739
DEV_SIMFRAUD393720,SIM_SWAP393720,CUST001860,2026-02-24,True,True,35,Android,0,1,0.956
DEV_SIMFRAUD393721,SIM_SWAP393721,CUST002716,2026-01-25,True,True,65,Android,0,1,0.792
DEV_SIMFRAUD393722,SIM_SWAP393722,CUST004517,2026-02-21,True,True,38,Android,0,1,0.906
DEV_SIMFRAUD393723,SIM_SWAP393723,CUST002633,2026-03-19,True,True,12,Android,0,1,0.776
DEV_SIMFRAUD393724,SIM_SWAP393724,CUST001586,2026-03-24,True,True,7,iOS,0,1,0.99
DEV_SIMFRAUD393725,SIM_SWAP393725,CUST003542,2026-02-24,True,True,35,Android,0,1,0.715
DEV_SIMFRAUD393726,SIM_SWAP393726,CUST001372,2026-02-18,True,True,41,Android,0,1,0.854
DEV_SIMFRAUD393727,SIM_SWAP393727,CUST004628,2026-03-29,True,True,2,Android,0,1,0.973
DEV_SIMFRAUD393728,SIM_SWAP393728,CUST002251,2026-02-17,True,True,42,Android,1,1,0.841
DEV_SIMFRAUD393729,SIM_SWAP393729,CUST000391,2026-03-21,True,True,10,Android,0,1,0.952
DEV_SIMFRAUD393730,SIM_SWAP393730,CUST003042,2026-02-16,True,True,43,Android,1,1,0.985
DEV_SIMFRAUD393733,SIM_SWAP393733,CUST004086,2026-02-25,True,True,34,Android,0,1,0.72
DEV_SIMFRAUD393734,SIM_SWAP393734,CUST002773,2026-02-01,True,True,58,Android,0,1,0.847
DEV_SIMFRAUD393735,SIM_SWAP393735,CUST004575,2026-03-18,True,True,13,Android,0,1,0.906
DEV_SIMFRAUD393737,SIM_SWAP393737,CUST001698,2026-03-01,True,True,30,Android,0,1,0.95
DEV_SIMFRAUD393738,SIM_SWAP393738,CUST002176,2026-02-07,True,True,52,Android,0,1,0.749
DEV_SIMFRAUD393739,SIM_SWAP393739,CUST001885,2026-03-10,True,True,21,Android,0,1,0.87
DEV_SIMFRAUD393741,SIM_SWAP393741,CUST003949,2026-03-14,True,True,17,Android,0,1,0.749
DEV_SIMFRAUD393742,SIM_SWAP393742,CUST004334,2026-02-14,True,True,45,Android,0,1,0.927
DEV_SIMFRAUD393744,SIM_SWAP393744,CUST000588,2026-03-05,True,True,26,Android,0,1,0.785
DEV_SIMFRAUD393745,SIM_SWAP393745,CUST002574,2026-01-10,True,True,80,Android,1,1,0.781
DEV_SIMFRAUD393747,SIM_SWAP393747,CUST001683,2026-02-14,True,True,45,Android,0,1,0.931
DEV_SIMFRAUD393748,SIM_SWAP393748,CUST001339,2026-03-29,True,True,2,Android,0,1,0.953
DEV_SIMFRAUD393749,SIM_SWAP393749,CUST003221,2026-02-13,True,True,46,Android,0,1,0.803
DEV_SIMFRAUD393750,SIM_SWAP393750,CUST000218,2026-03-30,True,True,1,Android,0,1,0.85
DEV_SIMFRAUD393751,SIM_SWAP393751,CUST003216,2026-03-22,True,True,9,Android,0,1,0.908
DEV_SIMFRAUD393752,SIM_SWAP393752,CUST004514,2026-03-10,True,True,21,Android,0,1,0.924
DEV_SIMFRAUD393754,SIM_SWAP393754,CUST001571,2026-01-14,True,True,76,Android,0,1,0.931
DEV_SIMFRAUD393755,SIM_SWAP393755,CUST004150,2026-02-01,True,True,58,Android,0,1,0.817
DEV_SIMFRAUD393757,SIM_SWAP393757,CUST000609,2026-01-18,True,True,72,Android,0,1,0.861
DEV_SIMFRAUD393758,SIM_SWAP393758,CUST000729,2026-02-25,True,True,34,Android,0,1,0.733
DEV_SIMFRAUD393759,SIM_SWAP393759,CUST001909,2026-01-26,True,True,64,Android,0,1,0.985
DEV_SIMFRAUD393760,SIM_SWAP393760,CUST001293,2026-02-07,True,True,52,iOS,0,1,0.91
DEV_SIMFRAUD393761,SIM_SWAP393761,CUST001376,2026-03-19,True,True,12,Android,0,1,0.813
DEV_SIMFRAUD393763,SIM_SWAP393763,CUST000751,2026-02-07,True,True,52,Android,0,1,0.817
DEV_SIMFRAUD393766,SIM_SWAP393766,CUST004204,2026-03-30,True,True,1,Android,0,1,0.727
DEV_SIMFRAUD393768,SIM_SWAP393768,CUST002049,2026-01-28,True,True,62,iOS,1,1,0.837
DEV_SIMFRAUD393769,SIM_SWAP393769,CUST001623,2026-02-06,True,True,53,Android,0,1,0.902
DEV_SIMFRAUD393770,SIM_SWAP393770,CUST002114,2026-02-13,True,True,46,Android,0,1,0.986
DEV_SIMFRAUD393771,SIM_SWAP393771,CUST003930,2026-02-20,True,True,39,Android,0,1,0.894
DEV_SIMFRAUD393772,SIM_SWAP393772,CUST002090,2026-03-06,True,True,25,Android,0,1,0.895
DEV_SIMFRAUD393773,SIM_SWAP393773,CUST001509,2026-01-23,True,True,67,iOS,0,1,0.936
DEV_SIMFRAUD393774,SIM_SWAP393774,CUST002443,2026-03-15,True,True,16,Android,0,1,0.853
DEV_SIMFRAUD393775,SIM_SWAP393775,CUST003781,2026-01-30,True,True,60,Android,0,1,0.71
DEV_SIMFRAUD393776,SIM_SWAP393776,CUST004177,2026-03-24,True,True,7,Android,0,1,0.967
DEV_SIMFRAUD393777,SIM_SWAP393777,CUST003401,2026-03-17,True,True,14,Android,0,1,0.821
DEV_SIMFRAUD393778,SIM_SWAP393778,CUST000669,2026-03-12,True,True,19,Android,0,1,0.995
DEV_SIMFRAUD393779,SIM_SWAP393779,CUST000783,2026-02-08,True,True,51,iOS,1,1,0.822
DEV_SIMFRAUD393780,SIM_SWAP393780,CUST002080,2026-01-30,True,True,60,Android,0,1,0.901
DEV_SIMFRAUD393781,SIM_SWAP393781,CUST002284,2026-02-12,True,True,47,Android,0,1,0.838
DEV_SIMFRAUD393782,SIM_SWAP393782,CUST003281,2026-03-01,True,True,30,Android,0,1,0.77
DEV_SIMFRAUD393783,SIM_SWAP393783,CUST003378,2026-03-07,True,True,24,Android,0,1,0.979
DEV_SIMFRAUD393784,SIM_SWAP393784,CUST001770,2026-01-15,True,True,75,Android,1,1,0.888
DEV_SIMFRAUD393785,SIM_SWAP393785,CUST001714,2026-03-14,True,True,17,Android,0,1,0.835
DEV_SIMFRAUD393786,SIM_SWAP393786,CUST002225,2026-03-07,True,True,24,Android,0,1,0.743
DEV_SIMFRAUD393788,SIM_SWAP393788,CUST002056,2026-03-25,True,True,6,Android,0,1,1.0
DEV_SIMFRAUD393789,SIM_SWAP393789,CUST003646,2026-03-03,True,True,28,Android,0,1,0.969
DEV_SIMFRAUD393790,SIM_SWAP393790,CUST004118,2026-02-23,True,True,36,Android,0,1,0.827
DEV_SIMFRAUD393791,SIM_SWAP393791,CUST002314,2026-03-16,True,True,15,Android,0,1,0.751
DEV_SIMFRAUD393793,SIM_SWAP393793,CUST002809,2026-03-11,True,True,20,Android,1,1,0.709
DEV_SIMFRAUD393794,SIM_SWAP393794,CUST002219,2026-01-17,True,True,73,Android,0,1,0.746
DEV_SIMFRAUD393795,SIM_SWAP393795,CUST001611,2026-03-03,True,True,28,Android,0,1,0.86
DEV_SIMFRAUD393796,SIM_SWAP393796,CUST001149,2026-01-16,True,True,74,Android,0,1,0.945
DEV_SIMFRAUD393797,SIM_SWAP393797,CUST000358,2026-03-26,True,True,5,Android,1,1,0.809
DEV_SIMFRAUD393798,SIM_SWAP393798,CUST002696,2026-02-16,True,True,43,Android,0,1,0.83
DEV_SIMFRAUD393799,SIM_SWAP393799,CUST002120,2026-01-14,True,True,76,Android,0,1,0.842
DEV_SIMFRAUD393800,SIM_SWAP393800,CUST004081,2026-01-21,True,True,69,Android,0,1,0.705
DEV_SIMFRAUD393803,SIM_SWAP393803,CUST001207,2026-03-14,True,True,17,Android,0,1,0.753
DEV_SIMFRAUD393804,SIM_SWAP393804,CUST001384,2026-02-01,True,True,58,Android,0,1,0.85
DEV_SIMFRAUD393805,SIM_SWAP393805,CUST000082,2026-01-12,True,True,78,Android,0,1,0.784
DEV_SIMFRAUD393806,SIM_SWAP393806,CUST001898,2026-02-01,True,True,58,iOS,1,1,0.857
DEV_SIMFRAUD393807,SIM_SWAP393807,CUST000156,2026-02-21,True,True,38,Android,0,1,0.732
DEV_SIMFRAUD393809,SIM_SWAP393809,CUST004344,2026-01-26,True,True,64,Android,0,1,0.941
DEV_SIMFRAUD393811,SIM_SWAP393811,CUST000564,2026-01-22,True,True,68,Android,0,1,0.935
DEV_SIMFRAUD393813,SIM_SWAP393813,CUST000221,2026-01-06,True,True,84,Android,0,1,0.901
DEV_SIMFRAUD393814,SIM_SWAP393814,CUST002772,2026-01-15,True,True,75,Android,0,1,0.859
DEV_SIMFRAUD393815,SIM_SWAP393815,CUST004190,2026-02-15,True,True,44,Android,0,1,0.817
DEV_SIMFRAUD393817,SIM_SWAP393817,CUST003416,2026-03-14,True,True,17,Android,0,1,0.905
DEV_SIMFRAUD393818,SIM_SWAP393818,CUST003817,2026-02-25,True,True,34,Android,0,1,0.935
DEV_SIMFRAUD393819,SIM_SWAP393819,CUST001760,2026-01-31,True,True,59,Android,0,1,0.943
DEV_SIMFRAUD393820,SIM_SWAP393820,CUST004557,2026-02-06,True,True,53,Android,0,1,0.804
DEV_SIMFRAUD393821,SIM_SWAP393821,CUST001814,2026-03-28,True,True,3,Android,0,1,0.758
DEV_SIMFRAUD393824,SIM_SWAP393824,CUST003710,2026-03-30,True,True,1,Android,0,1,0.803
DEV_SIMFRAUD393825,SIM_SWAP393825,CUST004973,2026-03-23,True,True,8,Android,0,1,0.702
DEV_SIMFRAUD393826,SIM_SWAP393826,CUST004263,2026-02-19,True,True,40,iOS,0,1,0.827
DEV_SIMFRAUD393827,SIM_SWAP393827,CUST002371,2026-03-11,True,True,20,Android,0,1,0.782
DEV_SIMFRAUD393828,SIM_SWAP393828,CUST004585,2026-02-15,True,True,44,Android,0,1,0.937
DEV_SIMFRAUD393830,SIM_SWAP393830,CUST001303,2026-03-22,True,True,9,Android,0,1,0.902
DEV_SIMFRAUD393831,SIM_SWAP393831,CUST002974,2026-03-26,True,True,5,Android,0,1,0.708
DEV_SIMFRAUD393832,SIM_SWAP393832,CUST002359,2026-02-28,True,True,31,Android,1,1,0.743
DEV_SIMFRAUD393833,SIM_SWAP393833,CUST001007,2026-03-29,True,True,2,Android,0,1,0.863
DEV_SIMFRAUD393834,SIM_SWAP393834,CUST003870,2026-02-03,True,True,56,Android,0,1,0.885
DEV_SIMFRAUD393836,SIM_SWAP393836,CUST000187,2026-02-04,True,True,55,Android,0,1,0.931
DEV_SIMFRAUD393837,SIM_SWAP393837,CUST003301,2026-03-21,True,True,10,iOS,0,1,0.99
DEV_SIMFRAUD393838,SIM_SWAP393838,CUST002535,2026-02-04,True,True,55,iOS,0,1,0.911
DEV_SIMFRAUD393840,SIM_SWAP393840,CUST001771,2026-02-23,True,True,36,Android,0,1,0.863
DEV_SIMFRAUD393841,SIM_SWAP393841,CUST000227,2026-01-14,True,True,76,Android,0,1,0.824
DEV_SIMFRAUD393843,SIM_SWAP393843,CUST004132,2026-03-08,True,True,23,Android,0,1,0.921
DEV_SIMFRAUD393844,SIM_SWAP393844,CUST000852,2026-02-19,True,True,40,Android,0,1,0.98
DEV_SIMFRAUD393846,SIM_SWAP393846,CUST002097,2026-03-24,True,True,7,Android,0,1,0.827
DEV_SIMFRAUD393847,SIM_SWAP393847,CUST000301,2026-03-07,True,True,24,Android,0,1,0.875
DEV_SIMFRAUD393848,SIM_SWAP393848,CUST000799,2026-01-17,True,True,73,iOS,0,1,0.762
DEV_SIMFRAUD393849,SIM_SWAP393849,CUST000784,2026-01-10,True,True,80,Android,0,1,0.957
DEV_SIMFRAUD393851,SIM_SWAP393851,CUST000370,2026-02-14,True,True,45,Android,1,1,0.914
DEV_SIMFRAUD393852,SIM_SWAP393852,CUST000125,2026-01-06,True,True,84,Android,0,1,0.806
DEV_SIMFRAUD393853,SIM_SWAP393853,CUST003328,2026-01-20,True,True,70,Android,0,1,0.962
DEV_SIMFRAUD393854,SIM_SWAP393854,CUST002353,2026-01-06,True,True,84,Android,0,1,0.991
DEV_SIMFRAUD393855,SIM_SWAP393855,CUST001968,2026-03-05,True,True,26,Android,0,1,0.787
DEV_SIMFRAUD393856,SIM_SWAP393856,CUST004923,2026-01-10,True,True,80,Android,0,1,0.756
DEV_SIMFRAUD393858,SIM_SWAP393858,CUST001863,2026-01-23,True,True,67,iOS,0,1,0.95
DEV_SIMFRAUD393859,SIM_SWAP393859,CUST003607,2026-03-20,True,True,11,Android,1,1,0.875
DEV_SIMFRAUD393861,SIM_SWAP393861,CUST004377,2026-03-29,True,True,2,Android,0,1,0.965
DEV_SIMFRAUD393862,SIM_SWAP393862,CUST001979,2026-03-25,True,True,6,Android,0,1,0.804
DEV_SIMFRAUD393863,SIM_SWAP393863,CUST003599,2026-03-02,True,True,29,Android,0,1,0.874
DEV_SIMFRAUD393867,SIM_SWAP393867,CUST001452,2026-01-07,True,True,83,Android,0,1,0.873
DEV_SIMFRAUD393868,SIM_SWAP393868,CUST002805,2026-01-06,True,True,84,Android,0,1,0.756
DEV_SIMFRAUD393869,SIM_SWAP393869,CUST001923,2026-02-02,True,True,57,Android,0,1,0.998
DEV_SIMFRAUD393870,SIM_SWAP393870,CUST001543,2026-01-21,True,True,69,Android,1,1,0.899
DEV_SIMFRAUD393874,SIM_SWAP393874,CUST004422,2026-02-15,True,True,44,Android,0,1,0.899
DEV_SIMFRAUD393875,SIM_SWAP393875,CUST001103,2026-03-23,True,True,8,Android,0,1,0.789
DEV_SIMFRAUD393877,SIM_SWAP393877,CUST001233,2026-01-24,True,True,66,Android,0,1,0.895
DEV_SIMFRAUD393879,SIM_SWAP393879,CUST002578,2026-03-19,True,True,12,Android,1,1,0.95
DEV_SIMFRAUD393880,SIM_SWAP393880,CUST001473,2026-02-02,True,True,57,Android,0,1,0.944
DEV_SIMFRAUD393881,SIM_SWAP393881,CUST000999,2026-03-22,True,True,9,Android,0,1,0.976
DEV_SIMFRAUD393882,SIM_SWAP393882,CUST001038,2026-01-27,True,True,63,Android,0,1,0.745
DEV_SIMFRAUD393883,SIM_SWAP393883,CUST003158,2026-03-29,True,True,2,Android,0,1,0.755
DEV_SIMFRAUD393885,SIM_SWAP393885,CUST002304,2026-03-18,True,True,13,Android,0,1,0.913
DEV_SIMFRAUD393886,SIM_SWAP393886,CUST001219,2026-02-08,True,True,51,Android,0,1,0.942
DEV_SIMFRAUD393887,SIM_SWAP393887,CUST002271,2026-01-06,True,True,84,Android,1,1,0.902
DEV_SIMFRAUD393888,SIM_SWAP393888,CUST000817,2026-02-07,True,True,52,Android,0,1,0.743
DEV_SIMFRAUD393890,SIM_SWAP393890,CUST001211,2026-01-06,True,True,84,Android,0,1,0.878
DEV_SIMFRAUD393891,SIM_SWAP393891,CUST001989,2026-03-24,True,True,7,Android,1,1,0.925
DEV_SIMFRAUD393892,SIM_SWAP393892,CUST002973,2026-03-23,True,True,8,Android,0,1,0.741
DEV_SIMFRAUD393893,SIM_SWAP393893,CUST001084,2026-03-05,True,True,26,Android,0,1,0.717
DEV_SIMFRAUD393894,SIM_SWAP393894,CUST001370,2026-02-18,True,True,41,Android,0,1,0.776
DEV_SIMFRAUD393895,SIM_SWAP393895,CUST004044,2026-02-12,True,True,47,Android,0,1,0.727
DEV_SIMFRAUD393896,SIM_SWAP393896,CUST002744,2026-02-23,True,True,36,iOS,0,1,0.745
DEV_SIMFRAUD393897,SIM_SWAP393897,CUST003478,2026-03-11,True,True,20,Android,1,1,0.761
DEV_SIMFRAUD393898,SIM_SWAP393898,CUST004164,2026-03-22,True,True,9,Android,0,1,0.859
DEV_SIMFRAUD393899,SIM_SWAP393899,CUST003440,2026-03-25,True,True,6,Android,0,1,0.747
DEV_SIMFRAUD393900,SIM_SWAP393900,CUST003093,2026-01-25,True,True,65,Android,0,1,0.881
DEV_SIMFRAUD393901,SIM_SWAP393901,CUST004492,2026-02-04,True,True,55,Android,0,1,0.787
DEV_SIMFRAUD393902,SIM_SWAP393902,CUST000724,2026-03-05,True,True,26,iOS,1,1,0.793
DEV_SIMFRAUD393906,SIM_SWAP393906,CUST004079,2026-02-02,True,True,57,Android,0,1,0.99
DEV_SIMFRAUD393907,SIM_SWAP393907,CUST002350,2026-01-11,True,True,79,Android,0,1,0.942
DEV_SIMFRAUD393909,SIM_SWAP393909,CUST000449,2026-03-04,True,True,27,Android,0,1,0.827
DEV_SIMFRAUD393910,SIM_SWAP393910,CUST000654,2026-03-11,True,True,20,iOS,0,1,0.834
DEV_SIMFRAUD393911,SIM_SWAP393911,CUST001791,2026-02-16,True,True,43,Android,0,1,0.734
DEV_SIMFRAUD393912,SIM_SWAP393912,CUST003202,2026-03-07,True,True,24,iOS,0,1,0.953
DEV_SIMFRAUD393913,SIM_SWAP393913,CUST001871,2026-02-13,True,True,46,Android,0,1,0.701
DEV_SIMFRAUD393914,SIM_SWAP393914,CUST000490,2026-03-02,True,True,29,Android,1,1,0.743
DEV_SIMFRAUD393915,SIM_SWAP393915,CUST001478,2026-01-13,True,True,77,Android,0,1,0.86
DEV_SIMFRAUD393916,SIM_SWAP393916,CUST003772,2026-03-23,True,True,8,Android,0,1,0.757
DEV_SIMFRAUD393918,SIM_SWAP393918,CUST004894,2026-02-17,True,True,42,Android,0,1,0.89
DEV_SIMFRAUD393921,SIM_SWAP393921,CUST001004,2026-01-06,True,True,84,Android,0,1,0.701
DEV_SIMFRAUD393922,SIM_SWAP393922,CUST000538,2026-02-02,True,True,57,Android,0,1,0.73
DEV_SIMFRAUD393923,SIM_SWAP393923,CUST002899,2026-01-20,True,True,70,Android,2,1,0.929
DEV_SIMFRAUD393924,SIM_SWAP393924,CUST003531,2026-02-07,True,True,52,iOS,0,1,0.873
DEV_SIMFRAUD393925,SIM_SWAP393925,CUST002483,2026-02-25,True,True,34,Android,0,1,0.706
DEV_SIMFRAUD393927,SIM_SWAP393927,CUST002931,2026-03-05,True,True,26,Android,0,1,0.762
DEV_SIMFRAUD393928,SIM_SWAP393928,CUST003029,2026-03-25,True,True,6,Android,0,1,0.772
DEV_SIMFRAUD393931,SIM_SWAP393931,CUST002418,2026-02-19,True,True,40,Android,0,1,0.955
DEV_SIMFRAUD393933,SIM_SWAP393933,CUST000263,2026-03-24,True,True,7,iOS,0,1,0.875
DEV_SIMFRAUD393934,SIM_SWAP393934,CUST003984,2026-03-07,True,True,24,Android,0,1,0.862
DEV_SIMFRAUD393936,SIM_SWAP393936,CUST000598,2026-03-07,True,True,24,Android,0,1,0.726
DEV_SIMFRAUD393938,SIM_SWAP393938,CUST001741,2026-03-23,True,True,8,Android,1,1,0.897
DEV_SIMFRAUD393939,SIM_SWAP393939,CUST002920,2026-02-01,True,True,58,Android,0,1,0.747
DEV_SIMFRAUD393940,SIM_SWAP393940,CUST000026,2026-01-23,True,True,67,Android,0,1,0.857
DEV_SIMFRAUD393941,SIM_SWAP393941,CUST004535,2026-02-04,True,True,55,Android,0,1,0.878
DEV_SIMFRAUD393943,SIM_SWAP393943,CUST003668,2026-01-21,True,True,69,Android,0,1,0.953
DEV_SIMFRAUD393944,SIM_SWAP393944,CUST004396,2026-02-18,True,True,41,Android,1,1,0.942
DEV_SIMFRAUD393945,SIM_SWAP393945,CUST001026,2026-01-13,True,True,77,Android,0,1,0.757
DEV_SIMFRAUD393946,SIM_SWAP393946,CUST000420,2026-01-16,True,True,74,iOS,0,1,0.975
DEV_SIMFRAUD393947,SIM_SWAP393947,CUST000193,2026-01-06,True,True,84,Android,1,1,0.701
DEV_SIMFRAUD393948,SIM_SWAP393948,CUST001115,2026-02-19,True,True,40,Android,0,1,0.799
DEV_SIMFRAUD393949,SIM_SWAP393949,CUST004023,2026-03-27,True,True,4,Android,0,1,0.72
DEV_SIMFRAUD393950,SIM_SWAP393950,CUST002355,2026-03-12,True,True,19,Android,0,1,0.916
DEV_SIMFRAUD393951,SIM_SWAP393951,CUST001362,2026-02-17,True,True,42,Android,0,1,0.85
DEV_SIMFRAUD393952,SIM_SWAP393952,CUST001340,2026-01-14,True,True,76,Android,0,1,0.752
DEV_SIMFRAUD393954,SIM_SWAP393954,CUST003625,2026-02-28,True,True,31,Android,0,1,0.726
DEV_SIMFRAUD393955,SIM_SWAP393955,CUST000602,2026-02-04,True,True,55,Android,0,1,0.768
DEV_SIMFRAUD393956,SIM_SWAP393956,CUST004831,2026-02-24,True,True,35,Android,0,1,0.976
DEV_SIMFRAUD393958,SIM_SWAP393958,CUST001247,2026-02-22,True,True,37,Android,0,1,0.903
DEV_SIMFRAUD393959,SIM_SWAP393959,CUST000426,2026-01-11,True,True,79,iOS,0,1,0.773
DEV_SIMFRAUD393960,SIM_SWAP393960,CUST004460,2026-01-22,True,True,68,Android,0,1,0.968
DEV_SIMFRAUD393961,SIM_SWAP393961,CUST003303,2026-01-19,True,True,71,Android,0,1,0.741
DEV_SIMFRAUD393964,SIM_SWAP393964,CUST001779,2026-01-30,True,True,60,Android,0,1,0.907
DEV_SIMFRAUD393965,SIM_SWAP393965,CUST003335,2026-03-23,True,True,8,Android,0,1,0.827
DEV_SIMFRAUD393966,SIM_SWAP393966,CUST003296,2026-02-16,True,True,43,Android,0,1,0.78
DEV_SIMFRAUD393967,SIM_SWAP393967,CUST004337,2026-03-19,True,True,12,Android,0,1,0.779
DEV_SIMFRAUD393968,SIM_SWAP393968,CUST001040,2026-03-10,True,True,21,Android,0,1,0.85
DEV_SIMFRAUD393969,SIM_SWAP393969,CUST004262,2026-01-24,True,True,66,Android,0,1,0.979
DEV_SIMFRAUD393972,SIM_SWAP393972,CUST004616,2026-03-11,True,True,20,iOS,0,1,0.923
DEV_SIMFRAUD393974,SIM_SWAP393974,CUST002870,2026-01-28,True,True,62,Android,0,1,0.899
DEV_SIMFRAUD393976,SIM_SWAP393976,CUST004777,2026-02-15,True,True,44,iOS,0,1,0.963
DEV_SIMFRAUD393978,SIM_SWAP393978,CUST003442,2026-01-25,True,True,65,Android,0,1,0.871
DEV_SIMFRAUD393979,SIM_SWAP393979,CUST003560,2026-02-16,True,True,43,Android,0,1,0.758
DEV_SIMFRAUD393980,SIM_SWAP393980,CUST003730,2026-01-11,True,True,79,Android,0,1,0.993
DEV_SIMFRAUD393981,SIM_SWAP393981,CUST000776,2026-02-16,True,True,43,Android,0,1,0.86
DEV_SIMFRAUD393982,SIM_SWAP393982,CUST003919,2026-02-19,True,True,40,Android,0,1,0.795
DEV_SIMFRAUD393983,SIM_SWAP393983,CUST002993,2026-01-19,True,True,71,Android,0,1,0.933
DEV_SIMFRAUD393984,SIM_SWAP393984,CUST000648,2026-02-25,True,True,34,Android,0,1,0.839
DEV_SIMFRAUD393986,SIM_SWAP393986,CUST002254,2026-01-16,True,True,74,Android,0,1,0.704
DEV_SIMFRAUD393987,SIM_SWAP393987,CUST002908,2026-03-09,True,True,22,Android,1,1,0.796
DEV_SIMFRAUD393988,SIM_SWAP393988,CUST002338,2026-03-03,True,True,28,Android,0,1,0.837
DEV_SIMFRAUD393989,SIM_SWAP393989,CUST003795,2026-03-05,True,True,26,iOS,0,1,0.812
DEV_SIMFRAUD393990,SIM_SWAP393990,CUST000897,2026-01-19,True,True,71,Android,0,1,0.866
DEV_SIMFRAUD393991,SIM_SWAP393991,CUST003661,2026-03-27,True,True,4,iOS,0,1,0.755
DEV_SIMFRAUD393992,SIM_SWAP393992,CUST001193,2026-01-29,True,True,61,iOS,0,1,0.872
DEV_SIMFRAUD393993,SIM_SWAP393993,CUST001549,2026-03-24,True,True,7,Android,0,1,0.996
DEV_SIMFRAUD393994,SIM_SWAP393994,CUST002021,2026-01-10,True,True,80,Android,0,1,0.926
DEV_SIMFRAUD393995,SIM_SWAP393995,CUST003172,2026-03-23,True,True,8,Android,0,1,0.905
DEV_SIMFRAUD393996,SIM_SWAP393996,CUST000083,2026-03-17,True,True,14,Android,0,1,0.76
DEV_SIMFRAUD393998,SIM_SWAP393998,CUST000293,2026-03-03,True,True,28,Android,0,1,0.875
DEV_SIMFRAUD393999,SIM_SWAP393999,CUST000056,2026-02-04,True,True,55,iOS,0,1,0.946
DEV_SIMFRAUD394000,SIM_SWAP394000,CUST002322,2026-02-17,True,True,42,Android,0,1,0.772
DEV_SIMFRAUD394001,SIM_SWAP394001,CUST004951,2026-02-22,True,True,37,Android,1,1,0.726
DEV_SIMFRAUD394003,SIM_SWAP394003,CUST004856,2026-03-12,True,True,19,Android,0,1,0.899
DEV_SIMFRAUD394004,SIM_SWAP394004,CUST004533,2026-03-26,True,True,5,Android,0,1,0.902
DEV_SIMFRAUD394005,SIM_SWAP394005,CUST001062,2026-03-20,True,True,11,Android,0,1,0.941
DEV_SIMFRAUD394006,SIM_SWAP394006,CUST003120,2026-01-18,True,True,72,iOS,0,1,0.889
DEV_SIMFRAUD394007,SIM_SWAP394007,CUST002167,2026-01-13,True,True,77,Android,0,1,0.954
DEV_SIMFRAUD394009,SIM_SWAP394009,CUST004430,2026-01-16,True,True,74,Android,0,1,0.78
DEV_SIMFRAUD394010,SIM_SWAP394010,CUST001856,2026-03-28,True,True,3,Android,0,1,0.711
DEV_SIMFRAUD394011,SIM_SWAP394011,CUST004037,2026-03-12,True,True,19,Android,0,1,0.92
DEV_SIMFRAUD394013,SIM_SWAP394013,CUST000068,2026-02-28,True,True,31,Android,0,1,0.816
DEV_SIMFRAUD394014,SIM_SWAP394014,CUST004618,2026-02-03,True,True,56,Android,0,1,0.763
DEV_SIMFRAUD394015,SIM_SWAP394015,CUST001074,2026-03-25,True,True,6,Android,0,1,0.715
DEV_SIMFRAUD394017,SIM_SWAP394017,CUST000794,2026-02-15,True,True,44,Android,0,1,0.927
DEV_SIMFRAUD394018,SIM_SWAP394018,CUST002395,2026-03-16,True,True,15,Android,0,1,0.948
DEV_SIMFRAUD394019,SIM_SWAP394019,CUST004644,2026-03-16,True,True,15,Android,1,1,0.817
DEV_SIMFRAUD394020,SIM_SWAP394020,CUST003014,2026-03-01,True,True,30,Android,0,1,0.966
DEV_SIMFRAUD394021,SIM_SWAP394021,CUST004427,2026-01-11,True,True,79,Android,0,1,0.825
DEV_SIMFRAUD394022,SIM_SWAP394022,CUST004503,2026-03-01,True,True,30,Android,0,1,0.985
DEV_SIMFRAUD394023,SIM_SWAP394023,CUST003039,2026-03-06,True,True,25,Android,0,1,0.995
DEV_SIMFRAUD394024,SIM_SWAP394024,CUST004482,2026-01-31,True,True,59,Android,0,1,0.945
DEV_SIMFRAUD394025,SIM_SWAP394025,CUST003766,2026-03-13,True,True,18,Android,0,1,0.777
DEV_SIMFRAUD394026,SIM_SWAP394026,CUST000378,2026-01-09,True,True,81,Android,0,1,0.81
DEV_SIMFRAUD394027,SIM_SWAP394027,CUST000317,2026-03-07,True,True,24,Android,0,1,0.86
DEV_SIMFRAUD394029,SIM_SWAP394029,CUST002109,2026-02-07,True,True,52,Android,0,1,0.799
DEV_SIMFRAUD394030,SIM_SWAP394030,CUST002996,2026-03-19,True,True,12,Android,0,1,0.946
DEV_SIMFRAUD394031,SIM_SWAP394031,CUST002401,2026-03-27,True,True,4,Android,0,1,0.978
DEV_SIMFRAUD394032,SIM_SWAP394032,CUST003398,2026-03-06,True,True,25,Android,0,1,0.996
DEV_SIMFRAUD394033,SIM_SWAP394033,CUST004436,2026-02-23,True,True,36,Android,0,1,0.801
DEV_SIMFRAUD394034,SIM_SWAP394034,CUST000577,2026-02-12,True,True,47,Android,0,1,0.781
DEV_SIMFRAUD394036,SIM_SWAP394036,CUST001095,2026-03-26,True,True,5,iOS,0,1,0.748
DEV_SIMFRAUD394037,SIM_SWAP394037,CUST003102,2026-01-26,True,True,64,Android,0,1,0.714
DEV_SIMFRAUD394038,SIM_SWAP394038,CUST004390,2026-03-29,True,True,2,Android,0,1,0.753
DEV_SIMFRAUD394040,SIM_SWAP394040,CUST002405,2026-02-01,True,True,58,iOS,0,1,0.785
DEV_SIMFRAUD394041,SIM_SWAP394041,CUST002300,2026-03-16,True,True,15,Android,0,1,0.817
DEV_SIMFRAUD394042,SIM_SWAP394042,CUST001504,2026-01-11,True,True,79,Android,0,1,0.733
DEV_SIMFRAUD394044,SIM_SWAP394044,CUST001258,2026-03-28,True,True,3,Android,1,1,0.946
DEV_SIMFRAUD394045,SIM_SWAP394045,CUST000616,2026-03-25,True,True,6,Android,0,1,0.886
DEV_SIMFRAUD394046,SIM_SWAP394046,CUST000447,2026-01-19,True,True,71,Android,0,1,0.869
DEV_SIMFRAUD394047,SIM_SWAP394047,CUST000328,2026-02-10,True,True,49,Android,1,1,0.864
DEV_SIMFRAUD394048,SIM_SWAP394048,CUST002489,2026-01-18,True,True,72,Android,0,1,0.787
DEV_SIMFRAUD394049,SIM_SWAP394049,CUST003133,2026-02-28,True,True,31,Android,0,1,0.981
DEV_SIMFRAUD394051,SIM_SWAP394051,CUST002237,2026-02-07,True,True,52,Android,0,1,0.77
DEV_SIMFRAUD394052,SIM_SWAP394052,CUST003623,2026-01-15,True,True,75,Android,1,1,0.901
DEV_SIMFRAUD394053,SIM_SWAP394053,CUST002672,2026-03-04,True,True,27,Android,0,1,0.776
DEV_SIMFRAUD394054,SIM_SWAP394054,CUST002066,2026-03-16,True,True,15,Android,0,1,0.997
DEV_SIMFRAUD394055,SIM_SWAP394055,CUST001985,2026-02-05,True,True,54,iOS,0,1,0.973
DEV_SIMFRAUD394056,SIM_SWAP394056,CUST000981,2026-01-10,True,True,80,Android,0,1,0.779
DEV_SIMFRAUD394057,SIM_SWAP394057,CUST000599,2026-01-15,True,True,75,Android,0,1,0.996
DEV_SIMFRAUD394058,SIM_SWAP394058,CUST001140,2026-03-16,True,True,15,Android,0,1,0.888
DEV_SIMFRAUD394060,SIM_SWAP394060,CUST001380,2026-01-22,True,True,68,Android,0,1,0.919
DEV_SIMFRAUD394061,SIM_SWAP394061,CUST003917,2026-03-26,True,True,5,Android,0,1,0.785
DEV_SIMFRAUD394062,SIM_SWAP394062,CUST002211,2026-01-06,True,True,84,Android,0,1,0.765
DEV_SIMFRAUD394063,SIM_SWAP394063,CUST004239,2026-02-08,True,True,51,Android,0,1,0.957
DEV_SIMFRAUD394064,SIM_SWAP394064,CUST001904,2026-03-09,True,True,22,iOS,0,1,0.783
DEV_SIMFRAUD394065,SIM_SWAP394065,CUST004724,2026-03-25,True,True,6,Android,0,1,0.975
DEV_SIMFRAUD394068,SIM_SWAP394068,CUST003092,2026-01-17,True,True,73,Android,1,1,0.81
DEV_SIMFRAUD394069,SIM_SWAP394069,CUST002034,2026-03-02,True,True,29,Android,0,1,0.703
DEV_SIMFRAUD394070,SIM_SWAP394070,CUST001434,2026-01-16,True,True,74,Android,2,1,0.878
DEV_SIMFRAUD394071,SIM_SWAP394071,CUST001010,2026-02-21,True,True,38,Android,0,1,0.806
DEV_SIMFRAUD394073,SIM_SWAP394073,CUST004479,2026-01-30,True,True,60,Android,0,1,0.993
DEV_SIMFRAUD394074,SIM_SWAP394074,CUST004087,2026-01-24,True,True,66,Android,0,1,0.816
DEV_SIMFRAUD394075,SIM_SWAP394075,CUST001558,2026-01-10,True,True,80,Android,0,1,0.794
DEV_SIMFRAUD394077,SIM_SWAP394077,CUST002022,2026-03-15,True,True,16,Android,0,1,0.87
DEV_SIMFRAUD394078,SIM_SWAP394078,CUST003403,2026-03-12,True,True,19,Android,1,1,0.919
DEV_SIMFRAUD394079,SIM_SWAP394079,CUST002256,2026-03-15,True,True,16,Android,0,1,0.99
DEV_SIMFRAUD394080,SIM_SWAP394080,CUST000198,2026-03-10,True,True,21,Android,0,1,0.721
DEV_SIMFRAUD394081,SIM_SWAP394081,CUST001208,2026-03-17,True,True,14,Android,0,1,0.826
DEV_SIMFRAUD394082,SIM_SWAP394082,CUST000973,2026-01-12,True,True,78,Android,0,1,0.899
DEV_SIMFRAUD394083,SIM_SWAP394083,CUST002181,2026-01-17,True,True,73,Android,0,1,0.701
DEV_SIMFRAUD394084,SIM_SWAP394084,CUST003659,2026-02-11,True,True,48,Android,1,1,0.847
DEV_SIMFRAUD394087,SIM_SWAP394087,CUST000352,2026-03-21,True,True,10,Android,0,1,0.942
DEV_SIMFRAUD394088,SIM_SWAP394088,CUST002200,2026-02-21,True,True,38,iOS,1,1,0.715
DEV_SIMFRAUD394089,SIM_SWAP394089,CUST003641,2026-03-02,True,True,29,Android,1,1,0.802
DEV_SIMFRAUD394090,SIM_SWAP394090,CUST000990,2026-02-01,True,True,58,Android,0,1,0.82
DEV_SIMFRAUD394094,SIM_SWAP394094,CUST004412,2026-03-14,True,True,17,Android,0,1,0.915
DEV_SIMFRAUD394096,SIM_SWAP394096,CUST000917,2026-02-26,True,True,33,iOS,0,1,0.789
DEV_SIMFRAUD394097,SIM_SWAP394097,CUST004619,2026-02-26,True,True,33,Android,0,1,0.774
DEV_SIMFRAUD394098,SIM_SWAP394098,CUST004360,2026-01-21,True,True,69,Android,0,1,0.735
DEV_SIMFRAUD394099,SIM_SWAP394099,CUST001980,2026-02-24,True,True,35,Android,0,1,0.999
DEV_SIMFRAUD394100,SIM_SWAP394100,CUST001135,2026-03-15,True,True,16,Android,0,1,0.841
DEV_SIMFRAUD394107,SIM_SWAP394107,CUST002836,2026-03-01,True,True,30,Android,0,1,0.714
DEV_SIMFRAUD394108,SIM_SWAP394108,CUST003037,2026-02-06,True,True,53,Android,0,1,0.723
DEV_SIMFRAUD394109,SIM_SWAP394109,CUST001468,2026-03-03,True,True,28,iOS,0,1,0.738
DEV_SIMFRAUD394110,SIM_SWAP394110,CUST003309,2026-01-18,True,True,72,Android,0,1,0.764
DEV_SIMFRAUD394112,SIM_SWAP394112,CUST004123,2026-03-14,True,True,17,Android,0,1,0.922
DEV_SIMFRAUD394113,SIM_SWAP394113,CUST004583,2026-02-13,True,True,46,Android,0,1,0.868
DEV_SIMFRAUD394114,SIM_SWAP394114,CUST004061,2026-01-23,True,True,67,Android,0,1,0.933
DEV_SIMFRAUD394119,SIM_SWAP394119,CUST001536,2026-03-04,True,True,27,Android,0,1,0.706
DEV_SIMFRAUD394121,SIM_SWAP394121,CUST004647,2026-03-20,True,True,11,Android,0,1,0.78
DEV_SIMFRAUD394122,SIM_SWAP394122,CUST001316,2026-01-12,True,True,78,Android,0,1,0.822
DEV_SIMFRAUD394123,SIM_SWAP394123,CUST003654,2026-01-12,True,True,78,Android,1,1,0.829
DEV_SIMFRAUD394124,SIM_SWAP394124,CUST001426,2026-03-03,True,True,28,Android,0,1,0.716
DEV_SIMFRAUD394125,SIM_SWAP394125,CUST003382,2026-01-07,True,True,83,Android,1,1,0.853
DEV_SIMFRAUD394126,SIM_SWAP394126,CUST001506,2026-03-25,True,True,6,Android,0,1,0.786
DEV_SIMFRAUD394127,SIM_SWAP394127,CUST000859,2026-01-13,True,True,77,Android,0,1,0.757
DEV_SIMFRAUD394128,SIM_SWAP394128,CUST004119,2026-02-09,True,True,50,Android,0,1,0.901
DEV_SIMFRAUD394129,SIM_SWAP394129,CUST002190,2026-02-13,True,True,46,Android,0,1,0.725
DEV_SIMFRAUD394131,SIM_SWAP394131,CUST003567,2026-03-25,True,True,6,iOS,0,1,0.96
DEV_SIMFRAUD394132,SIM_SWAP394132,CUST001541,2026-02-10,True,True,49,Android,0,1,0.97
DEV_SIMFRAUD394134,SIM_SWAP394134,CUST002841,2026-02-11,True,True,48,Android,0,1,0.798
DEV_SIMFRAUD394135,SIM_SWAP394135,CUST003884,2026-02-11,True,True,48,iOS,0,1,0.996
DEV_SIMFRAUD394136,SIM_SWAP394136,CUST001962,2026-01-07,True,True,83,Android,0,1,0.82
DEV_SIMFRAUD394137,SIM_SWAP394137,CUST001332,2026-02-17,True,True,42,Android,1,1,0.989
DEV_SIMFRAUD394138,SIM_SWAP394138,CUST002757,2026-01-22,True,True,68,iOS,1,1,0.996
DEV_SIMFRAUD394139,SIM_SWAP394139,CUST001534,2026-01-31,True,True,59,Android,0,1,0.948
DEV_SIMFRAUD394141,SIM_SWAP394141,CUST002797,2026-03-02,True,True,29,Android,1,1,0.737
DEV_SIMFRAUD394143,SIM_SWAP394143,CUST003142,2026-03-29,True,True,2,Android,1,1,0.875
DEV_SIMFRAUD394144,SIM_SWAP394144,CUST002481,2026-03-26,True,True,5,Android,0,1,0.92
DEV_SIMFRAUD394145,SIM_SWAP394145,CUST001722,2026-03-03,True,True,28,Android,0,1,0.723
DEV_SIMFRAUD394147,SIM_SWAP394147,CUST003474,2026-02-28,True,True,31,Android,0,1,0.968
DEV_SIMFRAUD394148,SIM_SWAP394148,CUST004413,2026-01-28,True,True,62,Android,0,1,0.956
DEV_SIMFRAUD394149,SIM_SWAP394149,CUST004773,2026-01-06,True,True,84,iOS,0,1,0.98
DEV_SIMFRAUD394150,SIM_SWAP394150,CUST000552,2026-02-11,True,True,48,Android,1,1,0.854
DEV_SIMFRAUD394151,SIM_SWAP394151,CUST002828,2026-02-01,True,True,58,Android,0,1,0.797
DEV_SIMFRAUD394152,SIM_SWAP394152,CUST003494,2026-01-17,True,True,73,Android,0,1,0.852
DEV_SIMFRAUD394153,SIM_SWAP394153,CUST000629,2026-03-06,True,True,25,Android,0,1,0.919
DEV_SIMFRAUD394156,SIM_SWAP394156,CUST001129,2026-01-19,True,True,71,Android,0,1,0.825
DEV_SIMFRAUD394157,SIM_SWAP394157,CUST004646,2026-03-02,True,True,29,Android,0,1,0.806
DEV_SIMFRAUD394159,SIM_SWAP394159,CUST003764,2026-01-27,True,True,63,Android,0,1,0.723
DEV_SIMFRAUD394160,SIM_SWAP394160,CUST000311,2026-01-06,True,True,84,Android,0,1,0.834
DEV_SIMFRAUD394162,SIM_SWAP394162,CUST004786,2026-02-26,True,True,33,Android,0,1,0.818
DEV_SIMFRAUD394163,SIM_SWAP394163,CUST003055,2026-03-19,True,True,12,Android,0,1,0.899
DEV_SIMFRAUD394167,SIM_SWAP394167,CUST001278,2026-03-30,True,True,1,Android,0,1,0.832
DEV_SIMFRAUD394168,SIM_SWAP394168,CUST001205,2026-02-03,True,True,56,Android,0,1,0.701
DEV_SIMFRAUD394169,SIM_SWAP394169,CUST002192,2026-03-25,True,True,6,Android,0,1,0.845
DEV_SIMFRAUD394170,SIM_SWAP394170,CUST003171,2026-03-19,True,True,12,iOS,0,1,0.932
DEV_SIMFRAUD394171,SIM_SWAP394171,CUST004285,2026-03-24,True,True,7,Android,0,1,0.984
DEV_SIMFRAUD394172,SIM_SWAP394172,CUST001761,2026-02-11,True,True,48,Android,0,1,0.758
DEV_SIMFRAUD394173,SIM_SWAP394173,CUST003978,2026-02-24,True,True,35,Android,0,1,0.827
DEV_SIMFRAUD394174,SIM_SWAP394174,CUST002148,2026-03-01,True,True,30,Android,0,1,0.954
DEV_SIMFRAUD394175,SIM_SWAP394175,CUST002731,2026-03-16,True,True,15,Android,0,1,0.713
DEV_SIMFRAUD394176,SIM_SWAP394176,CUST004058,2026-03-26,True,True,5,Android,0,1,0.805
DEV_SIMFRAUD394177,SIM_SWAP394177,CUST000429,2026-03-30,True,True,1,Android,0,1,0.877
DEV_SIMFRAUD394178,SIM_SWAP394178,CUST001826,2026-01-31,True,True,59,Android,0,1,0.803
DEV_SIMFRAUD394179,SIM_SWAP394179,CUST000342,2026-01-07,True,True,83,Android,0,1,0.847
DEV_SIMFRAUD394180,SIM_SWAP394180,CUST004976,2026-03-28,True,True,3,Android,1,1,0.982
DEV_SIMFRAUD394182,SIM_SWAP394182,CUST004987,2026-01-21,True,True,69,Android,0,1,0.707
DEV_SIMFRAUD394183,SIM_SWAP394183,CUST001895,2026-03-17,True,True,14,iOS,0,1,0.723
DEV_SIMFRAUD394185,SIM_SWAP394185,CUST004238,2026-02-12,True,True,47,Android,0,1,0.759
DEV_SIMFRAUD394186,SIM_SWAP394186,CUST002914,2026-02-14,True,True,45,Android,1,1,0.815
DEV_SIMFRAUD394187,SIM_SWAP394187,CUST003420,2026-03-06,True,True,25,Android,0,1,0.841
DEV_SIMFRAUD394189,SIM_SWAP394189,CUST004513,2026-03-15,True,True,16,Android,0,1,0.711
DEV_SIMFRAUD394190,SIM_SWAP394190,CUST004774,2026-02-22,True,True,37,Android,0,1,0.965
DEV_SIMFRAUD394191,SIM_SWAP394191,CUST000642,2026-03-12,True,True,19,Android,0,1,0.928
DEV_SIMFRAUD394193,SIM_SWAP394193,CUST001634,2026-01-26,True,True,64,Android,0,1,0.78
DEV_SIMFRAUD394194,SIM_SWAP394194,CUST001225,2026-03-08,True,True,23,Android,0,1,0.777
DEV_SIMFRAUD394195,SIM_SWAP394195,CUST000053,2026-01-06,True,True,84,Android,0,1,0.708
DEV_SIMFRAUD394196,SIM_SWAP394196,CUST003465,2026-01-16,True,True,74,Android,0,1,0.82
DEV_SIMFRAUD394197,SIM_SWAP394197,CUST000408,2026-01-10,True,True,80,Android,0,1,0.776
DEV_SIMFRAUD394198,SIM_SWAP394198,CUST004477,2026-02-19,True,True,40,iOS,0,1,0.886
DEV_SIMFRAUD394199,SIM_SWAP394199,CUST004673,2026-02-03,True,True,56,Android,0,1,0.864
DEV_SIMFRAUD394201,SIM_SWAP394201,CUST001106,2026-03-08,True,True,23,iOS,0,1,0.987
DEV_SIMFRAUD394202,SIM_SWAP394202,CUST001667,2026-02-08,True,True,51,Android,1,1,0.939
DEV_SIMFRAUD394205,SIM_SWAP394205,CUST002889,2026-01-25,True,True,65,Android,1,1,0.724
DEV_SIMFRAUD394206,SIM_SWAP394206,CUST002100,2026-01-19,True,True,71,Android,0,1,0.911
DEV_SIMFRAUD394208,SIM_SWAP394208,CUST001718,2026-02-18,True,True,41,Android,0,1,0.732
DEV_SIMFRAUD394210,SIM_SWAP394210,CUST002712,2026-03-23,True,True,8,Android,0,1,0.797
DEV_SIMFRAUD394211,SIM_SWAP394211,CUST004561,2026-02-15,True,True,44,Android,0,1,0.867
DEV_SIMFRAUD394212,SIM_SWAP394212,CUST000222,2026-01-17,True,True,73,iOS,0,1,0.849
DEV_SIMFRAUD394213,SIM_SWAP394213,CUST003154,2026-02-22,True,True,37,Android,0,1,0.908
DEV_SIMFRAUD394214,SIM_SWAP394214,CUST002868,2026-01-21,True,True,69,Android,1,1,0.943
DEV_SIMFRAUD394218,SIM_SWAP394218,CUST004312,2026-02-02,True,True,57,Android,0,1,0.949
DEV_SIMFRAUD394219,SIM_SWAP394219,CUST000195,2026-02-03,True,True,56,Android,0,1,0.718
DEV_SIMFRAUD394220,SIM_SWAP394220,CUST000481,2026-01-25,True,True,65,Android,0,1,0.892
DEV_SIMFRAUD394221,SIM_SWAP394221,CUST002793,2026-01-31,True,True,59,Android,0,1,0.988
DEV_SIMFRAUD394222,SIM_SWAP394222,CUST000274,2026-03-15,True,True,16,iOS,0,1,0.927
DEV_SIMFRAUD394223,SIM_SWAP394223,CUST000468,2026-03-21,True,True,10,Android,0,1,0.856
DEV_SIMFRAUD394227,SIM_SWAP394227,CUST001201,2026-02-14,True,True,45,iOS,0,1,1.0
DEV_SIMFRAUD394228,SIM_SWAP394228,CUST000553,2026-03-25,True,True,6,Android,0,1,0.713
DEV_SIMFRAUD394229,SIM_SWAP394229,CUST003854,2026-01-27,True,True,63,Android,0,1,0.726
DEV_SIMFRAUD394231,SIM_SWAP394231,CUST004093,2026-03-12,True,True,19,Android,0,1,0.93
DEV_SIMFRAUD394232,SIM_SWAP394232,CUST002905,2026-02-17,True,True,42,Android,0,1,0.865
DEV_SIMFRAUD394233,SIM_SWAP394233,CUST004066,2026-02-09,True,True,50,Android,0,1,0.737
DEV_SIMFRAUD394234,SIM_SWAP394234,CUST003635,2026-01-19,True,True,71,Android,0,1,0.813
DEV_SIMFRAUD394235,SIM_SWAP394235,CUST001327,2026-01-09,True,True,81,Android,0,1,0.719
DEV_SIMFRAUD394236,SIM_SWAP394236,CUST004788,2026-03-25,True,True,6,Android,0,1,0.858
DEV_SIMFRAUD394237,SIM_SWAP394237,CUST001214,2026-02-28,True,True,31,Android,0,1,0.731
DEV_SIMFRAUD394238,SIM_SWAP394238,CUST001516,2026-01-10,True,True,80,Android,0,1,0.702
DEV_SIMFRAUD394240,SIM_SWAP394240,CUST000112,2026-01-12,True,True,78,Android,1,1,0.797
DEV_SIMFRAUD394241,SIM_SWAP394241,CUST002508,2026-03-26,True,True,5,Android,1,1,0.77
DEV_SIMFRAUD394242,SIM_SWAP394242,CUST004640,2026-03-29,True,True,2,iOS,2,1,0.809
DEV_SIMFRAUD394243,SIM_SWAP394243,CUST001083,2026-01-28,True,True,62,Android,0,1,0.805
DEV_SIMFRAUD394244,SIM_SWAP394244,CUST004372,2026-03-11,True,True,20,Android,0,1,0.889
DEV_SIMFRAUD394246,SIM_SWAP394246,CUST004207,2026-01-13,True,True,77,Android,0,1,0.904
DEV_SIMFRAUD394247,SIM_SWAP394247,CUST000489,2026-01-25,True,True,65,iOS,0,1,0.738
DEV_SIMFRAUD394249,SIM_SWAP394249,CUST000884,2026-03-19,True,True,12,Android,0,1,0.847
DEV_SIMFRAUD394250,SIM_SWAP394250,CUST000117,2026-02-18,True,True,41,Android,0,1,0.967
DEV_SIMFRAUD394251,SIM_SWAP394251,CUST003085,2026-01-14,True,True,76,Android,0,1,0.745
DEV_SIMFRAUD394252,SIM_SWAP394252,CUST002162,2026-01-19,True,True,71,Android,0,1,0.99
DEV_SIMFRAUD394253,SIM_SWAP394253,CUST001604,2026-03-30,True,True,1,Android,0,1,0.706
DEV_SIMFRAUD394257,SIM_SWAP394257,CUST001349,2026-03-21,True,True,10,Android,0,1,0.73
DEV_SIMFRAUD394258,SIM_SWAP394258,CUST002502,2026-02-04,True,True,55,Android,1,1,0.753
DEV_SIMFRAUD394259,SIM_SWAP394259,CUST001346,2026-01-08,True,True,82,Android,2,1,0.841
DEV_SIMFRAUD394260,SIM_SWAP394260,CUST001054,2026-02-04,True,True,55,Android,0,1,0.79
DEV_SIMFRAUD394261,SIM_SWAP394261,CUST000696,2026-02-04,True,True,55,Android,0,1,0.825
DEV_SIMFRAUD394262,SIM_SWAP394262,CUST004909,2026-03-24,True,True,7,Android,0,1,0.982
DEV_SIMFRAUD394263,SIM_SWAP394263,CUST002591,2026-02-04,True,True,55,Android,0,1,0.802
DEV_SIMFRAUD394264,SIM_SWAP394264,CUST002202,2026-02-28,True,True,31,Android,0,1,0.954
DEV_SIMFRAUD394266,SIM_SWAP394266,CUST000087,2026-01-16,True,True,74,Android,0,1,0.722
DEV_SIMFRAUD394267,SIM_SWAP394267,CUST000336,2026-01-17,True,True,73,Android,0,1,0.944
DEV_SIMFRAUD394269,SIM_SWAP394269,CUST004808,2026-02-28,True,True,31,Android,0,1,0.97
DEV_SIMFRAUD394270,SIM_SWAP394270,CUST004852,2026-02-25,True,True,34,Android,0,1,0.785
DEV_SIMFRAUD394271,SIM_SWAP394271,CUST000081,2026-02-21,True,True,38,Android,0,1,0.864
DEV_SIMFRAUD394272,SIM_SWAP394272,CUST000815,2026-03-13,True,True,18,Android,0,1,0.756
DEV_SIMFRAUD394273,SIM_SWAP394273,CUST002855,2026-01-25,True,True,65,Android,1,1,0.727
DEV_SIMFRAUD394274,SIM_SWAP394274,CUST002183,2026-01-11,True,True,79,Android,1,1,0.931
DEV_SIMFRAUD394275,SIM_SWAP394275,CUST003809,2026-03-13,True,True,18,Android,0,1,0.889
DEV_SIMFRAUD394277,SIM_SWAP394277,CUST001197,2026-03-08,True,True,23,Android,0,1,0.926
DEV_SIMFRAUD394278,SIM_SWAP394278,CUST002866,2026-01-21,True,True,69,Android,1,1,0.832
DEV_SIMFRAUD394279,SIM_SWAP394279,CUST004906,2026-01-14,True,True,76,Android,0,1,0.775
DEV_SIMFRAUD394281,SIM_SWAP394281,CUST002846,2026-02-15,True,True,44,Android,1,1,0.828
DEV_SIMFRAUD394283,SIM_SWAP394283,CUST004307,2026-01-06,True,True,84,Android,0,1,0.719
DEV_SIMFRAUD394284,SIM_SWAP394284,CUST002922,2026-01-20,True,True,70,Android,0,1,0.785
DEV_SIMFRAUD394285,SIM_SWAP394285,CUST002580,2026-03-25,True,True,6,Android,0,1,0.789
DEV_SIMFRAUD394286,SIM_SWAP394286,CUST002971,2026-02-23,True,True,36,Android,0,1,0.914
DEV_SIMFRAUD394287,SIM_SWAP394287,CUST003592,2026-01-14,True,True,76,Android,0,1,0.716
DEV_SIMFRAUD394288,SIM_SWAP394288,CUST002420,2026-03-03,True,True,28,Android,0,1,0.774
DEV_SIMFRAUD394290,SIM_SWAP394290,CUST000504,2026-03-21,True,True,10,Android,0,1,0.783
DEV_SIMFRAUD394291,SIM_SWAP394291,CUST004440,2026-01-31,True,True,59,Android,0,1,0.865
DEV_SIMFRAUD394292,SIM_SWAP394292,CUST004080,2026-01-17,True,True,73,Android,0,1,0.773
DEV_SIMFRAUD394293,SIM_SWAP394293,CUST003477,2026-01-24,True,True,66,Android,1,1,0.74
DEV_SIMFRAUD394294,SIM_SWAP394294,CUST002173,2026-02-08,True,True,51,Android,0,1,0.777
DEV_SIMFRAUD394295,SIM_SWAP394295,CUST003399,2026-03-15,True,True,16,Android,0,1,0.827
DEV_SIMFRAUD394296,SIM_SWAP394296,CUST002197,2026-03-05,True,True,26,Android,1,1,0.858
DEV_SIMFRAUD394297,SIM_SWAP394297,CUST002593,2026-03-05,True,True,26,Android,0,1,0.711
DEV_SIMFRAUD394298,SIM_SWAP394298,CUST000882,2026-02-04,True,True,55,iOS,1,1,0.793
DEV_SIMFRAUD394299,SIM_SWAP394299,CUST001242,2026-02-17,True,True,42,Android,0,1,0.929
DEV_SIMFRAUD394302,SIM_SWAP394302,CUST004706,2026-01-29,True,True,61,Android,0,1,0.879
DEV_SIMFRAUD394303,SIM_SWAP394303,CUST001556,2026-03-16,True,True,15,Android,0,1,0.837
DEV_SIMFRAUD394304,SIM_SWAP394304,CUST004257,2026-03-29,True,True,2,Android,0,1,0.836
DEV_SIMFRAUD394305,SIM_SWAP394305,CUST004222,2026-01-17,True,True,73,iOS,1,1,0.811
DEV_SIMFRAUD394307,SIM_SWAP394307,CUST003433,2026-02-03,True,True,56,Android,0,1,0.803
DEV_SIMFRAUD394308,SIM_SWAP394308,CUST001790,2026-03-01,True,True,30,Android,0,1,0.82
DEV_SIMFRAUD394309,SIM_SWAP394309,CUST004772,2026-02-01,True,True,58,iOS,1,1,0.961
DEV_SIMFRAUD394310,SIM_SWAP394310,CUST003611,2026-02-26,True,True,33,Android,0,1,0.841
DEV_SIMFRAUD394313,SIM_SWAP394313,CUST001240,2026-03-07,True,True,24,Android,0,1,0.901
DEV_SIMFRAUD394315,SIM_SWAP394315,CUST000627,2026-03-30,True,True,1,Android,0,1,0.942
DEV_SIMFRAUD394316,SIM_SWAP394316,CUST002024,2026-03-08,True,True,23,Android,0,1,0.83
DEV_SIMFRAUD394318,SIM_SWAP394318,CUST004256,2026-03-09,True,True,22,Android,0,1,0.952
DEV_SIMFRAUD394319,SIM_SWAP394319,CUST002950,2026-01-14,True,True,76,Android,0,1,0.998
DEV_SIMFRAUD394320,SIM_SWAP394320,CUST004697,2026-02-03,True,True,56,Android,0,1,0.851
DEV_SIMFRAUD394321,SIM_SWAP394321,CUST003472,2026-01-19,True,True,71,Android,0,1,0.821
DEV_SIMFRAUD394322,SIM_SWAP394322,CUST004140,2026-02-06,True,True,53,Android,0,1,0.942
DEV_SIMFRAUD394323,SIM_SWAP394323,CUST003000,2026-01-21,True,True,69,Android,0,1,0.895
DEV_SIMFRAUD394325,SIM_SWAP394325,CUST004830,2026-02-25,True,True,34,iOS,0,1,0.884
DEV_SIMFRAUD394328,SIM_SWAP394328,CUST004101,2026-02-15,True,True,44,Android,0,1,0.966
DEV_SIMFRAUD394329,SIM_SWAP394329,CUST001023,2026-02-10,True,True,49,Android,0,1,0.895
DEV_SIMFRAUD394330,SIM_SWAP394330,CUST002605,2026-02-03,True,True,56,iOS,1,1,0.892
DEV_SIMFRAUD394331,SIM_SWAP394331,CUST003285,2026-03-12,True,True,19,Android,0,1,0.762
DEV_SIMFRAUD394332,SIM_SWAP394332,CUST002733,2026-03-08,True,True,23,Android,0,1,0.906
DEV_SIMFRAUD394335,SIM_SWAP394335,CUST000754,2026-01-15,True,True,75,Android,0,1,0.974
DEV_SIMFRAUD394336,SIM_SWAP394336,CUST004919,2026-03-04,True,True,27,Android,0,1,0.873
DEV_SIMFRAUD394337,SIM_SWAP394337,CUST004941,2026-03-30,True,True,1,Android,0,1,0.971
DEV_SIMFRAUD394338,SIM_SWAP394338,CUST002343,2026-03-06,True,True,25,iOS,0,1,0.802
DEV_SIMFRAUD394339,SIM_SWAP394339,CUST004705,2026-01-31,True,True,59,Android,0,1,0.713
DEV_SIMFRAUD394340,SIM_SWAP394340,CUST002301,2026-02-03,True,True,56,Android,0,1,0.834
DEV_SIMFRAUD394341,SIM_SWAP394341,CUST003726,2026-03-25,True,True,6,Android,0,1,0.701
DEV_SIMFRAUD394342,SIM_SWAP394342,CUST004110,2026-02-05,True,True,54,Android,0,1,0.746
DEV_SIMFRAUD394343,SIM_SWAP394343,CUST004202,2026-02-14,True,True,45,Android,0,1,0.757
DEV_SIMFRAUD394344,SIM_SWAP394344,CUST002522,2026-01-18,True,True,72,Android,1,1,0.86
DEV_SIMFRAUD394345,SIM_SWAP394345,CUST002624,2026-01-09,True,True,81,Android,1,1,0.985
DEV_SIMFRAUD394346,SIM_SWAP394346,CUST001850,2026-01-19,True,True,71,Android,0,1,0.706
DEV_SIMFRAUD394347,SIM_SWAP394347,CUST003961,2026-01-12,True,True,78,Android,0,1,0.771
DEV_SIMFRAUD394348,SIM_SWAP394348,CUST001500,2026-01-12,True,True,78,Android,0,1,0.991
DEV_SIMFRAUD394350,SIM_SWAP394350,CUST003405,2026-03-22,True,True,9,Android,0,1,0.964
DEV_SIMFRAUD394352,SIM_SWAP394352,CUST003741,2026-01-27,True,True,63,Android,0,1,0.95
DEV_SIMFRAUD394353,SIM_SWAP394353,CUST002761,2026-01-20,True,True,70,Android,1,1,0.728
DEV_SIMFRAUD394354,SIM_SWAP394354,CUST001067,2026-01-09,True,True,81,Android,0,1,0.893
DEV_SIMFRAUD394355,SIM_SWAP394355,CUST004322,2026-01-28,True,True,62,Android,0,1,0.761
DEV_SIMFRAUD394356,SIM_SWAP394356,CUST000166,2026-03-29,True,True,2,Android,0,1,0.895
DEV_SIMFRAUD394358,SIM_SWAP394358,CUST002149,2026-03-27,True,True,4,Android,0,1,0.828
DEV_SIMFRAUD394362,SIM_SWAP394362,CUST003671,2026-01-19,True,True,71,Android,0,1,0.891
DEV_SIMFRAUD394363,SIM_SWAP394363,CUST002195,2026-03-23,True,True,8,Android,0,1,0.829
DEV_SIMFRAUD394364,SIM_SWAP394364,CUST004508,2026-02-10,True,True,49,Android,0,1,0.972
DEV_SIMFRAUD394365,SIM_SWAP394365,CUST002351,2026-01-19,True,True,71,Android,1,1,0.708
DEV_SIMFRAUD394366,SIM_SWAP394366,CUST003444,2026-02-24,True,True,35,Android,0,1,0.757
DEV_SIMFRAUD394367,SIM_SWAP394367,CUST003211,2026-02-28,True,True,31,Android,1,1,0.95
DEV_SIMFRAUD394369,SIM_SWAP394369,CUST004650,2026-02-19,True,True,40,Android,0,1,0.921
DEV_SIMFRAUD394370,SIM_SWAP394370,CUST001049,2026-02-17,True,True,42,Android,0,1,0.756
DEV_SIMFRAUD394371,SIM_SWAP394371,CUST004035,2026-01-25,True,True,65,Android,0,1,0.736
DEV_SIMFRAUD394372,SIM_SWAP394372,CUST000580,2026-01-31,True,True,59,Android,0,1,0.793
DEV_SIMFRAUD394373,SIM_SWAP394373,CUST003615,2026-03-13,True,True,18,Android,0,1,0.845
DEV_SIMFRAUD394374,SIM_SWAP394374,CUST003823,2026-03-07,True,True,24,Android,0,1,0.714
DEV_SIMFRAUD394375,SIM_SWAP394375,CUST003058,2026-01-26,True,True,64,Android,0,1,0.954
DEV_SIMFRAUD394377,SIM_SWAP394377,CUST000385,2026-01-19,True,True,71,Android,0,1,0.856
DEV_SIMFRAUD394378,SIM_SWAP394378,CUST003034,2026-03-04,True,True,27,iOS,0,1,0.976
DEV_SIMFRAUD394379,SIM_SWAP394379,CUST002585,2026-03-06,True,True,25,Android,0,1,0.798
DEV_SIMFRAUD394380,SIM_SWAP394380,CUST001797,2026-01-18,True,True,72,Android,0,1,0.715
DEV_SIMFRAUD394381,SIM_SWAP394381,CUST004746,2026-02-11,True,True,48,Android,0,1,0.961
DEV_SIMFRAUD394383,SIM_SWAP394383,CUST002588,2026-01-08,True,True,82,Android,0,1,0.745
DEV_SIMFRAUD394384,SIM_SWAP394384,CUST003136,2026-03-30,True,True,1,Android,0,1,0.801
DEV_SIMFRAUD394386,SIM_SWAP394386,CUST003469,2026-01-26,True,True,64,Android,1,1,0.839
DEV_SIMFRAUD394387,SIM_SWAP394387,CUST002910,2026-01-20,True,True,70,Android,1,1,0.848
DEV_SIMFRAUD394388,SIM_SWAP394388,CUST002191,2026-03-25,True,True,6,Android,1,1,0.707
DEV_SIMFRAUD394390,SIM_SWAP394390,CUST003181,2026-02-07,True,True,52,Android,0,1,0.858
DEV_SIMFRAUD394391,SIM_SWAP394391,CUST003760,2026-02-08,True,True,51,Android,0,1,0.723
DEV_SIMFRAUD394392,SIM_SWAP394392,CUST003727,2026-02-10,True,True,49,Android,0,1,0.798
DEV_SIMFRAUD394393,SIM_SWAP394393,CUST002709,2026-03-05,True,True,26,Android,0,1,0.993
DEV_SIMFRAUD394397,SIM_SWAP394397,CUST000267,2026-01-29,True,True,61,Android,0,1,0.784
DEV_SIMFRAUD394398,SIM_SWAP394398,CUST000072,2026-01-11,True,True,79,Android,0,1,0.944
DEV_SIMFRAUD394400,SIM_SWAP394400,CUST000029,2026-03-24,True,True,7,Android,0,1,0.853
DEV_SIMFRAUD394403,SIM_SWAP394403,CUST000249,2026-03-24,True,True,7,Android,0,1,0.761
DEV_SIMFRAUD394405,SIM_SWAP394405,CUST004435,2026-02-04,True,True,55,Android,0,1,0.917
DEV_SIMFRAUD394406,SIM_SWAP394406,CUST000196,2026-02-27,True,True,32,Android,1,1,0.867
DEV_SIMFRAUD394407,SIM_SWAP394407,CUST004560,2026-01-29,True,True,61,Android,0,1,0.86
DEV_SIMFRAUD394408,SIM_SWAP394408,CUST002318,2026-02-11,True,True,48,Android,0,1,0.709
DEV_SIMFRAUD394410,SIM_SWAP394410,CUST002717,2026-02-16,True,True,43,Android,0,1,0.8
DEV_SIMFRAUD394412,SIM_SWAP394412,CUST004678,2026-03-16,True,True,15,iOS,0,1,0.92
DEV_SIMFRAUD394413,SIM_SWAP394413,CUST004071,2026-01-29,True,True,61,Android,0,1,0.939
DEV_SIMFRAUD394416,SIM_SWAP394416,CUST001257,2026-02-01,True,True,58,Android,0,1,0.944
DEV_SIMFRAUD394418,SIM_SWAP394418,CUST003530,2026-01-25,True,True,65,Android,0,1,0.711
DEV_SIMFRAUD394419,SIM_SWAP394419,CUST000506,2026-02-18,True,True,41,Android,0,1,0.749
DEV_SIMFRAUD394420,SIM_SWAP394420,CUST003479,2026-02-28,True,True,31,Android,0,1,0.996
DEV_SIMFRAUD394422,SIM_SWAP394422,CUST002888,2026-03-17,True,True,14,Android,0,1,0.747
DEV_SIMFRAUD394423,SIM_SWAP394423,CUST000509,2026-01-15,True,True,75,Android,0,1,0.764
DEV_SIMFRAUD394424,SIM_SWAP394424,CUST000045,2026-03-03,True,True,28,Android,0,1,0.941
DEV_SIMFRAUD394427,SIM_SWAP394427,CUST004077,2026-03-26,True,True,5,Android,1,1,0.818
DEV_SIMFRAUD394428,SIM_SWAP394428,CUST002955,2026-03-04,True,True,27,Android,0,1,0.735
DEV_SIMFRAUD394431,SIM_SWAP394431,CUST003985,2026-03-19,True,True,12,Android,0,1,0.738
DEV_SIMFRAUD394434,SIM_SWAP394434,CUST000348,2026-03-17,True,True,14,iOS,0,1,0.725
DEV_SIMFRAUD394435,SIM_SWAP394435,CUST002991,2026-02-08,True,True,51,Android,0,1,0.754
DEV_SIMFRAUD394438,SIM_SWAP394438,CUST000242,2026-01-19,True,True,71,Android,0,1,0.849
DEV_SIMFRAUD394439,SIM_SWAP394439,CUST003894,2026-02-09,True,True,50,Android,0,1,0.705
DEV_SIMFRAUD394441,SIM_SWAP394441,CUST002669,2026-03-21,True,True,10,Android,0,1,0.735
DEV_SIMFRAUD394442,SIM_SWAP394442,CUST000122,2026-03-12,True,True,19,Android,0,1,0.972
DEV_SIMFRAUD394443,SIM_SWAP394443,CUST000761,2026-03-23,True,True,8,Android,0,1,0.963
DEV_SIMFRAUD394445,SIM_SWAP394445,CUST003663,2026-03-16,True,True,15,Android,0,1,0.95
DEV_SIMFRAUD394447,SIM_SWAP394447,CUST002464,2026-03-19,True,True,12,Android,1,1,0.912
DEV_SIMFRAUD394448,SIM_SWAP394448,CUST004942,2026-03-22,True,True,9,Android,0,1,0.898
DEV_SIMFRAUD394449,SIM_SWAP394449,CUST004581,2026-03-13,True,True,18,Android,0,1,0.783
DEV_SIMFRAUD394450,SIM_SWAP394450,CUST001081,2026-02-25,True,True,34,Android,0,1,0.8
DEV_SIMFRAUD394452,SIM_SWAP394452,CUST004801,2026-01-29,True,True,61,Android,0,1,0.771
DEV_SIMFRAUD394453,SIM_SWAP394453,CUST001237,2026-03-16,True,True,15,Android,1,1,0.994
DEV_SIMFRAUD394456,SIM_SWAP394456,CUST000250,2026-01-07,True,True,83,Android,0,1,0.89
DEV_SIMFRAUD394458,SIM_SWAP394458,CUST000108,2026-03-12,True,True,19,Android,0,1,0.99
DEV_SIMFRAUD394460,SIM_SWAP394460,CUST001496,2026-03-27,True,True,4,Android,0,1,0.782
DEV_SIMFRAUD394461,SIM_SWAP394461,CUST001651,2026-01-20,True,True,70,Android,0,1,0.886
DEV_SIMFRAUD394462,SIM_SWAP394462,CUST000777,2026-02-12,True,True,47,Android,0,1,0.928
DEV_SIMFRAUD394463,SIM_SWAP394463,CUST003276,2026-03-30,True,True,1,Android,0,1,0.728
DEV_SIMFRAUD394464,SIM_SWAP394464,CUST001656,2026-01-20,True,True,70,Android,0,1,0.9
DEV_SIMFRAUD394465,SIM_SWAP394465,CUST002462,2026-01-11,True,True,79,Android,0,1,0.751
DEV_SIMFRAUD394466,SIM_SWAP394466,CUST000956,2026-02-22,True,True,37,Android,0,1,0.798
DEV_SIMFRAUD394469,SIM_SWAP394469,CUST001753,2026-02-18,True,True,41,Android,0,1,0.915
DEV_SIMFRAUD394470,SIM_SWAP394470,CUST002729,2026-02-28,True,True,31,iOS,0,1,0.832
DEV_SIMFRAUD394471,SIM_SWAP394471,CUST003123,2026-03-29,True,True,2,Android,0,1,0.976
DEV_SIMFRAUD394472,SIM_SWAP394472,CUST004102,2026-03-04,True,True,27,Android,1,1,0.772
DEV_SIMFRAUD394474,SIM_SWAP394474,CUST002102,2026-01-06,True,True,84,Android,0,1,0.746
DEV_SIMFRAUD394475,SIM_SWAP394475,CUST004480,2026-01-06,True,True,84,iOS,0,1,0.801
DEV_SIMFRAUD394476,SIM_SWAP394476,CUST000961,2026-01-22,True,True,68,Android,0,1,0.956
DEV_SIMFRAUD394478,SIM_SWAP394478,CUST002651,2026-02-06,True,True,53,Android,0,1,0.954
DEV_SIMFRAUD394480,SIM_SWAP394480,CUST000855,2026-03-28,True,True,3,Android,0,1,0.811
DEV_SIMFRAUD394481,SIM_SWAP394481,CUST000010,2026-03-29,True,True,2,Android,0,1,0.943
DEV_SIMFRAUD394484,SIM_SWAP394484,CUST003912,2026-03-04,True,True,27,iOS,0,1,0.723
DEV_SIMFRAUD394485,SIM_SWAP394485,CUST003721,2026-03-25,True,True,6,Android,0,1,0.702
DEV_SIMFRAUD394486,SIM_SWAP394486,CUST003157,2026-02-12,True,True,47,Android,1,1,0.959
DEV_SIMFRAUD394487,SIM_SWAP394487,CUST002379,2026-03-05,True,True,26,Android,0,1,0.962
DEV_SIMFRAUD394490,SIM_SWAP394490,CUST001782,2026-01-10,True,True,80,Android,0,1,0.743
DEV_SIMFRAUD394491,SIM_SWAP394491,CUST004220,2026-02-05,True,True,54,Android,1,1,0.789
DEV_SIMFRAUD394492,SIM_SWAP394492,CUST004667,2026-03-08,True,True,23,Android,0,1,0.955
DEV_SIMFRAUD394493,SIM_SWAP394493,CUST000666,2026-03-30,True,True,1,Android,1,1,0.725
DEV_SIMFRAUD394494,SIM_SWAP394494,CUST001592,2026-02-01,True,True,58,Android,0,1,0.959
DEV_SIMFRAUD394496,SIM_SWAP394496,CUST002552,2026-01-19,True,True,71,Android,1,1,0.872
DEV_SIMFRAUD394499,SIM_SWAP394499,CUST001620,2026-03-04,True,True,27,Android,0,1,0.897
DEV_SIMFRAUD394500,SIM_SWAP394500,CUST003911,2026-02-08,True,True,51,Android,1,1,0.878
DEV_SIMFRAUD394502,SIM_SWAP394502,CUST003701,2026-03-15,True,True,16,iOS,0,1,0.875
DEV_SIMFRAUD394503,SIM_SWAP394503,CUST004069,2026-01-21,True,True,69,Android,0,1,0.756
DEV_SIMFRAUD394504,SIM_SWAP394504,CUST000172,2026-02-18,True,True,41,Android,0,1,0.771
DEV_SIMFRAUD394505,SIM_SWAP394505,CUST001275,2026-01-29,True,True,61,Android,0,1,0.874
DEV_SIMFRAUD394506,SIM_SWAP394506,CUST004980,2026-03-10,True,True,21,Android,0,1,0.82
DEV_SIMFRAUD394507,SIM_SWAP394507,CUST004154,2026-02-06,True,True,53,Android,0,1,0.862
DEV_SIMFRAUD394508,SIM_SWAP394508,CUST001470,2026-01-20,True,True,70,iOS,0,1,0.776
DEV_SIMFRAUD394509,SIM_SWAP394509,CUST003918,2026-02-17,True,True,42,Android,0,1,0.839
DEV_SIMFRAUD394510,SIM_SWAP394510,CUST000160,2026-03-06,True,True,25,Android,0,1,0.743
DEV_SIMFRAUD394511,SIM_SWAP394511,CUST000486,2026-01-31,True,True,59,iOS,0,1,0.712
DEV_SIMFRAUD394513,SIM_SWAP394513,CUST004917,2026-01-10,True,True,80,Android,1,1,0.985
DEV_SIMFRAUD394515,SIM_SWAP394515,CUST003194,2026-02-11,True,True,48,Android,0,1,0.917
DEV_SIMFRAUD394516,SIM_SWAP394516,CUST001574,2026-03-17,True,True,14,iOS,0,1,0.849
DEV_SIMFRAUD394517,SIM_SWAP394517,CUST003604,2026-03-28,True,True,3,Android,0,1,0.865
DEV_SIMFRAUD394518,SIM_SWAP394518,CUST001884,2026-02-08,True,True,51,iOS,0,1,0.853
DEV_SIMFRAUD394519,SIM_SWAP394519,CUST002380,2026-02-17,True,True,42,Android,1,1,0.97
DEV_SIMFRAUD394520,SIM_SWAP394520,CUST000310,2026-01-08,True,True,82,Android,0,1,0.932
DEV_SIMFRAUD394521,SIM_SWAP394521,CUST004386,2026-03-15,True,True,16,Android,0,1,0.798
DEV_SIMFRAUD394522,SIM_SWAP394522,CUST003236,2026-01-10,True,True,80,Android,0,1,0.765
DEV_SIMFRAUD394524,SIM_SWAP394524,CUST001341,2026-03-30,True,True,1,Android,0,1,0.72
DEV_SIMFRAUD394525,SIM_SWAP394525,CUST002196,2026-03-13,True,True,18,iOS,0,1,0.744
DEV_SIMFRAUD394527,SIM_SWAP394527,CUST000204,2026-02-20,True,True,39,Android,1,1,0.847
DEV_SIMFRAUD394528,SIM_SWAP394528,CUST003394,2026-03-08,True,True,23,Android,0,1,0.761
DEV_SIMFRAUD394529,SIM_SWAP394529,CUST001642,2026-03-05,True,True,26,Android,1,1,0.794
DEV_SIMFRAUD394530,SIM_SWAP394530,CUST004813,2026-01-26,True,True,64,Android,0,1,0.74
DEV_SIMFRAUD394532,SIM_SWAP394532,CUST003012,2026-03-25,True,True,6,Android,0,1,0.977
DEV_SIMFRAUD394533,SIM_SWAP394533,CUST002776,2026-03-20,True,True,11,Android,0,1,0.71
DEV_SIMFRAUD394534,SIM_SWAP394534,CUST003059,2026-02-13,True,True,46,iOS,0,1,0.806
DEV_SIMFRAUD394535,SIM_SWAP394535,CUST002764,2026-01-22,True,True,68,iOS,0,1,0.777
DEV_SIMFRAUD394536,SIM_SWAP394536,CUST002784,2026-03-20,True,True,11,Android,0,1,0.702
DEV_SIMFRAUD394537,SIM_SWAP394537,CUST002719,2026-02-21,True,True,38,Android,0,1,0.979
DEV_SIMFRAUD394538,SIM_SWAP394538,CUST004450,2026-02-02,True,True,57,Android,0,1,0.794
DEV_SIMFRAUD394539,SIM_SWAP394539,CUST003016,2026-02-09,True,True,50,Android,0,1,0.851
DEV_SIMFRAUD394541,SIM_SWAP394541,CUST000785,2026-03-04,True,True,27,iOS,1,1,0.875
DEV_SIMFRAUD394542,SIM_SWAP394542,CUST001815,2026-01-12,True,True,78,Android,0,1,0.883
DEV_SIMFRAUD394543,SIM_SWAP394543,CUST001343,2026-01-29,True,True,61,Android,2,1,0.838
DEV_SIMFRAUD394544,SIM_SWAP394544,CUST001577,2026-01-18,True,True,72,Android,0,1,0.878
DEV_SIMFRAUD394547,SIM_SWAP394547,CUST004160,2026-02-28,True,True,31,Android,0,1,0.926
DEV_SIMFRAUD394548,SIM_SWAP394548,CUST001694,2026-01-15,True,True,75,Android,0,1,0.986
DEV_SIMFRAUD394549,SIM_SWAP394549,CUST000027,2026-02-06,True,True,53,Android,0,1,0.897
DEV_SIMFRAUD394550,SIM_SWAP394550,CUST001938,2026-03-24,True,True,7,Android,1,1,0.839
DEV_SIMFRAUD394551,SIM_SWAP394551,CUST004195,2026-03-14,True,True,17,Android,0,1,0.833
DEV_SIMFRAUD394552,SIM_SWAP394552,CUST001485,2026-02-09,True,True,50,iOS,0,1,0.913
DEV_SIMFRAUD394554,SIM_SWAP394554,CUST000259,2026-03-21,True,True,10,Android,0,1,0.888
DEV_SIMFRAUD394556,SIM_SWAP394556,CUST001655,2026-03-14,True,True,17,Android,0,1,0.826
DEV_SIMFRAUD394557,SIM_SWAP394557,CUST002859,2026-03-02,True,True,29,Android,1,1,0.801
DEV_SIMFRAUD394558,SIM_SWAP394558,CUST004021,2026-03-09,True,True,22,Android,0,1,0.998
DEV_SIMFRAUD394559,SIM_SWAP394559,CUST001484,2026-01-25,True,True,65,Android,0,1,0.93
DEV_SIMFRAUD394560,SIM_SWAP394560,CUST002987,2026-02-04,True,True,55,Android,0,1,0.762
DEV_SIMFRAUD394561,SIM_SWAP394561,CUST000763,2026-02-09,True,True,50,Android,0,1,0.788
DEV_SIMFRAUD394562,SIM_SWAP394562,CUST002336,2026-03-23,True,True,8,Android,0,1,0.968
DEV_SIMFRAUD394563,SIM_SWAP394563,CUST004006,2026-03-23,True,True,8,Android,0,1,0.898
DEV_SIMFRAUD394564,SIM_SWAP394564,CUST002291,2026-03-21,True,True,10,Android,0,1,0.793
DEV_SIMFRAUD394565,SIM_SWAP394565,CUST002280,2026-03-25,True,True,6,Android,0,1,0.809
DEV_SIMFRAUD394566,SIM_SWAP394566,CUST000243,2026-02-25,True,True,34,Android,0,1,0.814
DEV_SIMFRAUD394571,SIM_SWAP394571,CUST003358,2026-02-06,True,True,53,Android,0,1,0.756
DEV_SIMFRAUD394573,SIM_SWAP394573,CUST002663,2026-01-07,True,True,83,Android,0,1,0.853
DEV_SIMFRAUD394574,SIM_SWAP394574,CUST004305,2026-03-11,True,True,20,Android,0,1,0.93
DEV_SIMFRAUD394575,SIM_SWAP394575,CUST003304,2026-03-09,True,True,22,Android,0,1,0.869
DEV_SIMFRAUD394576,SIM_SWAP394576,CUST003128,2026-02-02,True,True,57,Android,0,1,0.897
DEV_SIMFRAUD394577,SIM_SWAP394577,CUST003851,2026-01-21,True,True,69,Android,0,1,0.879
DEV_SIMFRAUD394579,SIM_SWAP394579,CUST001463,2026-02-04,True,True,55,Android,0,1,0.718
DEV_SIMFRAUD394580,SIM_SWAP394580,CUST004809,2026-03-23,True,True,8,Android,1,1,0.756
DEV_SIMFRAUD394581,SIM_SWAP394581,CUST004157,2026-02-07,True,True,52,Android,0,1,0.805
DEV_SIMFRAUD394582,SIM_SWAP394582,CUST004357,2026-03-02,True,True,29,Android,0,1,0.967
DEV_SIMFRAUD394583,SIM_SWAP394583,CUST002556,2026-03-30,True,True,1,Android,0,1,0.805
DEV_SIMFRAUD394584,SIM_SWAP394584,CUST001215,2026-03-19,True,True,12,iOS,1,1,0.798
DEV_SIMFRAUD394587,SIM_SWAP394587,CUST004024,2026-01-14,True,True,76,Android,0,1,0.724
DEV_SIMFRAUD394588,SIM_SWAP394588,CUST000455,2026-02-03,True,True,56,Android,0,1,0.992
DEV_SIMFRAUD394589,SIM_SWAP394589,CUST003096,2026-01-22,True,True,68,iOS,0,1,0.934
DEV_SIMFRAUD394590,SIM_SWAP394590,CUST001186,2026-01-29,True,True,61,Android,0,1,0.93
DEV_SIMFRAUD394591,SIM_SWAP394591,CUST000356,2026-02-07,True,True,52,Android,0,1,0.815
DEV_SIMFRAUD394592,SIM_SWAP394592,CUST004563,2026-02-03,True,True,56,Android,0,1,0.724
DEV_SIMFRAUD394593,SIM_SWAP394593,CUST000534,2026-01-14,True,True,76,iOS,0,1,0.779
DEV_SIMFRAUD394594,SIM_SWAP394594,CUST004908,2026-02-26,True,True,33,Android,1,1,0.956
DEV_SIMFRAUD394595,SIM_SWAP394595,CUST003020,2026-01-20,True,True,70,iOS,0,1,0.754
DEV_SIMFRAUD394596,SIM_SWAP394596,CUST004651,2026-03-13,True,True,18,Android,1,1,0.968
DEV_SIMFRAUD394597,SIM_SWAP394597,CUST000710,2026-01-14,True,True,76,Android,0,1,0.861
DEV_SIMFRAUD394598,SIM_SWAP394598,CUST000651,2026-01-25,True,True,65,Android,0,1,0.914
DEV_SIMFRAUD394600,SIM_SWAP394600,CUST004198,2026-01-28,True,True,62,Android,0,1,0.836
DEV_SIMFRAUD394601,SIM_SWAP394601,CUST003682,2026-02-09,True,True,50,Android,0,1,0.98
DEV_SIMFRAUD394603,SIM_SWAP394603,CUST003589,2026-02-26,True,True,33,Android,0,1,0.772
DEV_SIMFRAUD394604,SIM_SWAP394604,CUST002235,2026-01-28,True,True,62,Android,1,1,0.872
DEV_SIMFRAUD394606,SIM_SWAP394606,CUST003975,2026-03-19,True,True,12,Android,0,1,0.721
DEV_SIMFRAUD394608,SIM_SWAP394608,CUST003041,2026-03-10,True,True,21,Android,0,1,0.844
DEV_SIMFRAUD394609,SIM_SWAP394609,CUST003713,2026-02-21,True,True,38,Android,0,1,0.992
DEV_SIMFRAUD394611,SIM_SWAP394611,CUST003286,2026-01-22,True,True,68,Android,0,1,0.726
DEV_SIMFRAUD394613,SIM_SWAP394613,CUST002243,2026-01-12,True,True,78,Android,0,1,0.852
DEV_SIMFRAUD394615,SIM_SWAP394615,CUST003657,2026-02-10,True,True,49,Android,0,1,0.881
DEV_SIMFRAUD394616,SIM_SWAP394616,CUST004290,2026-02-02,True,True,57,Android,0,1,0.98
DEV_SIMFRAUD394617,SIM_SWAP394617,CUST002636,2026-02-25,True,True,34,Android,0,1,0.789
DEV_SIMFRAUD394618,SIM_SWAP394618,CUST001050,2026-02-10,True,True,49,Android,0,1,0.851
DEV_SIMFRAUD394619,SIM_SWAP394619,CUST000743,2026-01-13,True,True,77,Android,0,1,0.996
DEV_SIMFRAUD394620,SIM_SWAP394620,CUST002471,2026-03-17,True,True,14,iOS,0,1,0.931
DEV_SIMFRAUD394621,SIM_SWAP394621,CUST002139,2026-02-02,True,True,57,Android,0,1,0.943
DEV_SIMFRAUD394622,SIM_SWAP394622,CUST001730,2026-01-14,True,True,76,Android,0,1,0.934
DEV_SIMFRAUD394623,SIM_SWAP394623,CUST004291,2026-03-17,True,True,14,Android,1,1,0.855
DEV_SIMFRAUD394624,SIM_SWAP394624,CUST004197,2026-01-17,True,True,73,Android,1,1,0.83
DEV_SIMFRAUD394625,SIM_SWAP394625,CUST004921,2026-03-04,True,True,27,Android,0,1,0.776
DEV_SIMFRAUD394626,SIM_SWAP394626,CUST000768,2026-01-18,True,True,72,Android,0,1,0.84
DEV_SIMFRAUD394627,SIM_SWAP394627,CUST000380,2026-03-11,True,True,20,Android,0,1,0.706
DEV_SIMFRAUD394628,SIM_SWAP394628,CUST001356,2026-03-17,True,True,14,Android,0,1,0.729
DEV_SIMFRAUD394629,SIM_SWAP394629,CUST004930,2026-02-04,True,True,55,Android,0,1,0.786
DEV_SIMFRAUD394630,SIM_SWAP394630,CUST002410,2026-01-07,True,True,83,Android,0,1,0.8
DEV_SIMFRAUD394631,SIM_SWAP394631,CUST003868,2026-01-22,True,True,68,Android,1,1,0.912
DEV_SIMFRAUD394633,SIM_SWAP394633,CUST002582,2026-02-07,True,True,52,Android,0,1,0.751
DEV_SIMFRAUD394634,SIM_SWAP394634,CUST000141,2026-03-24,True,True,7,iOS,0,1,0.939
DEV_SIMFRAUD394636,SIM_SWAP394636,CUST001696,2026-02-03,True,True,56,Android,0,1,0.94
DEV_SIMFRAUD394638,SIM_SWAP394638,CUST001277,2026-03-28,True,True,3,Android,0,1,0.876
DEV_SIMFRAUD394639,SIM_SWAP394639,CUST000942,2026-02-19,True,True,40,Android,0,1,0.847
DEV_SIMFRAUD394640,SIM_SWAP394640,CUST004912,2026-01-06,True,True,84,Android,0,1,0.84
DEV_SIMFRAUD394641,SIM_SWAP394641,CUST003715,2026-02-09,True,True,50,Android,1,1,0.826
DEV_SIMFRAUD394642,SIM_SWAP394642,CUST001249,2026-02-06,True,True,53,Android,0,1,0.727
DEV_SIMFRAUD394643,SIM_SWAP394643,CUST003702,2026-01-28,True,True,62,Android,0,1,0.897
DEV_SIMFRAUD394646,SIM_SWAP394646,CUST004897,2026-03-17,True,True,14,Android,0,1,0.873
DEV_SIMFRAUD394649,SIM_SWAP394649,CUST004952,2026-01-29,True,True,61,Android,0,1,0.705
DEV_SIMFRAUD394650,SIM_SWAP394650,CUST004453,2026-01-29,True,True,61,Android,1,1,0.761
DEV_SIMFRAUD394651,SIM_SWAP394651,CUST003493,2026-02-18,True,True,41,Android,0,1,0.831
DEV_SIMFRAUD394652,SIM_SWAP394652,CUST004657,2026-02-09,True,True,50,Android,0,1,0.97
DEV_SIMFRAUD394653,SIM_SWAP394653,CUST003282,2026-01-24,True,True,66,Android,0,1,0.997
DEV_SIMFRAUD394654,SIM_SWAP394654,CUST001744,2026-02-09,True,True,50,Android,1,1,0.925
DEV_SIMFRAUD394655,SIM_SWAP394655,CUST003106,2026-02-21,True,True,38,Android,0,1,0.925
DEV_SIMFRAUD394656,SIM_SWAP394656,CUST002247,2026-01-30,True,True,60,Android,0,1,0.825
DEV_SIMFRAUD394657,SIM_SWAP394657,CUST000043,2026-03-29,True,True,2,Android,0,1,0.871
DEV_SIMFRAUD394658,SIM_SWAP394658,CUST002548,2026-03-01,True,True,30,Android,0,1,0.77
DEV_SIMFRAUD394659,SIM_SWAP394659,CUST004155,2026-02-25,True,True,34,Android,0,1,0.921
DEV_SIMFRAUD394661,SIM_SWAP394661,CUST004032,2026-02-21,True,True,38,Android,0,1,0.718
DEV_SIMFRAUD394662,SIM_SWAP394662,CUST003750,2026-01-11,True,True,79,Android,0,1,0.825
DEV_SIMFRAUD394664,SIM_SWAP394664,CUST003243,2026-01-09,True,True,81,Android,0,1,0.949
DEV_SIMFRAUD394667,SIM_SWAP394667,CUST004933,2026-03-12,True,True,19,Android,0,1,0.994
DEV_SIMFRAUD394669,SIM_SWAP394669,CUST002722,2026-02-15,True,True,44,Android,0,1,0.909
DEV_SIMFRAUD394670,SIM_SWAP394670,CUST003800,2026-03-18,True,True,13,Android,1,1,0.759
DEV_SIMFRAUD394672,SIM_SWAP394672,CUST004579,2026-02-25,True,True,34,Android,0,1,0.871
DEV_SIMFRAUD394674,SIM_SWAP394674,CUST001836,2026-01-12,True,True,78,Android,0,1,0.868
DEV_SIMFRAUD394675,SIM_SWAP394675,CUST002175,2026-02-15,True,True,44,iOS,0,1,0.99
DEV_SIMFRAUD394676,SIM_SWAP394676,CUST004969,2026-03-03,True,True,28,Android,0,1,0.952
DEV_SIMFRAUD394677,SIM_SWAP394677,CUST003341,2026-03-16,True,True,15,Android,0,1,0.715
DEV_SIMFRAUD394678,SIM_SWAP394678,CUST002721,2026-01-28,True,True,62,iOS,1,1,0.766
DEV_SIMFRAUD394679,SIM_SWAP394679,CUST000958,2026-01-10,True,True,80,Android,0,1,0.953
DEV_SIMFRAUD394680,SIM_SWAP394680,CUST001668,2026-02-01,True,True,58,Android,0,1,0.992
DEV_SIMFRAUD394681,SIM_SWAP394681,CUST003156,2026-02-16,True,True,43,Android,0,1,0.788
DEV_SIMFRAUD394682,SIM_SWAP394682,CUST000944,2026-03-12,True,True,19,Android,0,1,0.907
DEV_SIMFRAUD394683,SIM_SWAP394683,CUST000445,2026-03-08,True,True,23,Android,0,1,0.792
DEV_SIMFRAUD394684,SIM_SWAP394684,CUST000818,2026-02-18,True,True,41,Android,0,1,0.712
DEV_SIMFRAUD394685,SIM_SWAP394685,CUST000237,2026-02-07,True,True,52,Android,0,1,0.949
DEV_SIMFRAUD394686,SIM_SWAP394686,CUST004013,2026-02-20,True,True,39,Android,1,1,0.922
DEV_SIMFRAUD394687,SIM_SWAP394687,CUST000556,2026-01-07,True,True,83,Android,0,1,0.716
DEV_SIMFRAUD394688,SIM_SWAP394688,CUST004613,2026-02-15,True,True,44,Android,0,1,0.744
DEV_SIMFRAUD394690,SIM_SWAP394690,CUST004669,2026-01-30,True,True,60,Android,0,1,1.0
DEV_SIMFRAUD394691,SIM_SWAP394691,CUST003913,2026-03-14,True,True,17,Android,0,1,0.895
DEV_SIMFRAUD394692,SIM_SWAP394692,CUST000814,2026-03-26,True,True,5,Android,0,1,0.94
DEV_SIMFRAUD394694,SIM_SWAP394694,CUST001160,2026-02-11,True,True,48,Android,0,1,0.817
DEV_SIMFRAUD394696,SIM_SWAP394696,CUST003754,2026-01-17,True,True,73,Android,0,1,0.855
DEV_SIMFRAUD394697,SIM_SWAP394697,CUST003001,2026-02-09,True,True,50,Android,0,1,0.886
DEV_SIMFRAUD394699,SIM_SWAP394699,CUST004363,2026-02-09,True,True,50,Android,0,1,0.942
DEV_SIMFRAUD394700,SIM_SWAP394700,CUST004486,2026-03-29,True,True,2,Android,0,1,0.802
DEV_SIMFRAUD394701,SIM_SWAP394701,CUST004553,2026-02-13,True,True,46,Android,0,1,0.902
DEV_SIMFRAUD394702,SIM_SWAP394702,CUST002171,2026-02-20,True,True,39,Android,0,1,0.933
DEV_SIMFRAUD394703,SIM_SWAP394703,CUST000578,2026-03-16,True,True,15,Android,0,1,0.942
DEV_SIMFRAUD394704,SIM_SWAP394704,CUST002755,2026-03-18,True,True,13,Android,0,1,0.85
DEV_SIMFRAUD394705,SIM_SWAP394705,CUST001926,2026-03-20,True,True,11,Android,0,1,0.842
DEV_SIMFRAUD394706,SIM_SWAP394706,CUST002409,2026-02-05,True,True,54,Android,0,1,0.731
DEV_SIMFRAUD394708,SIM_SWAP394708,CUST001523,2026-01-28,True,True,62,Android,1,1,0.849
DEV_SIMFRAUD394709,SIM_SWAP394709,CUST003502,2026-01-21,True,True,69,Android,0,1,0.911
DEV_SIMFRAUD394710,SIM_SWAP394710,CUST000638,2026-03-07,True,True,24,Android,0,1,0.976
DEV_SIMFRAUD394711,SIM_SWAP394711,CUST002608,2026-03-19,True,True,12,Android,0,1,0.738
DEV_SIMFRAUD394712,SIM_SWAP394712,CUST002442,2026-01-09,True,True,81,Android,1,1,0.991
DEV_SIMFRAUD394713,SIM_SWAP394713,CUST003117,2026-03-23,True,True,8,Android,0,1,0.77
DEV_SIMFRAUD394714,SIM_SWAP394714,CUST000007,2026-02-18,True,True,41,Android,0,1,0.753
DEV_SIMFRAUD394715,SIM_SWAP394715,CUST002084,2026-02-27,True,True,32,iOS,0,1,0.734
DEV_SIMFRAUD394716,SIM_SWAP394716,CUST003746,2026-03-27,True,True,4,iOS,0,1,0.997
DEV_SIMFRAUD394717,SIM_SWAP394717,CUST003544,2026-02-26,True,True,33,Android,0,1,0.868
DEV_SIMFRAUD394718,SIM_SWAP394718,CUST003193,2026-02-06,True,True,53,Android,0,1,0.781
DEV_SIMFRAUD394719,SIM_SWAP394719,CUST002381,2026-02-10,True,True,49,Android,0,1,0.795
DEV_SIMFRAUD394720,SIM_SWAP394720,CUST003357,2026-01-18,True,True,72,iOS,1,1,0.985
DEV_SIMFRAUD394723,SIM_SWAP394723,CUST003261,2026-01-31,True,True,59,Android,0,1,0.97
DEV_SIMFRAUD394724,SIM_SWAP394724,CUST004499,2026-01-06,True,True,84,Android,0,1,0.805
DEV_SIMFRAUD394725,SIM_SWAP394725,CUST003372,2026-02-07,True,True,52,Android,0,1,0.719
DEV_SIMFRAUD394726,SIM_SWAP394726,CUST004637,2026-01-30,True,True,60,iOS,1,1,0.95
DEV_SIMFRAUD394727,SIM_SWAP394727,CUST001521,2026-02-16,True,True,43,Android,0,1,0.974
DEV_SIMFRAUD394728,SIM_SWAP394728,CUST001899,2026-02-16,True,True,43,Android,0,1,0.951
DEV_SIMFRAUD394729,SIM_SWAP394729,CUST001835,2026-03-27,True,True,4,Android,1,1,0.974
DEV_SIMFRAUD394731,SIM_SWAP394731,CUST003043,2026-02-22,True,True,37,iOS,0,1,0.873
DEV_SIMFRAUD394732,SIM_SWAP394732,CUST004415,2026-03-05,True,True,26,iOS,0,1,0.952
DEV_SIMFRAUD394734,SIM_SWAP394734,CUST000557,2026-03-21,True,True,10,Android,0,1,0.983
DEV_SIMFRAUD394735,SIM_SWAP394735,CUST002806,2026-01-26,True,True,64,iOS,0,1,0.967
DEV_SIMFRAUD394738,SIM_SWAP394738,CUST004782,2026-02-22,True,True,37,Android,0,1,0.876
DEV_SIMFRAUD394739,SIM_SWAP394739,CUST003209,2026-03-17,True,True,14,Android,0,1,0.924
DEV_SIMFRAUD394740,SIM_SWAP394740,CUST002818,2026-03-14,True,True,17,Android,0,1,0.916
DEV_SIMFRAUD394741,SIM_SWAP394741,CUST000270,2026-02-21,True,True,38,Android,0,1,0.941
DEV_SIMFRAUD394743,SIM_SWAP394743,CUST002463,2026-02-04,True,True,55,Android,0,1,0.769
DEV_SIMFRAUD394744,SIM_SWAP394744,CUST004981,2026-03-24,True,True,7,Android,0,1,0.701
DEV_SIMFRAUD394745,SIM_SWAP394745,CUST002739,2026-03-14,True,True,17,Android,0,1,0.853
DEV_SIMFRAUD394746,SIM_SWAP394746,CUST000186,2026-03-08,True,True,23,Android,0,1,0.93
DEV_SIMFRAUD394747,SIM_SWAP394747,CUST001878,2026-02-23,True,True,36,iOS,0,1,0.738
DEV_SIMFRAUD394748,SIM_SWAP394748,CUST004971,2026-02-15,True,True,44,Android,0,1,0.86
DEV_SIMFRAUD394749,SIM_SWAP394749,CUST001174,2026-01-16,True,True,74,Android,0,1,0.794
DEV_SIMFRAUD394750,SIM_SWAP394750,CUST001998,2026-01-31,True,True,59,Android,0,1,0.951
DEV_SIMFRAUD394751,SIM_SWAP394751,CUST004677,2026-03-08,True,True,23,iOS,0,1,0.73
DEV_SIMFRAUD394752,SIM_SWAP394752,CUST000983,2026-03-15,True,True,16,Android,1,1,0.954
DEV_SIMFRAUD394754,SIM_SWAP394754,CUST002794,2026-01-11,True,True,79,Android,0,1,0.883
DEV_SIMFRAUD394755,SIM_SWAP394755,CUST001089,2026-03-07,True,True,24,Android,0,1,0.976
DEV_SIMFRAUD394756,SIM_SWAP394756,CUST004742,2026-02-06,True,True,53,Android,0,1,0.981
DEV_SIMFRAUD394757,SIM_SWAP394757,CUST004409,2026-03-05,True,True,26,iOS,0,1,0.943
DEV_SIMFRAUD394761,SIM_SWAP394761,CUST000434,2026-03-15,True,True,16,Android,0,1,0.859
DEV_SIMFRAUD394762,SIM_SWAP394762,CUST004761,2026-03-12,True,True,19,Android,0,1,0.743
DEV_SIMFRAUD394764,SIM_SWAP394764,CUST000438,2026-01-15,True,True,75,Android,1,1,0.768
DEV_SIMFRAUD394765,SIM_SWAP394765,CUST002972,2026-02-14,True,True,45,Android,0,1,0.825
DEV_SIMFRAUD394766,SIM_SWAP394766,CUST001361,2026-03-25,True,True,6,Android,0,1,0.919
DEV_SIMFRAUD394768,SIM_SWAP394768,CUST003179,2026-02-15,True,True,44,Android,0,1,0.863
DEV_SIMFRAUD394770,SIM_SWAP394770,CUST000349,2026-03-28,True,True,3,iOS,0,1,0.831
DEV_SIMFRAUD394771,SIM_SWAP394771,CUST002295,2026-01-23,True,True,67,Android,0,1,0.843
DEV_SIMFRAUD394772,SIM_SWAP394772,CUST002796,2026-02-28,True,True,31,Android,1,1,0.922
DEV_SIMFRAUD394773,SIM_SWAP394773,CUST004051,2026-01-13,True,True,77,Android,0,1,0.71
DEV_SIMFRAUD394774,SIM_SWAP394774,CUST003581,2026-03-30,True,True,1,Android,0,1,0.833
DEV_SIMFRAUD394775,SIM_SWAP394775,CUST000459,2026-02-05,True,True,54,Android,0,1,0.872
DEV_SIMFRAUD394776,SIM_SWAP394776,CUST004864,2026-03-28,True,True,3,Android,0,1,0.877
DEV_SIMFRAUD394777,SIM_SWAP394777,CUST000530,2026-01-10,True,True,80,Android,0,1,0.886
DEV_SIMFRAUD394779,SIM_SWAP394779,CUST001127,2026-03-21,True,True,10,Android,0,1,0.716
DEV_SIMFRAUD394781,SIM_SWAP394781,CUST002213,2026-01-31,True,True,59,Android,0,1,0.867
DEV_SIMFRAUD394782,SIM_SWAP394782,CUST003360,2026-03-22,True,True,9,iOS,0,1,0.865
DEV_SIMFRAUD394783,SIM_SWAP394783,CUST000367,2026-03-18,True,True,13,Android,1,1,0.956
DEV_SIMFRAUD394785,SIM_SWAP394785,CUST001601,2026-01-08,True,True,82,Android,0,1,0.928
DEV_SIMFRAUD394786,SIM_SWAP394786,CUST001589,2026-03-26,True,True,5,Android,0,1,0.709
DEV_SIMFRAUD394788,SIM_SWAP394788,CUST000510,2026-01-08,True,True,82,Android,0,1,0.867
DEV_SIMFRAUD394789,SIM_SWAP394789,CUST003787,2026-02-18,True,True,41,Android,1,1,0.907
DEV_SIMFRAUD394790,SIM_SWAP394790,CUST001123,2026-01-18,True,True,72,Android,0,1,0.874
DEV_SIMFRAUD394791,SIM_SWAP394791,CUST001119,2026-02-06,True,True,53,Android,0,1,0.903
DEV_SIMFRAUD394792,SIM_SWAP394792,CUST002531,2026-01-23,True,True,67,Android,0,1,0.735
DEV_SIMFRAUD394793,SIM_SWAP394793,CUST004166,2026-03-23,True,True,8,Android,0,1,0.751
DEV_SIMFRAUD394794,SIM_SWAP394794,CUST001583,2026-03-17,True,True,14,Android,0,1,0.875
DEV_SIMFRAUD394795,SIM_SWAP394795,CUST001966,2026-03-06,True,True,25,Android,0,1,0.94
DEV_SIMFRAUD394796,SIM_SWAP394796,CUST001654,2026-03-20,True,True,11,Android,0,1,0.708
DEV_SIMFRAUD394797,SIM_SWAP394797,CUST000994,2026-01-13,True,True,77,Android,0,1,0.831
DEV_SIMFRAUD394798,SIM_SWAP394798,CUST001628,2026-03-24,True,True,7,Android,1,1,0.998
DEV_SIMFRAUD394799,SIM_SWAP394799,CUST001982,2026-02-22,True,True,37,Android,0,1,0.93
DEV_SIMFRAUD394800,SIM_SWAP394800,CUST001576,2026-02-23,True,True,36,Android,0,1,0.835
DEV_SIMFRAUD394801,SIM_SWAP394801,CUST004045,2026-01-20,True,True,70,Android,0,1,0.729
DEV_SIMFRAUD394802,SIM_SWAP394802,CUST000214,2026-02-07,True,True,52,Android,0,1,0.808
DEV_SIMFRAUD394804,SIM_SWAP394804,CUST001338,2026-01-31,True,True,59,Android,0,1,0.746
DEV_SIMFRAUD394805,SIM_SWAP394805,CUST002125,2026-03-06,True,True,25,iOS,0,1,0.976
DEV_SIMFRAUD394806,SIM_SWAP394806,CUST000667,2026-02-03,True,True,56,Android,0,1,0.906
DEV_SIMFRAUD394808,SIM_SWAP394808,CUST001864,2026-02-19,True,True,40,Android,0,1,0.957
DEV_SIMFRAUD394809,SIM_SWAP394809,CUST000266,2026-02-09,True,True,50,Android,0,1,0.969
DEV_SIMFRAUD394811,SIM_SWAP394811,CUST004680,2026-03-15,True,True,16,Android,0,1,0.882
DEV_SIMFRAUD394812,SIM_SWAP394812,CUST000548,2026-03-09,True,True,22,Android,0,1,0.702
DEV_SIMFRAUD394813,SIM_SWAP394813,CUST000059,2026-02-14,True,True,45,Android,2,1,0.867
DEV_SIMFRAUD394814,SIM_SWAP394814,CUST000372,2026-03-22,True,True,9,Android,0,1,0.941
DEV_SIMFRAUD394816,SIM_SWAP394816,CUST000399,2026-02-15,True,True,44,Android,0,1,0.794
DEV_SIMFRAUD394817,SIM_SWAP394817,CUST001301,2026-02-19,True,True,40,Android,0,1,0.978
DEV_SIMFRAUD394818,SIM_SWAP394818,CUST002324,2026-02-10,True,True,49,Android,0,1,0.999
