node_id,node_type
CUST000000,customer
CUST000001,customer
CUST000002,customer
CUST000003,customer
CUST000004,customer
CUST000005,customer
CUST000006,customer
CUST000007,customer
CUST000008,customer
CUST000009,customer
CUST000010,customer
CUST000011,customer
CUST000012,customer
CUST000013,customer
CUST000014,customer
CUST000015,customer
CUST000016,customer
CUST000017,customer
CUST000018,customer
CUST000019,customer
CUST000020,customer
CUST000021,customer
CUST000022,customer
CUST000023,customer
CUST000024,customer
CUST000025,customer
CUST000026,customer
CUST000027,customer
CUST000028,customer
CUST000029,customer
CUST000030,customer
CUST000031,customer
CUST000032,customer
CUST000033,customer
CUST000034,customer
CUST000035,customer
CUST000036,customer
CUST000037,customer
CUST000038,customer
CUST000039,customer
CUST000040,customer
CUST000041,customer
CUST000042,customer
CUST000043,customer
CUST000044,customer
CUST000045,customer
CUST000046,customer
CUST000047,customer
CUST000048,customer
CUST000049,customer
CUST000050,customer
CUST000051,customer
CUST000052,customer
CUST000053,customer
CUST000054,customer
CUST000055,customer
CUST000056,customer
CUST000057,customer
CUST000058,customer
CUST000059,customer
CUST000060,customer
CUST000061,customer
CUST000062,customer
CUST000063,customer
CUST000064,customer
CUST000065,customer
CUST000066,customer
CUST000067,customer
CUST000068,customer
CUST000069,customer
CUST000070,customer
CUST000071,customer
CUST000072,customer
CUST000073,customer
CUST000074,customer
CUST000075,customer
CUST000076,customer
CUST000077,customer
CUST000078,customer
CUST000079,customer
CUST000080,customer
CUST000081,customer
CUST000082,customer
CUST000083,customer
CUST000084,customer
CUST000085,customer
CUST000086,customer
CUST000087,customer
CUST000088,customer
CUST000089,customer
CUST000090,customer
CUST000091,customer
CUST000092,customer
CUST000093,customer
CUST000094,customer
CUST000095,customer
CUST000096,customer
CUST000097,customer
CUST000098,customer
CUST000099,customer
CUST000100,customer
CUST000101,customer
CUST000102,customer
CUST000103,customer
CUST000104,customer
CUST000105,customer
CUST000106,customer
CUST000107,customer
CUST000108,customer
CUST000109,customer
CUST000110,customer
CUST000111,customer
CUST000112,customer
CUST000113,customer
CUST000114,customer
CUST000115,customer
CUST000116,customer
CUST000117,customer
CUST000118,customer
CUST000119,customer
CUST000120,customer
CUST000121,customer
CUST000122,customer
CUST000123,customer
CUST000124,customer
CUST000125,customer
CUST000126,customer
CUST000127,customer
CUST000128,customer
CUST000129,customer
CUST000130,customer
CUST000131,customer
CUST000132,customer
CUST000133,customer
CUST000134,customer
CUST000135,customer
CUST000136,customer
CUST000137,customer
CUST000138,customer
CUST000139,customer
CUST000140,customer
CUST000141,customer
CUST000142,customer
CUST000143,customer
CUST000144,customer
CUST000145,customer
CUST000146,customer
CUST000147,customer
CUST000148,customer
CUST000149,customer
CUST000150,customer
CUST000151,customer
CUST000152,customer
CUST000153,customer
CUST000154,customer
CUST000155,customer
CUST000156,customer
CUST000157,customer
CUST000158,customer
CUST000159,customer
CUST000160,customer
CUST000161,customer
CUST000162,customer
CUST000163,customer
CUST000164,customer
CUST000165,customer
CUST000166,customer
CUST000167,customer
CUST000168,customer
CUST000169,customer
CUST000170,customer
CUST000171,customer
CUST000172,customer
CUST000173,customer
CUST000174,customer
CUST000175,customer
CUST000176,customer
CUST000177,customer
CUST000178,customer
CUST000179,customer
CUST000180,customer
CUST000181,customer
CUST000182,customer
CUST000183,customer
CUST000184,customer
CUST000185,customer
CUST000186,customer
CUST000187,customer
CUST000188,customer
CUST000189,customer
CUST000190,customer
CUST000191,customer
CUST000192,customer
CUST000193,customer
CUST000194,customer
CUST000195,customer
CUST000196,customer
CUST000197,customer
CUST000198,customer
CUST000199,customer
CUST000200,customer
CUST000201,customer
CUST000202,customer
CUST000203,customer
CUST000204,customer
CUST000205,customer
CUST000206,customer
CUST000207,customer
CUST000208,customer
CUST000209,customer
CUST000210,customer
CUST000211,customer
CUST000212,customer
CUST000213,customer
CUST000214,customer
CUST000215,customer
CUST000216,customer
CUST000217,customer
CUST000218,customer
CUST000219,customer
CUST000220,customer
CUST000221,customer
CUST000222,customer
CUST000223,customer
CUST000224,customer
CUST000225,customer
CUST000226,customer
CUST000227,customer
CUST000228,customer
CUST000229,customer
CUST000230,customer
CUST000231,customer
CUST000232,customer
CUST000233,customer
CUST000234,customer
CUST000235,customer
CUST000236,customer
CUST000237,customer
CUST000238,customer
CUST000239,customer
CUST000240,customer
CUST000241,customer
CUST000242,customer
CUST000243,customer
CUST000244,customer
CUST000245,customer
CUST000246,customer
CUST000247,customer
CUST000248,customer
CUST000249,customer
CUST000250,customer
CUST000251,customer
CUST000252,customer
CUST000253,customer
CUST000254,customer
CUST000255,customer
CUST000256,customer
CUST000257,customer
CUST000258,customer
CUST000259,customer
CUST000260,customer
CUST000261,customer
CUST000262,customer
CUST000263,customer
CUST000264,customer
CUST000265,customer
CUST000266,customer
CUST000267,customer
CUST000268,customer
CUST000269,customer
CUST000270,customer
CUST000271,customer
CUST000272,customer
CUST000273,customer
CUST000274,customer
CUST000275,customer
CUST000276,customer
CUST000277,customer
CUST000278,customer
CUST000279,customer
CUST000280,customer
CUST000281,customer
CUST000282,customer
CUST000283,customer
CUST000284,customer
CUST000285,customer
CUST000286,customer
CUST000287,customer
CUST000288,customer
CUST000289,customer
CUST000290,customer
CUST000291,customer
CUST000292,customer
CUST000293,customer
CUST000294,customer
CUST000295,customer
CUST000296,customer
CUST000297,customer
CUST000298,customer
CUST000299,customer
CUST000300,customer
CUST000301,customer
CUST000302,customer
CUST000303,customer
CUST000304,customer
CUST000305,customer
CUST000306,customer
CUST000307,customer
CUST000308,customer
CUST000309,customer
CUST000310,customer
CUST000311,customer
CUST000312,customer
CUST000313,customer
CUST000314,customer
CUST000315,customer
CUST000316,customer
CUST000317,customer
CUST000318,customer
CUST000319,customer
CUST000320,customer
CUST000321,customer
CUST000322,customer
CUST000323,customer
CUST000324,customer
CUST000325,customer
CUST000326,customer
CUST000327,customer
CUST000328,customer
CUST000329,customer
CUST000330,customer
CUST000331,customer
CUST000332,customer
CUST000333,customer
CUST000334,customer
CUST000335,customer
CUST000336,customer
CUST000337,customer
CUST000338,customer
CUST000339,customer
CUST000340,customer
CUST000341,customer
CUST000342,customer
CUST000343,customer
CUST000344,customer
CUST000345,customer
CUST000346,customer
CUST000347,customer
CUST000348,customer
CUST000349,customer
CUST000350,customer
CUST000351,customer
CUST000352,customer
CUST000353,customer
CUST000354,customer
CUST000355,customer
CUST000356,customer
CUST000357,customer
CUST000358,customer
CUST000359,customer
CUST000360,customer
CUST000361,customer
CUST000362,customer
CUST000363,customer
CUST000364,customer
CUST000365,customer
CUST000366,customer
CUST000367,customer
CUST000368,customer
CUST000369,customer
CUST000370,customer
CUST000371,customer
CUST000372,customer
CUST000373,customer
CUST000374,customer
CUST000375,customer
CUST000376,customer
CUST000377,customer
CUST000378,customer
CUST000379,customer
CUST000380,customer
CUST000381,customer
CUST000382,customer
CUST000383,customer
CUST000384,customer
CUST000385,customer
CUST000386,customer
CUST000387,customer
CUST000388,customer
CUST000389,customer
CUST000390,customer
CUST000391,customer
CUST000392,customer
CUST000393,customer
CUST000394,customer
CUST000395,customer
CUST000396,customer
CUST000397,customer
CUST000398,customer
CUST000399,customer
CUST000400,customer
CUST000401,customer
CUST000402,customer
CUST000403,customer
CUST000404,customer
CUST000405,customer
CUST000406,customer
CUST000407,customer
CUST000408,customer
CUST000409,customer
CUST000410,customer
CUST000411,customer
CUST000412,customer
CUST000413,customer
CUST000414,customer
CUST000415,customer
CUST000416,customer
CUST000417,customer
CUST000418,customer
CUST000419,customer
CUST000420,customer
CUST000421,customer
CUST000422,customer
CUST000423,customer
CUST000424,customer
CUST000425,customer
CUST000426,customer
CUST000427,customer
CUST000428,customer
CUST000429,customer
CUST000430,customer
CUST000431,customer
CUST000432,customer
CUST000433,customer
CUST000434,customer
CUST000435,customer
CUST000436,customer
CUST000437,customer
CUST000438,customer
CUST000439,customer
CUST000440,customer
CUST000441,customer
CUST000442,customer
CUST000443,customer
CUST000444,customer
CUST000445,customer
CUST000446,customer
CUST000447,customer
CUST000448,customer
CUST000449,customer
CUST000450,customer
CUST000451,customer
CUST000452,customer
CUST000453,customer
CUST000454,customer
CUST000455,customer
CUST000456,customer
CUST000457,customer
CUST000458,customer
CUST000459,customer
CUST000460,customer
CUST000461,customer
CUST000462,customer
CUST000463,customer
CUST000464,customer
CUST000465,customer
CUST000466,customer
CUST000467,customer
CUST000468,customer
CUST000469,customer
CUST000470,customer
CUST000471,customer
CUST000472,customer
CUST000473,customer
CUST000474,customer
CUST000475,customer
CUST000476,customer
CUST000477,customer
CUST000478,customer
CUST000479,customer
CUST000480,customer
CUST000481,customer
CUST000482,customer
CUST000483,customer
CUST000484,customer
CUST000485,customer
CUST000486,customer
CUST000487,customer
CUST000488,customer
CUST000489,customer
CUST000490,customer
CUST000491,customer
CUST000492,customer
CUST000493,customer
CUST000494,customer
CUST000495,customer
CUST000496,customer
CUST000497,customer
CUST000498,customer
CUST000499,customer
CUST000500,customer
CUST000501,customer
CUST000502,customer
CUST000503,customer
CUST000504,customer
CUST000505,customer
CUST000506,customer
CUST000507,customer
CUST000508,customer
CUST000509,customer
CUST000510,customer
CUST000511,customer
CUST000512,customer
CUST000513,customer
CUST000514,customer
CUST000515,customer
CUST000516,customer
CUST000517,customer
CUST000518,customer
CUST000519,customer
CUST000520,customer
CUST000521,customer
CUST000522,customer
CUST000523,customer
CUST000524,customer
CUST000525,customer
CUST000526,customer
CUST000527,customer
CUST000528,customer
CUST000529,customer
CUST000530,customer
CUST000531,customer
CUST000532,customer
CUST000533,customer
CUST000534,customer
CUST000535,customer
CUST000536,customer
CUST000537,customer
CUST000538,customer
CUST000539,customer
CUST000540,customer
CUST000541,customer
CUST000542,customer
CUST000543,customer
CUST000544,customer
CUST000545,customer
CUST000546,customer
CUST000547,customer
CUST000548,customer
CUST000549,customer
CUST000550,customer
CUST000551,customer
CUST000552,customer
CUST000553,customer
CUST000554,customer
CUST000555,customer
CUST000556,customer
CUST000557,customer
CUST000558,customer
CUST000559,customer
CUST000560,customer
CUST000561,customer
CUST000562,customer
CUST000563,customer
CUST000564,customer
CUST000565,customer
CUST000566,customer
CUST000567,customer
CUST000568,customer
CUST000569,customer
CUST000570,customer
CUST000571,customer
CUST000572,customer
CUST000573,customer
CUST000574,customer
CUST000575,customer
CUST000576,customer
CUST000577,customer
CUST000578,customer
CUST000579,customer
CUST000580,customer
CUST000581,customer
CUST000582,customer
CUST000583,customer
CUST000584,customer
CUST000585,customer
CUST000586,customer
CUST000587,customer
CUST000588,customer
CUST000589,customer
CUST000590,customer
CUST000591,customer
CUST000592,customer
CUST000593,customer
CUST000594,customer
CUST000595,customer
CUST000596,customer
CUST000597,customer
CUST000598,customer
CUST000599,customer
CUST000600,customer
CUST000601,customer
CUST000602,customer
CUST000603,customer
CUST000604,customer
CUST000605,customer
CUST000606,customer
CUST000607,customer
CUST000608,customer
CUST000609,customer
CUST000610,customer
CUST000611,customer
CUST000612,customer
CUST000613,customer
CUST000614,customer
CUST000615,customer
CUST000616,customer
CUST000617,customer
CUST000618,customer
CUST000619,customer
CUST000620,customer
CUST000621,customer
CUST000622,customer
CUST000623,customer
CUST000624,customer
CUST000625,customer
CUST000626,customer
CUST000627,customer
CUST000628,customer
CUST000629,customer
CUST000630,customer
CUST000631,customer
CUST000632,customer
CUST000633,customer
CUST000634,customer
CUST000635,customer
CUST000636,customer
CUST000637,customer
CUST000638,customer
CUST000639,customer
CUST000640,customer
CUST000641,customer
CUST000642,customer
CUST000643,customer
CUST000644,customer
CUST000645,customer
CUST000646,customer
CUST000647,customer
CUST000648,customer
CUST000649,customer
CUST000650,customer
CUST000651,customer
CUST000652,customer
CUST000653,customer
CUST000654,customer
CUST000655,customer
CUST000656,customer
CUST000657,customer
CUST000658,customer
CUST000659,customer
CUST000660,customer
CUST000661,customer
CUST000662,customer
CUST000663,customer
CUST000664,customer
CUST000665,customer
CUST000666,customer
CUST000667,customer
CUST000668,customer
CUST000669,customer
CUST000670,customer
CUST000671,customer
CUST000672,customer
CUST000673,customer
CUST000674,customer
CUST000675,customer
CUST000676,customer
CUST000677,customer
CUST000678,customer
CUST000679,customer
CUST000680,customer
CUST000681,customer
CUST000682,customer
CUST000683,customer
CUST000684,customer
CUST000685,customer
CUST000686,customer
CUST000687,customer
CUST000688,customer
CUST000689,customer
CUST000690,customer
CUST000691,customer
CUST000692,customer
CUST000693,customer
CUST000694,customer
CUST000695,customer
CUST000696,customer
CUST000697,customer
CUST000698,customer
CUST000699,customer
CUST000700,customer
CUST000701,customer
CUST000702,customer
CUST000703,customer
CUST000704,customer
CUST000705,customer
CUST000706,customer
CUST000707,customer
CUST000708,customer
CUST000709,customer
CUST000710,customer
CUST000711,customer
CUST000712,customer
CUST000713,customer
CUST000714,customer
CUST000715,customer
CUST000716,customer
CUST000717,customer
CUST000718,customer
CUST000719,customer
CUST000720,customer
CUST000721,customer
CUST000722,customer
CUST000723,customer
CUST000724,customer
CUST000725,customer
CUST000726,customer
CUST000727,customer
CUST000728,customer
CUST000729,customer
CUST000730,customer
CUST000731,customer
CUST000732,customer
CUST000733,customer
CUST000734,customer
CUST000735,customer
CUST000736,customer
CUST000737,customer
CUST000738,customer
CUST000739,customer
CUST000740,customer
CUST000741,customer
CUST000742,customer
CUST000743,customer
CUST000744,customer
CUST000745,customer
CUST000746,customer
CUST000747,customer
CUST000748,customer
CUST000749,customer
CUST000750,customer
CUST000751,customer
CUST000752,customer
CUST000753,customer
CUST000754,customer
CUST000755,customer
CUST000756,customer
CUST000757,customer
CUST000758,customer
CUST000759,customer
CUST000760,customer
CUST000761,customer
CUST000762,customer
CUST000763,customer
CUST000764,customer
CUST000765,customer
CUST000766,customer
CUST000767,customer
CUST000768,customer
CUST000769,customer
CUST000770,customer
CUST000771,customer
CUST000772,customer
CUST000773,customer
CUST000774,customer
CUST000775,customer
CUST000776,customer
CUST000777,customer
CUST000778,customer
CUST000779,customer
CUST000780,customer
CUST000781,customer
CUST000782,customer
CUST000783,customer
CUST000784,customer
CUST000785,customer
CUST000786,customer
CUST000787,customer
CUST000788,customer
CUST000789,customer
CUST000790,customer
CUST000791,customer
CUST000792,customer
CUST000793,customer
CUST000794,customer
CUST000795,customer
CUST000796,customer
CUST000797,customer
CUST000798,customer
CUST000799,customer
CUST000800,customer
CUST000801,customer
CUST000802,customer
CUST000803,customer
CUST000804,customer
CUST000805,customer
CUST000806,customer
CUST000807,customer
CUST000808,customer
CUST000809,customer
CUST000810,customer
CUST000811,customer
CUST000812,customer
CUST000813,customer
CUST000814,customer
CUST000815,customer
CUST000816,customer
CUST000817,customer
CUST000818,customer
CUST000819,customer
CUST000820,customer
CUST000821,customer
CUST000822,customer
CUST000823,customer
CUST000824,customer
CUST000825,customer
CUST000826,customer
CUST000827,customer
CUST000828,customer
CUST000829,customer
CUST000830,customer
CUST000831,customer
CUST000832,customer
CUST000833,customer
CUST000834,customer
CUST000835,customer
CUST000836,customer
CUST000837,customer
CUST000838,customer
CUST000839,customer
CUST000840,customer
CUST000841,customer
CUST000842,customer
CUST000843,customer
CUST000844,customer
CUST000845,customer
CUST000846,customer
CUST000847,customer
CUST000848,customer
CUST000849,customer
CUST000850,customer
CUST000851,customer
CUST000852,customer
CUST000853,customer
CUST000854,customer
CUST000855,customer
CUST000856,customer
CUST000857,customer
CUST000858,customer
CUST000859,customer
CUST000860,customer
CUST000861,customer
CUST000862,customer
CUST000863,customer
CUST000864,customer
CUST000865,customer
CUST000866,customer
CUST000867,customer
CUST000868,customer
CUST000869,customer
CUST000870,customer
CUST000871,customer
CUST000872,customer
CUST000873,customer
CUST000874,customer
CUST000875,customer
CUST000876,customer
CUST000877,customer
CUST000878,customer
CUST000879,customer
CUST000880,customer
CUST000881,customer
CUST000882,customer
CUST000883,customer
CUST000884,customer
CUST000885,customer
CUST000886,customer
CUST000887,customer
CUST000888,customer
CUST000889,customer
CUST000890,customer
CUST000891,customer
CUST000892,customer
CUST000893,customer
CUST000894,customer
CUST000895,customer
CUST000896,customer
CUST000897,customer
CUST000898,customer
CUST000899,customer
CUST000900,customer
CUST000901,customer
CUST000902,customer
CUST000903,customer
CUST000904,customer
CUST000905,customer
CUST000906,customer
CUST000907,customer
CUST000908,customer
CUST000909,customer
CUST000910,customer
CUST000911,customer
CUST000912,customer
CUST000913,customer
CUST000914,customer
CUST000915,customer
CUST000916,customer
CUST000917,customer
CUST000918,customer
CUST000919,customer
CUST000920,customer
CUST000921,customer
CUST000922,customer
CUST000923,customer
CUST000924,customer
CUST000925,customer
CUST000926,customer
CUST000927,customer
CUST000928,customer
CUST000929,customer
CUST000930,customer
CUST000931,customer
CUST000932,customer
CUST000933,customer
CUST000934,customer
CUST000935,customer
CUST000936,customer
CUST000937,customer
CUST000938,customer
CUST000939,customer
CUST000940,customer
CUST000941,customer
CUST000942,customer
CUST000943,customer
CUST000944,customer
CUST000945,customer
CUST000946,customer
CUST000947,customer
CUST000948,customer
CUST000949,customer
CUST000950,customer
CUST000951,customer
CUST000952,customer
CUST000953,customer
CUST000954,customer
CUST000955,customer
CUST000956,customer
CUST000957,customer
CUST000958,customer
CUST000959,customer
CUST000960,customer
CUST000961,customer
CUST000962,customer
CUST000963,customer
CUST000964,customer
CUST000965,customer
CUST000966,customer
CUST000967,customer
CUST000968,customer
CUST000969,customer
CUST000970,customer
CUST000971,customer
CUST000972,customer
CUST000973,customer
CUST000974,customer
CUST000975,customer
CUST000976,customer
CUST000977,customer
CUST000978,customer
CUST000979,customer
CUST000980,customer
CUST000981,customer
CUST000982,customer
CUST000983,customer
CUST000984,customer
CUST000985,customer
CUST000986,customer
CUST000987,customer
CUST000988,customer
CUST000989,customer
CUST000990,customer
CUST000991,customer
CUST000992,customer
CUST000993,customer
CUST000994,customer
CUST000995,customer
CUST000996,customer
CUST000997,customer
CUST000998,customer
CUST000999,customer
CUST001000,customer
CUST001001,customer
CUST001002,customer
CUST001003,customer
CUST001004,customer
CUST001005,customer
CUST001006,customer
CUST001007,customer
CUST001008,customer
CUST001009,customer
CUST001010,customer
CUST001011,customer
CUST001012,customer
CUST001013,customer
CUST001014,customer
CUST001015,customer
CUST001016,customer
CUST001017,customer
CUST001018,customer
CUST001019,customer
CUST001020,customer
CUST001021,customer
CUST001022,customer
CUST001023,customer
CUST001024,customer
CUST001025,customer
CUST001026,customer
CUST001027,customer
CUST001028,customer
CUST001029,customer
CUST001030,customer
CUST001031,customer
CUST001032,customer
CUST001033,customer
CUST001034,customer
CUST001035,customer
CUST001036,customer
CUST001037,customer
CUST001038,customer
CUST001039,customer
CUST001040,customer
CUST001041,customer
CUST001042,customer
CUST001043,customer
CUST001044,customer
CUST001045,customer
CUST001046,customer
CUST001047,customer
CUST001048,customer
CUST001049,customer
CUST001050,customer
CUST001051,customer
CUST001052,customer
CUST001053,customer
CUST001054,customer
CUST001055,customer
CUST001056,customer
CUST001057,customer
CUST001058,customer
CUST001059,customer
CUST001060,customer
CUST001061,customer
CUST001062,customer
CUST001063,customer
CUST001064,customer
CUST001065,customer
CUST001066,customer
CUST001067,customer
CUST001068,customer
CUST001069,customer
CUST001070,customer
CUST001071,customer
CUST001072,customer
CUST001073,customer
CUST001074,customer
CUST001075,customer
CUST001076,customer
CUST001077,customer
CUST001078,customer
CUST001079,customer
CUST001080,customer
CUST001081,customer
CUST001082,customer
CUST001083,customer
CUST001084,customer
CUST001085,customer
CUST001086,customer
CUST001087,customer
CUST001088,customer
CUST001089,customer
CUST001090,customer
CUST001091,customer
CUST001092,customer
CUST001093,customer
CUST001094,customer
CUST001095,customer
CUST001096,customer
CUST001097,customer
CUST001098,customer
CUST001099,customer
CUST001100,customer
CUST001101,customer
CUST001102,customer
CUST001103,customer
CUST001104,customer
CUST001105,customer
CUST001106,customer
CUST001107,customer
CUST001108,customer
CUST001109,customer
CUST001110,customer
CUST001111,customer
CUST001112,customer
CUST001113,customer
CUST001114,customer
CUST001115,customer
CUST001116,customer
CUST001117,customer
CUST001118,customer
CUST001119,customer
CUST001120,customer
CUST001121,customer
CUST001122,customer
CUST001123,customer
CUST001124,customer
CUST001125,customer
CUST001126,customer
CUST001127,customer
CUST001128,customer
CUST001129,customer
CUST001130,customer
CUST001131,customer
CUST001132,customer
CUST001133,customer
CUST001134,customer
CUST001135,customer
CUST001136,customer
CUST001137,customer
CUST001138,customer
CUST001139,customer
CUST001140,customer
CUST001141,customer
CUST001142,customer
CUST001143,customer
CUST001144,customer
CUST001145,customer
CUST001146,customer
CUST001147,customer
CUST001148,customer
CUST001149,customer
CUST001150,customer
CUST001151,customer
CUST001152,customer
CUST001153,customer
CUST001154,customer
CUST001155,customer
CUST001156,customer
CUST001157,customer
CUST001158,customer
CUST001159,customer
CUST001160,customer
CUST001161,customer
CUST001162,customer
CUST001163,customer
CUST001164,customer
CUST001165,customer
CUST001166,customer
CUST001167,customer
CUST001168,customer
CUST001169,customer
CUST001170,customer
CUST001171,customer
CUST001172,customer
CUST001173,customer
CUST001174,customer
CUST001175,customer
CUST001176,customer
CUST001177,customer
CUST001178,customer
CUST001179,customer
CUST001180,customer
CUST001181,customer
CUST001182,customer
CUST001183,customer
CUST001184,customer
CUST001185,customer
CUST001186,customer
CUST001187,customer
CUST001188,customer
CUST001189,customer
CUST001190,customer
CUST001191,customer
CUST001192,customer
CUST001193,customer
CUST001194,customer
CUST001195,customer
CUST001196,customer
CUST001197,customer
CUST001198,customer
CUST001199,customer
CUST001200,customer
CUST001201,customer
CUST001202,customer
CUST001203,customer
CUST001204,customer
CUST001205,customer
CUST001206,customer
CUST001207,customer
CUST001208,customer
CUST001209,customer
CUST001210,customer
CUST001211,customer
CUST001212,customer
CUST001213,customer
CUST001214,customer
CUST001215,customer
CUST001216,customer
CUST001217,customer
CUST001218,customer
CUST001219,customer
CUST001220,customer
CUST001221,customer
CUST001222,customer
CUST001223,customer
CUST001224,customer
CUST001225,customer
CUST001226,customer
CUST001227,customer
CUST001228,customer
CUST001229,customer
CUST001230,customer
CUST001231,customer
CUST001232,customer
CUST001233,customer
CUST001234,customer
CUST001235,customer
CUST001236,customer
CUST001237,customer
CUST001238,customer
CUST001239,customer
CUST001240,customer
CUST001241,customer
CUST001242,customer
CUST001243,customer
CUST001244,customer
CUST001245,customer
CUST001246,customer
CUST001247,customer
CUST001248,customer
CUST001249,customer
CUST001250,customer
CUST001251,customer
CUST001252,customer
CUST001253,customer
CUST001254,customer
CUST001255,customer
CUST001256,customer
CUST001257,customer
CUST001258,customer
CUST001259,customer
CUST001260,customer
CUST001261,customer
CUST001262,customer
CUST001263,customer
CUST001264,customer
CUST001265,customer
CUST001266,customer
CUST001267,customer
CUST001268,customer
CUST001269,customer
CUST001270,customer
CUST001271,customer
CUST001272,customer
CUST001273,customer
CUST001274,customer
CUST001275,customer
CUST001276,customer
CUST001277,customer
CUST001278,customer
CUST001279,customer
CUST001280,customer
CUST001281,customer
CUST001282,customer
CUST001283,customer
CUST001284,customer
CUST001285,customer
CUST001286,customer
CUST001287,customer
CUST001288,customer
CUST001289,customer
CUST001290,customer
CUST001291,customer
CUST001292,customer
CUST001293,customer
CUST001294,customer
CUST001295,customer
CUST001296,customer
CUST001297,customer
CUST001298,customer
CUST001299,customer
CUST001300,customer
CUST001301,customer
CUST001302,customer
CUST001303,customer
CUST001304,customer
CUST001305,customer
CUST001306,customer
CUST001307,customer
CUST001308,customer
CUST001309,customer
CUST001310,customer
CUST001311,customer
CUST001312,customer
CUST001313,customer
CUST001314,customer
CUST001315,customer
CUST001316,customer
CUST001317,customer
CUST001318,customer
CUST001319,customer
CUST001320,customer
CUST001321,customer
CUST001322,customer
CUST001323,customer
CUST001324,customer
CUST001325,customer
CUST001326,customer
CUST001327,customer
CUST001328,customer
CUST001329,customer
CUST001330,customer
CUST001331,customer
CUST001332,customer
CUST001333,customer
CUST001334,customer
CUST001335,customer
CUST001336,customer
CUST001337,customer
CUST001338,customer
CUST001339,customer
CUST001340,customer
CUST001341,customer
CUST001342,customer
CUST001343,customer
CUST001344,customer
CUST001345,customer
CUST001346,customer
CUST001347,customer
CUST001348,customer
CUST001349,customer
CUST001350,customer
CUST001351,customer
CUST001352,customer
CUST001353,customer
CUST001354,customer
CUST001355,customer
CUST001356,customer
CUST001357,customer
CUST001358,customer
CUST001359,customer
CUST001360,customer
CUST001361,customer
CUST001362,customer
CUST001363,customer
CUST001364,customer
CUST001365,customer
CUST001366,customer
CUST001367,customer
CUST001368,customer
CUST001369,customer
CUST001370,customer
CUST001371,customer
CUST001372,customer
CUST001373,customer
CUST001374,customer
CUST001375,customer
CUST001376,customer
CUST001377,customer
CUST001378,customer
CUST001379,customer
CUST001380,customer
CUST001381,customer
CUST001382,customer
CUST001383,customer
CUST001384,customer
CUST001385,customer
CUST001386,customer
CUST001387,customer
CUST001388,customer
CUST001389,customer
CUST001390,customer
CUST001391,customer
CUST001392,customer
CUST001393,customer
CUST001394,customer
CUST001395,customer
CUST001396,customer
CUST001397,customer
CUST001398,customer
CUST001399,customer
CUST001400,customer
CUST001401,customer
CUST001402,customer
CUST001403,customer
CUST001404,customer
CUST001405,customer
CUST001406,customer
CUST001407,customer
CUST001408,customer
CUST001409,customer
CUST001410,customer
CUST001411,customer
CUST001412,customer
CUST001413,customer
CUST001414,customer
CUST001415,customer
CUST001416,customer
CUST001417,customer
CUST001418,customer
CUST001419,customer
CUST001420,customer
CUST001421,customer
CUST001422,customer
CUST001423,customer
CUST001424,customer
CUST001425,customer
CUST001426,customer
CUST001427,customer
CUST001428,customer
CUST001429,customer
CUST001430,customer
CUST001431,customer
CUST001432,customer
CUST001433,customer
CUST001434,customer
CUST001435,customer
CUST001436,customer
CUST001437,customer
CUST001438,customer
CUST001439,customer
CUST001440,customer
CUST001441,customer
CUST001442,customer
CUST001443,customer
CUST001444,customer
CUST001445,customer
CUST001446,customer
CUST001447,customer
CUST001448,customer
CUST001449,customer
CUST001450,customer
CUST001451,customer
CUST001452,customer
CUST001453,customer
CUST001454,customer
CUST001455,customer
CUST001456,customer
CUST001457,customer
CUST001458,customer
CUST001459,customer
CUST001460,customer
CUST001461,customer
CUST001462,customer
CUST001463,customer
CUST001464,customer
CUST001465,customer
CUST001466,customer
CUST001467,customer
CUST001468,customer
CUST001469,customer
CUST001470,customer
CUST001471,customer
CUST001472,customer
CUST001473,customer
CUST001474,customer
CUST001475,customer
CUST001476,customer
CUST001477,customer
CUST001478,customer
CUST001479,customer
CUST001480,customer
CUST001481,customer
CUST001482,customer
CUST001483,customer
CUST001484,customer
CUST001485,customer
CUST001486,customer
CUST001487,customer
CUST001488,customer
CUST001489,customer
CUST001490,customer
CUST001491,customer
CUST001492,customer
CUST001493,customer
CUST001494,customer
CUST001495,customer
CUST001496,customer
CUST001497,customer
CUST001498,customer
CUST001499,customer
CUST001500,customer
CUST001501,customer
CUST001502,customer
CUST001503,customer
CUST001504,customer
CUST001505,customer
CUST001506,customer
CUST001507,customer
CUST001508,customer
CUST001509,customer
CUST001510,customer
CUST001511,customer
CUST001512,customer
CUST001513,customer
CUST001514,customer
CUST001515,customer
CUST001516,customer
CUST001517,customer
CUST001518,customer
CUST001519,customer
CUST001520,customer
CUST001521,customer
CUST001522,customer
CUST001523,customer
CUST001524,customer
CUST001525,customer
CUST001526,customer
CUST001527,customer
CUST001528,customer
CUST001529,customer
CUST001530,customer
CUST001531,customer
CUST001532,customer
CUST001533,customer
CUST001534,customer
CUST001535,customer
CUST001536,customer
CUST001537,customer
CUST001538,customer
CUST001539,customer
CUST001540,customer
CUST001541,customer
CUST001542,customer
CUST001543,customer
CUST001544,customer
CUST001545,customer
CUST001546,customer
CUST001547,customer
CUST001548,customer
CUST001549,customer
CUST001550,customer
CUST001551,customer
CUST001552,customer
CUST001553,customer
CUST001554,customer
CUST001555,customer
CUST001556,customer
CUST001557,customer
CUST001558,customer
CUST001559,customer
CUST001560,customer
CUST001561,customer
CUST001562,customer
CUST001563,customer
CUST001564,customer
CUST001565,customer
CUST001566,customer
CUST001567,customer
CUST001568,customer
CUST001569,customer
CUST001570,customer
CUST001571,customer
CUST001572,customer
CUST001573,customer
CUST001574,customer
CUST001575,customer
CUST001576,customer
CUST001577,customer
CUST001578,customer
CUST001579,customer
CUST001580,customer
CUST001581,customer
CUST001582,customer
CUST001583,customer
CUST001584,customer
CUST001585,customer
CUST001586,customer
CUST001587,customer
CUST001588,customer
CUST001589,customer
CUST001590,customer
CUST001591,customer
CUST001592,customer
CUST001593,customer
CUST001594,customer
CUST001595,customer
CUST001596,customer
CUST001597,customer
CUST001598,customer
CUST001599,customer
CUST001600,customer
CUST001601,customer
CUST001602,customer
CUST001603,customer
CUST001604,customer
CUST001605,customer
CUST001606,customer
CUST001607,customer
CUST001608,customer
CUST001609,customer
CUST001610,customer
CUST001611,customer
CUST001612,customer
CUST001613,customer
CUST001614,customer
CUST001615,customer
CUST001616,customer
CUST001617,customer
CUST001618,customer
CUST001619,customer
CUST001620,customer
CUST001621,customer
CUST001622,customer
CUST001623,customer
CUST001624,customer
CUST001625,customer
CUST001626,customer
CUST001627,customer
CUST001628,customer
CUST001629,customer
CUST001630,customer
CUST001631,customer
CUST001632,customer
CUST001633,customer
CUST001634,customer
CUST001635,customer
CUST001636,customer
CUST001637,customer
CUST001638,customer
CUST001639,customer
CUST001640,customer
CUST001641,customer
CUST001642,customer
CUST001643,customer
CUST001644,customer
CUST001645,customer
CUST001646,customer
CUST001647,customer
CUST001648,customer
CUST001649,customer
CUST001650,customer
CUST001651,customer
CUST001652,customer
CUST001653,customer
CUST001654,customer
CUST001655,customer
CUST001656,customer
CUST001657,customer
CUST001658,customer
CUST001659,customer
CUST001660,customer
CUST001661,customer
CUST001662,customer
CUST001663,customer
CUST001664,customer
CUST001665,customer
CUST001666,customer
CUST001667,customer
CUST001668,customer
CUST001669,customer
CUST001670,customer
CUST001671,customer
CUST001672,customer
CUST001673,customer
CUST001674,customer
CUST001675,customer
CUST001676,customer
CUST001677,customer
CUST001678,customer
CUST001679,customer
CUST001680,customer
CUST001681,customer
CUST001682,customer
CUST001683,customer
CUST001684,customer
CUST001685,customer
CUST001686,customer
CUST001687,customer
CUST001688,customer
CUST001689,customer
CUST001690,customer
CUST001691,customer
CUST001692,customer
CUST001693,customer
CUST001694,customer
CUST001695,customer
CUST001696,customer
CUST001697,customer
CUST001698,customer
CUST001699,customer
CUST001700,customer
CUST001701,customer
CUST001702,customer
CUST001703,customer
CUST001704,customer
CUST001705,customer
CUST001706,customer
CUST001707,customer
CUST001708,customer
CUST001709,customer
CUST001710,customer
CUST001711,customer
CUST001712,customer
CUST001713,customer
CUST001714,customer
CUST001715,customer
CUST001716,customer
CUST001717,customer
CUST001718,customer
CUST001719,customer
CUST001720,customer
CUST001721,customer
CUST001722,customer
CUST001723,customer
CUST001724,customer
CUST001725,customer
CUST001726,customer
CUST001727,customer
CUST001728,customer
CUST001729,customer
CUST001730,customer
CUST001731,customer
CUST001732,customer
CUST001733,customer
CUST001734,customer
CUST001735,customer
CUST001736,customer
CUST001737,customer
CUST001738,customer
CUST001739,customer
CUST001740,customer
CUST001741,customer
CUST001742,customer
CUST001743,customer
CUST001744,customer
CUST001745,customer
CUST001746,customer
CUST001747,customer
CUST001748,customer
CUST001749,customer
CUST001750,customer
CUST001751,customer
CUST001752,customer
CUST001753,customer
CUST001754,customer
CUST001755,customer
CUST001756,customer
CUST001757,customer
CUST001758,customer
CUST001759,customer
CUST001760,customer
CUST001761,customer
CUST001762,customer
CUST001763,customer
CUST001764,customer
CUST001765,customer
CUST001766,customer
CUST001767,customer
CUST001768,customer
CUST001769,customer
CUST001770,customer
CUST001771,customer
CUST001772,customer
CUST001773,customer
CUST001774,customer
CUST001775,customer
CUST001776,customer
CUST001777,customer
CUST001778,customer
CUST001779,customer
CUST001780,customer
CUST001781,customer
CUST001782,customer
CUST001783,customer
CUST001784,customer
CUST001785,customer
CUST001786,customer
CUST001787,customer
CUST001788,customer
CUST001789,customer
CUST001790,customer
CUST001791,customer
CUST001792,customer
CUST001793,customer
CUST001794,customer
CUST001795,customer
CUST001796,customer
CUST001797,customer
CUST001798,customer
CUST001799,customer
CUST001800,customer
CUST001801,customer
CUST001802,customer
CUST001803,customer
CUST001804,customer
CUST001805,customer
CUST001806,customer
CUST001807,customer
CUST001808,customer
CUST001809,customer
CUST001810,customer
CUST001811,customer
CUST001812,customer
CUST001813,customer
CUST001814,customer
CUST001815,customer
CUST001816,customer
CUST001817,customer
CUST001818,customer
CUST001819,customer
CUST001820,customer
CUST001821,customer
CUST001822,customer
CUST001823,customer
CUST001824,customer
CUST001825,customer
CUST001826,customer
CUST001827,customer
CUST001828,customer
CUST001829,customer
CUST001830,customer
CUST001831,customer
CUST001832,customer
CUST001833,customer
CUST001834,customer
CUST001835,customer
CUST001836,customer
CUST001837,customer
CUST001838,customer
CUST001839,customer
CUST001840,customer
CUST001841,customer
CUST001842,customer
CUST001843,customer
CUST001844,customer
CUST001845,customer
CUST001846,customer
CUST001847,customer
CUST001848,customer
CUST001849,customer
CUST001850,customer
CUST001851,customer
CUST001852,customer
CUST001853,customer
CUST001854,customer
CUST001855,customer
CUST001856,customer
CUST001857,customer
CUST001858,customer
CUST001859,customer
CUST001860,customer
CUST001861,customer
CUST001862,customer
CUST001863,customer
CUST001864,customer
CUST001865,customer
CUST001866,customer
CUST001867,customer
CUST001868,customer
CUST001869,customer
CUST001870,customer
CUST001871,customer
CUST001872,customer
CUST001873,customer
CUST001874,customer
CUST001875,customer
CUST001876,customer
CUST001877,customer
CUST001878,customer
CUST001879,customer
CUST001880,customer
CUST001881,customer
CUST001882,customer
CUST001883,customer
CUST001884,customer
CUST001885,customer
CUST001886,customer
CUST001887,customer
CUST001888,customer
CUST001889,customer
CUST001890,customer
CUST001891,customer
CUST001892,customer
CUST001893,customer
CUST001894,customer
CUST001895,customer
CUST001896,customer
CUST001897,customer
CUST001898,customer
CUST001899,customer
CUST001900,customer
CUST001901,customer
CUST001902,customer
CUST001903,customer
CUST001904,customer
CUST001905,customer
CUST001906,customer
CUST001907,customer
CUST001908,customer
CUST001909,customer
CUST001910,customer
CUST001911,customer
CUST001912,customer
CUST001913,customer
CUST001914,customer
CUST001915,customer
CUST001916,customer
CUST001917,customer
CUST001918,customer
CUST001919,customer
CUST001920,customer
CUST001921,customer
CUST001922,customer
CUST001923,customer
CUST001924,customer
CUST001925,customer
CUST001926,customer
CUST001927,customer
CUST001928,customer
CUST001929,customer
CUST001930,customer
CUST001931,customer
CUST001932,customer
CUST001933,customer
CUST001934,customer
CUST001935,customer
CUST001936,customer
CUST001937,customer
CUST001938,customer
CUST001939,customer
CUST001940,customer
CUST001941,customer
CUST001942,customer
CUST001943,customer
CUST001944,customer
CUST001945,customer
CUST001946,customer
CUST001947,customer
CUST001948,customer
CUST001949,customer
CUST001950,customer
CUST001951,customer
CUST001952,customer
CUST001953,customer
CUST001954,customer
CUST001955,customer
CUST001956,customer
CUST001957,customer
CUST001958,customer
CUST001959,customer
CUST001960,customer
CUST001961,customer
CUST001962,customer
CUST001963,customer
CUST001964,customer
CUST001965,customer
CUST001966,customer
CUST001967,customer
CUST001968,customer
CUST001969,customer
CUST001970,customer
CUST001971,customer
CUST001972,customer
CUST001973,customer
CUST001974,customer
CUST001975,customer
CUST001976,customer
CUST001977,customer
CUST001978,customer
CUST001979,customer
CUST001980,customer
CUST001981,customer
CUST001982,customer
CUST001983,customer
CUST001984,customer
CUST001985,customer
CUST001986,customer
CUST001987,customer
CUST001988,customer
CUST001989,customer
CUST001990,customer
CUST001991,customer
CUST001992,customer
CUST001993,customer
CUST001994,customer
CUST001995,customer
CUST001996,customer
CUST001997,customer
CUST001998,customer
CUST001999,customer
CUST002000,customer
CUST002001,customer
CUST002002,customer
CUST002003,customer
CUST002004,customer
CUST002005,customer
CUST002006,customer
CUST002007,customer
CUST002008,customer
CUST002009,customer
CUST002010,customer
CUST002011,customer
CUST002012,customer
CUST002013,customer
CUST002014,customer
CUST002015,customer
CUST002016,customer
CUST002017,customer
CUST002018,customer
CUST002019,customer
CUST002020,customer
CUST002021,customer
CUST002022,customer
CUST002023,customer
CUST002024,customer
CUST002025,customer
CUST002026,customer
CUST002027,customer
CUST002028,customer
CUST002029,customer
CUST002030,customer
CUST002031,customer
CUST002032,customer
CUST002033,customer
CUST002034,customer
CUST002035,customer
CUST002036,customer
CUST002037,customer
CUST002038,customer
CUST002039,customer
CUST002040,customer
CUST002041,customer
CUST002042,customer
CUST002043,customer
CUST002044,customer
CUST002045,customer
CUST002046,customer
CUST002047,customer
CUST002048,customer
CUST002049,customer
CUST002050,customer
CUST002051,customer
CUST002052,customer
CUST002053,customer
CUST002054,customer
CUST002055,customer
CUST002056,customer
CUST002057,customer
CUST002058,customer
CUST002059,customer
CUST002060,customer
CUST002061,customer
CUST002062,customer
CUST002063,customer
CUST002064,customer
CUST002065,customer
CUST002066,customer
CUST002067,customer
CUST002068,customer
CUST002069,customer
CUST002070,customer
CUST002071,customer
CUST002072,customer
CUST002073,customer
CUST002074,customer
CUST002075,customer
CUST002076,customer
CUST002077,customer
CUST002078,customer
CUST002079,customer
CUST002080,customer
CUST002081,customer
CUST002082,customer
CUST002083,customer
CUST002084,customer
CUST002085,customer
CUST002086,customer
CUST002087,customer
CUST002088,customer
CUST002089,customer
CUST002090,customer
CUST002091,customer
CUST002092,customer
CUST002093,customer
CUST002094,customer
CUST002095,customer
CUST002096,customer
CUST002097,customer
CUST002098,customer
CUST002099,customer
CUST002100,customer
CUST002101,customer
CUST002102,customer
CUST002103,customer
CUST002104,customer
CUST002105,customer
CUST002106,customer
CUST002107,customer
CUST002108,customer
CUST002109,customer
CUST002110,customer
CUST002111,customer
CUST002112,customer
CUST002113,customer
CUST002114,customer
CUST002115,customer
CUST002116,customer
CUST002117,customer
CUST002118,customer
CUST002119,customer
CUST002120,customer
CUST002121,customer
CUST002122,customer
CUST002123,customer
CUST002124,customer
CUST002125,customer
CUST002126,customer
CUST002127,customer
CUST002128,customer
CUST002129,customer
CUST002130,customer
CUST002131,customer
CUST002132,customer
CUST002133,customer
CUST002134,customer
CUST002135,customer
CUST002136,customer
CUST002137,customer
CUST002138,customer
CUST002139,customer
CUST002140,customer
CUST002141,customer
CUST002142,customer
CUST002143,customer
CUST002144,customer
CUST002145,customer
CUST002146,customer
CUST002147,customer
CUST002148,customer
CUST002149,customer
CUST002150,customer
CUST002151,customer
CUST002152,customer
CUST002153,customer
CUST002154,customer
CUST002155,customer
CUST002156,customer
CUST002157,customer
CUST002158,customer
CUST002159,customer
CUST002160,customer
CUST002161,customer
CUST002162,customer
CUST002163,customer
CUST002164,customer
CUST002165,customer
CUST002166,customer
CUST002167,customer
CUST002168,customer
CUST002169,customer
CUST002170,customer
CUST002171,customer
CUST002172,customer
CUST002173,customer
CUST002174,customer
CUST002175,customer
CUST002176,customer
CUST002177,customer
CUST002178,customer
CUST002179,customer
CUST002180,customer
CUST002181,customer
CUST002182,customer
CUST002183,customer
CUST002184,customer
CUST002185,customer
CUST002186,customer
CUST002187,customer
CUST002188,customer
CUST002189,customer
CUST002190,customer
CUST002191,customer
CUST002192,customer
CUST002193,customer
CUST002194,customer
CUST002195,customer
CUST002196,customer
CUST002197,customer
CUST002198,customer
CUST002199,customer
CUST002200,customer
CUST002201,customer
CUST002202,customer
CUST002203,customer
CUST002204,customer
CUST002205,customer
CUST002206,customer
CUST002207,customer
CUST002208,customer
CUST002209,customer
CUST002210,customer
CUST002211,customer
CUST002212,customer
CUST002213,customer
CUST002214,customer
CUST002215,customer
CUST002216,customer
CUST002217,customer
CUST002218,customer
CUST002219,customer
CUST002220,customer
CUST002221,customer
CUST002222,customer
CUST002223,customer
CUST002224,customer
CUST002225,customer
CUST002226,customer
CUST002227,customer
CUST002228,customer
CUST002229,customer
CUST002230,customer
CUST002231,customer
CUST002232,customer
CUST002233,customer
CUST002234,customer
CUST002235,customer
CUST002236,customer
CUST002237,customer
CUST002238,customer
CUST002239,customer
CUST002240,customer
CUST002241,customer
CUST002242,customer
CUST002243,customer
CUST002244,customer
CUST002245,customer
CUST002246,customer
CUST002247,customer
CUST002248,customer
CUST002249,customer
CUST002250,customer
CUST002251,customer
CUST002252,customer
CUST002253,customer
CUST002254,customer
CUST002255,customer
CUST002256,customer
CUST002257,customer
CUST002258,customer
CUST002259,customer
CUST002260,customer
CUST002261,customer
CUST002262,customer
CUST002263,customer
CUST002264,customer
CUST002265,customer
CUST002266,customer
CUST002267,customer
CUST002268,customer
CUST002269,customer
CUST002270,customer
CUST002271,customer
CUST002272,customer
CUST002273,customer
CUST002274,customer
CUST002275,customer
CUST002276,customer
CUST002277,customer
CUST002278,customer
CUST002279,customer
CUST002280,customer
CUST002281,customer
CUST002282,customer
CUST002283,customer
CUST002284,customer
CUST002285,customer
CUST002286,customer
CUST002287,customer
CUST002288,customer
CUST002289,customer
CUST002290,customer
CUST002291,customer
CUST002292,customer
CUST002293,customer
CUST002294,customer
CUST002295,customer
CUST002296,customer
CUST002297,customer
CUST002298,customer
CUST002299,customer
CUST002300,customer
CUST002301,customer
CUST002302,customer
CUST002303,customer
CUST002304,customer
CUST002305,customer
CUST002306,customer
CUST002307,customer
CUST002308,customer
CUST002309,customer
CUST002310,customer
CUST002311,customer
CUST002312,customer
CUST002313,customer
CUST002314,customer
CUST002315,customer
CUST002316,customer
CUST002317,customer
CUST002318,customer
CUST002319,customer
CUST002320,customer
CUST002321,customer
CUST002322,customer
CUST002323,customer
CUST002324,customer
CUST002325,customer
CUST002326,customer
CUST002327,customer
CUST002328,customer
CUST002329,customer
CUST002330,customer
CUST002331,customer
CUST002332,customer
CUST002333,customer
CUST002334,customer
CUST002335,customer
CUST002336,customer
CUST002337,customer
CUST002338,customer
CUST002339,customer
CUST002340,customer
CUST002341,customer
CUST002342,customer
CUST002343,customer
CUST002344,customer
CUST002345,customer
CUST002346,customer
CUST002347,customer
CUST002348,customer
CUST002349,customer
CUST002350,customer
CUST002351,customer
CUST002352,customer
CUST002353,customer
CUST002354,customer
CUST002355,customer
CUST002356,customer
CUST002357,customer
CUST002358,customer
CUST002359,customer
CUST002360,customer
CUST002361,customer
CUST002362,customer
CUST002363,customer
CUST002364,customer
CUST002365,customer
CUST002366,customer
CUST002367,customer
CUST002368,customer
CUST002369,customer
CUST002370,customer
CUST002371,customer
CUST002372,customer
CUST002373,customer
CUST002374,customer
CUST002375,customer
CUST002376,customer
CUST002377,customer
CUST002378,customer
CUST002379,customer
CUST002380,customer
CUST002381,customer
CUST002382,customer
CUST002383,customer
CUST002384,customer
CUST002385,customer
CUST002386,customer
CUST002387,customer
CUST002388,customer
CUST002389,customer
CUST002390,customer
CUST002391,customer
CUST002392,customer
CUST002393,customer
CUST002394,customer
CUST002395,customer
CUST002396,customer
CUST002397,customer
CUST002398,customer
CUST002399,customer
CUST002400,customer
CUST002401,customer
CUST002402,customer
CUST002403,customer
CUST002404,customer
CUST002405,customer
CUST002406,customer
CUST002407,customer
CUST002408,customer
CUST002409,customer
CUST002410,customer
CUST002411,customer
CUST002412,customer
CUST002413,customer
CUST002414,customer
CUST002415,customer
CUST002416,customer
CUST002417,customer
CUST002418,customer
CUST002419,customer
CUST002420,customer
CUST002421,customer
CUST002422,customer
CUST002423,customer
CUST002424,customer
CUST002425,customer
CUST002426,customer
CUST002427,customer
CUST002428,customer
CUST002429,customer
CUST002430,customer
CUST002431,customer
CUST002432,customer
CUST002433,customer
CUST002434,customer
CUST002435,customer
CUST002436,customer
CUST002437,customer
CUST002438,customer
CUST002439,customer
CUST002440,customer
CUST002441,customer
CUST002442,customer
CUST002443,customer
CUST002444,customer
CUST002445,customer
CUST002446,customer
CUST002447,customer
CUST002448,customer
CUST002449,customer
CUST002450,customer
CUST002451,customer
CUST002452,customer
CUST002453,customer
CUST002454,customer
CUST002455,customer
CUST002456,customer
CUST002457,customer
CUST002458,customer
CUST002459,customer
CUST002460,customer
CUST002461,customer
CUST002462,customer
CUST002463,customer
CUST002464,customer
CUST002465,customer
CUST002466,customer
CUST002467,customer
CUST002468,customer
CUST002469,customer
CUST002470,customer
CUST002471,customer
CUST002472,customer
CUST002473,customer
CUST002474,customer
CUST002475,customer
CUST002476,customer
CUST002477,customer
CUST002478,customer
CUST002479,customer
CUST002480,customer
CUST002481,customer
CUST002482,customer
CUST002483,customer
CUST002484,customer
CUST002485,customer
CUST002486,customer
CUST002487,customer
CUST002488,customer
CUST002489,customer
CUST002490,customer
CUST002491,customer
CUST002492,customer
CUST002493,customer
CUST002494,customer
CUST002495,customer
CUST002496,customer
CUST002497,customer
CUST002498,customer
CUST002499,customer
CUST002500,customer
CUST002501,customer
CUST002502,customer
CUST002503,customer
CUST002504,customer
CUST002505,customer
CUST002506,customer
CUST002507,customer
CUST002508,customer
CUST002509,customer
CUST002510,customer
CUST002511,customer
CUST002512,customer
CUST002513,customer
CUST002514,customer
CUST002515,customer
CUST002516,customer
CUST002517,customer
CUST002518,customer
CUST002519,customer
CUST002520,customer
CUST002521,customer
CUST002522,customer
CUST002523,customer
CUST002524,customer
CUST002525,customer
CUST002526,customer
CUST002527,customer
CUST002528,customer
CUST002529,customer
CUST002530,customer
CUST002531,customer
CUST002532,customer
CUST002533,customer
CUST002534,customer
CUST002535,customer
CUST002536,customer
CUST002537,customer
CUST002538,customer
CUST002539,customer
CUST002540,customer
CUST002541,customer
CUST002542,customer
CUST002543,customer
CUST002544,customer
CUST002545,customer
CUST002546,customer
CUST002547,customer
CUST002548,customer
CUST002549,customer
CUST002550,customer
CUST002551,customer
CUST002552,customer
CUST002553,customer
CUST002554,customer
CUST002555,customer
CUST002556,customer
CUST002557,customer
CUST002558,customer
CUST002559,customer
CUST002560,customer
CUST002561,customer
CUST002562,customer
CUST002563,customer
CUST002564,customer
CUST002565,customer
CUST002566,customer
CUST002567,customer
CUST002568,customer
CUST002569,customer
CUST002570,customer
CUST002571,customer
CUST002572,customer
CUST002573,customer
CUST002574,customer
CUST002575,customer
CUST002576,customer
CUST002577,customer
CUST002578,customer
CUST002579,customer
CUST002580,customer
CUST002581,customer
CUST002582,customer
CUST002583,customer
CUST002584,customer
CUST002585,customer
CUST002586,customer
CUST002587,customer
CUST002588,customer
CUST002589,customer
CUST002590,customer
CUST002591,customer
CUST002592,customer
CUST002593,customer
CUST002594,customer
CUST002595,customer
CUST002596,customer
CUST002597,customer
CUST002598,customer
CUST002599,customer
CUST002600,customer
CUST002601,customer
CUST002602,customer
CUST002603,customer
CUST002604,customer
CUST002605,customer
CUST002606,customer
CUST002607,customer
CUST002608,customer
CUST002609,customer
CUST002610,customer
CUST002611,customer
CUST002612,customer
CUST002613,customer
CUST002614,customer
CUST002615,customer
CUST002616,customer
CUST002617,customer
CUST002618,customer
CUST002619,customer
CUST002620,customer
CUST002621,customer
CUST002622,customer
CUST002623,customer
CUST002624,customer
CUST002625,customer
CUST002626,customer
CUST002627,customer
CUST002628,customer
CUST002629,customer
CUST002630,customer
CUST002631,customer
CUST002632,customer
CUST002633,customer
CUST002634,customer
CUST002635,customer
CUST002636,customer
CUST002637,customer
CUST002638,customer
CUST002639,customer
CUST002640,customer
CUST002641,customer
CUST002642,customer
CUST002643,customer
CUST002644,customer
CUST002645,customer
CUST002646,customer
CUST002647,customer
CUST002648,customer
CUST002649,customer
CUST002650,customer
CUST002651,customer
CUST002652,customer
CUST002653,customer
CUST002654,customer
CUST002655,customer
CUST002656,customer
CUST002657,customer
CUST002658,customer
CUST002659,customer
CUST002660,customer
CUST002661,customer
CUST002662,customer
CUST002663,customer
CUST002664,customer
CUST002665,customer
CUST002666,customer
CUST002667,customer
CUST002668,customer
CUST002669,customer
CUST002670,customer
CUST002671,customer
CUST002672,customer
CUST002673,customer
CUST002674,customer
CUST002675,customer
CUST002676,customer
CUST002677,customer
CUST002678,customer
CUST002679,customer
CUST002680,customer
CUST002681,customer
CUST002682,customer
CUST002683,customer
CUST002684,customer
CUST002685,customer
CUST002686,customer
CUST002687,customer
CUST002688,customer
CUST002689,customer
CUST002690,customer
CUST002691,customer
CUST002692,customer
CUST002693,customer
CUST002694,customer
CUST002695,customer
CUST002696,customer
CUST002697,customer
CUST002698,customer
CUST002699,customer
CUST002700,customer
CUST002701,customer
CUST002702,customer
CUST002703,customer
CUST002704,customer
CUST002705,customer
CUST002706,customer
CUST002707,customer
CUST002708,customer
CUST002709,customer
CUST002710,customer
CUST002711,customer
CUST002712,customer
CUST002713,customer
CUST002714,customer
CUST002715,customer
CUST002716,customer
CUST002717,customer
CUST002718,customer
CUST002719,customer
CUST002720,customer
CUST002721,customer
CUST002722,customer
CUST002723,customer
CUST002724,customer
CUST002725,customer
CUST002726,customer
CUST002727,customer
CUST002728,customer
CUST002729,customer
CUST002730,customer
CUST002731,customer
CUST002732,customer
CUST002733,customer
CUST002734,customer
CUST002735,customer
CUST002736,customer
CUST002737,customer
CUST002738,customer
CUST002739,customer
CUST002740,customer
CUST002741,customer
CUST002742,customer
CUST002743,customer
CUST002744,customer
CUST002745,customer
CUST002746,customer
CUST002747,customer
CUST002748,customer
CUST002749,customer
CUST002750,customer
CUST002751,customer
CUST002752,customer
CUST002753,customer
CUST002754,customer
CUST002755,customer
CUST002756,customer
CUST002757,customer
CUST002758,customer
CUST002759,customer
CUST002760,customer
CUST002761,customer
CUST002762,customer
CUST002763,customer
CUST002764,customer
CUST002765,customer
CUST002766,customer
CUST002767,customer
CUST002768,customer
CUST002769,customer
CUST002770,customer
CUST002771,customer
CUST002772,customer
CUST002773,customer
CUST002774,customer
CUST002775,customer
CUST002776,customer
CUST002777,customer
CUST002778,customer
CUST002779,customer
CUST002780,customer
CUST002781,customer
CUST002782,customer
CUST002783,customer
CUST002784,customer
CUST002785,customer
CUST002786,customer
CUST002787,customer
CUST002788,customer
CUST002789,customer
CUST002790,customer
CUST002791,customer
CUST002792,customer
CUST002793,customer
CUST002794,customer
CUST002795,customer
CUST002796,customer
CUST002797,customer
CUST002798,customer
CUST002799,customer
CUST002800,customer
CUST002801,customer
CUST002802,customer
CUST002803,customer
CUST002804,customer
CUST002805,customer
CUST002806,customer
CUST002807,customer
CUST002808,customer
CUST002809,customer
CUST002810,customer
CUST002811,customer
CUST002812,customer
CUST002813,customer
CUST002814,customer
CUST002815,customer
CUST002816,customer
CUST002817,customer
CUST002818,customer
CUST002819,customer
CUST002820,customer
CUST002821,customer
CUST002822,customer
CUST002823,customer
CUST002824,customer
CUST002825,customer
CUST002826,customer
CUST002827,customer
CUST002828,customer
CUST002829,customer
CUST002830,customer
CUST002831,customer
CUST002832,customer
CUST002833,customer
CUST002834,customer
CUST002835,customer
CUST002836,customer
CUST002837,customer
CUST002838,customer
CUST002839,customer
CUST002840,customer
CUST002841,customer
CUST002842,customer
CUST002843,customer
CUST002844,customer
CUST002845,customer
CUST002846,customer
CUST002847,customer
CUST002848,customer
CUST002849,customer
CUST002850,customer
CUST002851,customer
CUST002852,customer
CUST002853,customer
CUST002854,customer
CUST002855,customer
CUST002856,customer
CUST002857,customer
CUST002858,customer
CUST002859,customer
CUST002860,customer
CUST002861,customer
CUST002862,customer
CUST002863,customer
CUST002864,customer
CUST002865,customer
CUST002866,customer
CUST002867,customer
CUST002868,customer
CUST002869,customer
CUST002870,customer
CUST002871,customer
CUST002872,customer
CUST002873,customer
CUST002874,customer
CUST002875,customer
CUST002876,customer
CUST002877,customer
CUST002878,customer
CUST002879,customer
CUST002880,customer
CUST002881,customer
CUST002882,customer
CUST002883,customer
CUST002884,customer
CUST002885,customer
CUST002886,customer
CUST002887,customer
CUST002888,customer
CUST002889,customer
CUST002890,customer
CUST002891,customer
CUST002892,customer
CUST002893,customer
CUST002894,customer
CUST002895,customer
CUST002896,customer
CUST002897,customer
CUST002898,customer
CUST002899,customer
CUST002900,customer
CUST002901,customer
CUST002902,customer
CUST002903,customer
CUST002904,customer
CUST002905,customer
CUST002906,customer
CUST002907,customer
CUST002908,customer
CUST002909,customer
CUST002910,customer
CUST002911,customer
CUST002912,customer
CUST002913,customer
CUST002914,customer
CUST002915,customer
CUST002916,customer
CUST002917,customer
CUST002918,customer
CUST002919,customer
CUST002920,customer
CUST002921,customer
CUST002922,customer
CUST002923,customer
CUST002924,customer
CUST002925,customer
CUST002926,customer
CUST002927,customer
CUST002928,customer
CUST002929,customer
CUST002930,customer
CUST002931,customer
CUST002932,customer
CUST002933,customer
CUST002934,customer
CUST002935,customer
CUST002936,customer
CUST002937,customer
CUST002938,customer
CUST002939,customer
CUST002940,customer
CUST002941,customer
CUST002942,customer
CUST002943,customer
CUST002944,customer
CUST002945,customer
CUST002946,customer
CUST002947,customer
CUST002948,customer
CUST002949,customer
CUST002950,customer
CUST002951,customer
CUST002952,customer
CUST002953,customer
CUST002954,customer
CUST002955,customer
CUST002956,customer
CUST002957,customer
CUST002958,customer
CUST002959,customer
CUST002960,customer
CUST002961,customer
CUST002962,customer
CUST002963,customer
CUST002964,customer
CUST002965,customer
CUST002966,customer
CUST002967,customer
CUST002968,customer
CUST002969,customer
CUST002970,customer
CUST002971,customer
CUST002972,customer
CUST002973,customer
CUST002974,customer
CUST002975,customer
CUST002976,customer
CUST002977,customer
CUST002978,customer
CUST002979,customer
CUST002980,customer
CUST002981,customer
CUST002982,customer
CUST002983,customer
CUST002984,customer
CUST002985,customer
CUST002986,customer
CUST002987,customer
CUST002988,customer
CUST002989,customer
CUST002990,customer
CUST002991,customer
CUST002992,customer
CUST002993,customer
CUST002994,customer
CUST002995,customer
CUST002996,customer
CUST002997,customer
CUST002998,customer
CUST002999,customer
CUST003000,customer
CUST003001,customer
CUST003002,customer
CUST003003,customer
CUST003004,customer
CUST003005,customer
CUST003006,customer
CUST003007,customer
CUST003008,customer
CUST003009,customer
CUST003010,customer
CUST003011,customer
CUST003012,customer
CUST003013,customer
CUST003014,customer
CUST003015,customer
CUST003016,customer
CUST003017,customer
CUST003018,customer
CUST003019,customer
CUST003020,customer
CUST003021,customer
CUST003022,customer
CUST003023,customer
CUST003024,customer
CUST003025,customer
CUST003026,customer
CUST003027,customer
CUST003028,customer
CUST003029,customer
CUST003030,customer
CUST003031,customer
CUST003032,customer
CUST003033,customer
CUST003034,customer
CUST003035,customer
CUST003036,customer
CUST003037,customer
CUST003038,customer
CUST003039,customer
CUST003040,customer
CUST003041,customer
CUST003042,customer
CUST003043,customer
CUST003044,customer
CUST003045,customer
CUST003046,customer
CUST003047,customer
CUST003048,customer
CUST003049,customer
CUST003050,customer
CUST003051,customer
CUST003052,customer
CUST003053,customer
CUST003054,customer
CUST003055,customer
CUST003056,customer
CUST003057,customer
CUST003058,customer
CUST003059,customer
CUST003060,customer
CUST003061,customer
CUST003062,customer
CUST003063,customer
CUST003064,customer
CUST003065,customer
CUST003066,customer
CUST003067,customer
CUST003068,customer
CUST003069,customer
CUST003070,customer
CUST003071,customer
CUST003072,customer
CUST003073,customer
CUST003074,customer
CUST003075,customer
CUST003076,customer
CUST003077,customer
CUST003078,customer
CUST003079,customer
CUST003080,customer
CUST003081,customer
CUST003082,customer
CUST003083,customer
CUST003084,customer
CUST003085,customer
CUST003086,customer
CUST003087,customer
CUST003088,customer
CUST003089,customer
CUST003090,customer
CUST003091,customer
CUST003092,customer
CUST003093,customer
CUST003094,customer
CUST003095,customer
CUST003096,customer
CUST003097,customer
CUST003098,customer
CUST003099,customer
CUST003100,customer
CUST003101,customer
CUST003102,customer
CUST003103,customer
CUST003104,customer
CUST003105,customer
CUST003106,customer
CUST003107,customer
CUST003108,customer
CUST003109,customer
CUST003110,customer
CUST003111,customer
CUST003112,customer
CUST003113,customer
CUST003114,customer
CUST003115,customer
CUST003116,customer
CUST003117,customer
CUST003118,customer
CUST003119,customer
CUST003120,customer
CUST003121,customer
CUST003122,customer
CUST003123,customer
CUST003124,customer
CUST003125,customer
CUST003126,customer
CUST003127,customer
CUST003128,customer
CUST003129,customer
CUST003130,customer
CUST003131,customer
CUST003132,customer
CUST003133,customer
CUST003134,customer
CUST003135,customer
CUST003136,customer
CUST003137,customer
CUST003138,customer
CUST003139,customer
CUST003140,customer
CUST003141,customer
CUST003142,customer
CUST003143,customer
CUST003144,customer
CUST003145,customer
CUST003146,customer
CUST003147,customer
CUST003148,customer
CUST003149,customer
CUST003150,customer
CUST003151,customer
CUST003152,customer
CUST003153,customer
CUST003154,customer
CUST003155,customer
CUST003156,customer
CUST003157,customer
CUST003158,customer
CUST003159,customer
CUST003160,customer
CUST003161,customer
CUST003162,customer
CUST003163,customer
CUST003164,customer
CUST003165,customer
CUST003166,customer
CUST003167,customer
CUST003168,customer
CUST003169,customer
CUST003170,customer
CUST003171,customer
CUST003172,customer
CUST003173,customer
CUST003174,customer
CUST003175,customer
CUST003176,customer
CUST003177,customer
CUST003178,customer
CUST003179,customer
CUST003180,customer
CUST003181,customer
CUST003182,customer
CUST003183,customer
CUST003184,customer
CUST003185,customer
CUST003186,customer
CUST003187,customer
CUST003188,customer
CUST003189,customer
CUST003190,customer
CUST003191,customer
CUST003192,customer
CUST003193,customer
CUST003194,customer
CUST003195,customer
CUST003196,customer
CUST003197,customer
CUST003198,customer
CUST003199,customer
CUST003200,customer
CUST003201,customer
CUST003202,customer
CUST003203,customer
CUST003204,customer
CUST003205,customer
CUST003206,customer
CUST003207,customer
CUST003208,customer
CUST003209,customer
CUST003210,customer
CUST003211,customer
CUST003212,customer
CUST003213,customer
CUST003214,customer
CUST003215,customer
CUST003216,customer
CUST003217,customer
CUST003218,customer
CUST003219,customer
CUST003220,customer
CUST003221,customer
CUST003222,customer
CUST003223,customer
CUST003224,customer
CUST003225,customer
CUST003226,customer
CUST003227,customer
CUST003228,customer
CUST003229,customer
CUST003230,customer
CUST003231,customer
CUST003232,customer
CUST003233,customer
CUST003234,customer
CUST003235,customer
CUST003236,customer
CUST003237,customer
CUST003238,customer
CUST003239,customer
CUST003240,customer
CUST003241,customer
CUST003242,customer
CUST003243,customer
CUST003244,customer
CUST003245,customer
CUST003246,customer
CUST003247,customer
CUST003248,customer
CUST003249,customer
CUST003250,customer
CUST003251,customer
CUST003252,customer
CUST003253,customer
CUST003254,customer
CUST003255,customer
CUST003256,customer
CUST003257,customer
CUST003258,customer
CUST003259,customer
CUST003260,customer
CUST003261,customer
CUST003262,customer
CUST003263,customer
CUST003264,customer
CUST003265,customer
CUST003266,customer
CUST003267,customer
CUST003268,customer
CUST003269,customer
CUST003270,customer
CUST003271,customer
CUST003272,customer
CUST003273,customer
CUST003274,customer
CUST003275,customer
CUST003276,customer
CUST003277,customer
CUST003278,customer
CUST003279,customer
CUST003280,customer
CUST003281,customer
CUST003282,customer
CUST003283,customer
CUST003284,customer
CUST003285,customer
CUST003286,customer
CUST003287,customer
CUST003288,customer
CUST003289,customer
CUST003290,customer
CUST003291,customer
CUST003292,customer
CUST003293,customer
CUST003294,customer
CUST003295,customer
CUST003296,customer
CUST003297,customer
CUST003298,customer
CUST003299,customer
CUST003300,customer
CUST003301,customer
CUST003302,customer
CUST003303,customer
CUST003304,customer
CUST003305,customer
CUST003306,customer
CUST003307,customer
CUST003308,customer
CUST003309,customer
CUST003310,customer
CUST003311,customer
CUST003312,customer
CUST003313,customer
CUST003314,customer
CUST003315,customer
CUST003316,customer
CUST003317,customer
CUST003318,customer
CUST003319,customer
CUST003320,customer
CUST003321,customer
CUST003322,customer
CUST003323,customer
CUST003324,customer
CUST003325,customer
CUST003326,customer
CUST003327,customer
CUST003328,customer
CUST003329,customer
CUST003330,customer
CUST003331,customer
CUST003332,customer
CUST003333,customer
CUST003334,customer
CUST003335,customer
CUST003336,customer
CUST003337,customer
CUST003338,customer
CUST003339,customer
CUST003340,customer
CUST003341,customer
CUST003342,customer
CUST003343,customer
CUST003344,customer
CUST003345,customer
CUST003346,customer
CUST003347,customer
CUST003348,customer
CUST003349,customer
CUST003350,customer
CUST003351,customer
CUST003352,customer
CUST003353,customer
CUST003354,customer
CUST003355,customer
CUST003356,customer
CUST003357,customer
CUST003358,customer
CUST003359,customer
CUST003360,customer
CUST003361,customer
CUST003362,customer
CUST003363,customer
CUST003364,customer
CUST003365,customer
CUST003366,customer
CUST003367,customer
CUST003368,customer
CUST003369,customer
CUST003370,customer
CUST003371,customer
CUST003372,customer
CUST003373,customer
CUST003374,customer
CUST003375,customer
CUST003376,customer
CUST003377,customer
CUST003378,customer
CUST003379,customer
CUST003380,customer
CUST003381,customer
CUST003382,customer
CUST003383,customer
CUST003384,customer
CUST003385,customer
CUST003386,customer
CUST003387,customer
CUST003388,customer
CUST003389,customer
CUST003390,customer
CUST003391,customer
CUST003392,customer
CUST003393,customer
CUST003394,customer
CUST003395,customer
CUST003396,customer
CUST003397,customer
CUST003398,customer
CUST003399,customer
CUST003400,customer
CUST003401,customer
CUST003402,customer
CUST003403,customer
CUST003404,customer
CUST003405,customer
CUST003406,customer
CUST003407,customer
CUST003408,customer
CUST003409,customer
CUST003410,customer
CUST003411,customer
CUST003412,customer
CUST003413,customer
CUST003414,customer
CUST003415,customer
CUST003416,customer
CUST003417,customer
CUST003418,customer
CUST003419,customer
CUST003420,customer
CUST003421,customer
CUST003422,customer
CUST003423,customer
CUST003424,customer
CUST003425,customer
CUST003426,customer
CUST003427,customer
CUST003428,customer
CUST003429,customer
CUST003430,customer
CUST003431,customer
CUST003432,customer
CUST003433,customer
CUST003434,customer
CUST003435,customer
CUST003436,customer
CUST003437,customer
CUST003438,customer
CUST003439,customer
CUST003440,customer
CUST003441,customer
CUST003442,customer
CUST003443,customer
CUST003444,customer
CUST003445,customer
CUST003446,customer
CUST003447,customer
CUST003448,customer
CUST003449,customer
CUST003450,customer
CUST003451,customer
CUST003452,customer
CUST003453,customer
CUST003454,customer
CUST003455,customer
CUST003456,customer
CUST003457,customer
CUST003458,customer
CUST003459,customer
CUST003460,customer
CUST003461,customer
CUST003462,customer
CUST003463,customer
CUST003464,customer
CUST003465,customer
CUST003466,customer
CUST003467,customer
CUST003468,customer
CUST003469,customer
CUST003470,customer
CUST003471,customer
CUST003472,customer
CUST003473,customer
CUST003474,customer
CUST003475,customer
CUST003476,customer
CUST003477,customer
CUST003478,customer
CUST003479,customer
CUST003480,customer
CUST003481,customer
CUST003482,customer
CUST003483,customer
CUST003484,customer
CUST003485,customer
CUST003486,customer
CUST003487,customer
CUST003488,customer
CUST003489,customer
CUST003490,customer
CUST003491,customer
CUST003492,customer
CUST003493,customer
CUST003494,customer
CUST003495,customer
CUST003496,customer
CUST003497,customer
CUST003498,customer
CUST003499,customer
CUST003500,customer
CUST003501,customer
CUST003502,customer
CUST003503,customer
CUST003504,customer
CUST003505,customer
CUST003506,customer
CUST003507,customer
CUST003508,customer
CUST003509,customer
CUST003510,customer
CUST003511,customer
CUST003512,customer
CUST003513,customer
CUST003514,customer
CUST003515,customer
CUST003516,customer
CUST003517,customer
CUST003518,customer
CUST003519,customer
CUST003520,customer
CUST003521,customer
CUST003522,customer
CUST003523,customer
CUST003524,customer
CUST003525,customer
CUST003526,customer
CUST003527,customer
CUST003528,customer
CUST003529,customer
CUST003530,customer
CUST003531,customer
CUST003532,customer
CUST003533,customer
CUST003534,customer
CUST003535,customer
CUST003536,customer
CUST003537,customer
CUST003538,customer
CUST003539,customer
CUST003540,customer
CUST003541,customer
CUST003542,customer
CUST003543,customer
CUST003544,customer
CUST003545,customer
CUST003546,customer
CUST003547,customer
CUST003548,customer
CUST003549,customer
CUST003550,customer
CUST003551,customer
CUST003552,customer
CUST003553,customer
CUST003554,customer
CUST003555,customer
CUST003556,customer
CUST003557,customer
CUST003558,customer
CUST003559,customer
CUST003560,customer
CUST003561,customer
CUST003562,customer
CUST003563,customer
CUST003564,customer
CUST003565,customer
CUST003566,customer
CUST003567,customer
CUST003568,customer
CUST003569,customer
CUST003570,customer
CUST003571,customer
CUST003572,customer
CUST003573,customer
CUST003574,customer
CUST003575,customer
CUST003576,customer
CUST003577,customer
CUST003578,customer
CUST003579,customer
CUST003580,customer
CUST003581,customer
CUST003582,customer
CUST003583,customer
CUST003584,customer
CUST003585,customer
CUST003586,customer
CUST003587,customer
CUST003588,customer
CUST003589,customer
CUST003590,customer
CUST003591,customer
CUST003592,customer
CUST003593,customer
CUST003594,customer
CUST003595,customer
CUST003596,customer
CUST003597,customer
CUST003598,customer
CUST003599,customer
CUST003600,customer
CUST003601,customer
CUST003602,customer
CUST003603,customer
CUST003604,customer
CUST003605,customer
CUST003606,customer
CUST003607,customer
CUST003608,customer
CUST003609,customer
CUST003610,customer
CUST003611,customer
CUST003612,customer
CUST003613,customer
CUST003614,customer
CUST003615,customer
CUST003616,customer
CUST003617,customer
CUST003618,customer
CUST003619,customer
CUST003620,customer
CUST003621,customer
CUST003622,customer
CUST003623,customer
CUST003624,customer
CUST003625,customer
CUST003626,customer
CUST003627,customer
CUST003628,customer
CUST003629,customer
CUST003630,customer
CUST003631,customer
CUST003632,customer
CUST003633,customer
CUST003634,customer
CUST003635,customer
CUST003636,customer
CUST003637,customer
CUST003638,customer
CUST003639,customer
CUST003640,customer
CUST003641,customer
CUST003642,customer
CUST003643,customer
CUST003644,customer
CUST003645,customer
CUST003646,customer
CUST003647,customer
CUST003648,customer
CUST003649,customer
CUST003650,customer
CUST003651,customer
CUST003652,customer
CUST003653,customer
CUST003654,customer
CUST003655,customer
CUST003656,customer
CUST003657,customer
CUST003658,customer
CUST003659,customer
CUST003660,customer
CUST003661,customer
CUST003662,customer
CUST003663,customer
CUST003664,customer
CUST003665,customer
CUST003666,customer
CUST003667,customer
CUST003668,customer
CUST003669,customer
CUST003670,customer
CUST003671,customer
CUST003672,customer
CUST003673,customer
CUST003674,customer
CUST003675,customer
CUST003676,customer
CUST003677,customer
CUST003678,customer
CUST003679,customer
CUST003680,customer
CUST003681,customer
CUST003682,customer
CUST003683,customer
CUST003684,customer
CUST003685,customer
CUST003686,customer
CUST003687,customer
CUST003688,customer
CUST003689,customer
CUST003690,customer
CUST003691,customer
CUST003692,customer
CUST003693,customer
CUST003694,customer
CUST003695,customer
CUST003696,customer
CUST003697,customer
CUST003698,customer
CUST003699,customer
CUST003700,customer
CUST003701,customer
CUST003702,customer
CUST003703,customer
CUST003704,customer
CUST003705,customer
CUST003706,customer
CUST003707,customer
CUST003708,customer
CUST003709,customer
CUST003710,customer
CUST003711,customer
CUST003712,customer
CUST003713,customer
CUST003714,customer
CUST003715,customer
CUST003716,customer
CUST003717,customer
CUST003718,customer
CUST003719,customer
CUST003720,customer
CUST003721,customer
CUST003722,customer
CUST003723,customer
CUST003724,customer
CUST003725,customer
CUST003726,customer
CUST003727,customer
CUST003728,customer
CUST003729,customer
CUST003730,customer
CUST003731,customer
CUST003732,customer
CUST003733,customer
CUST003734,customer
CUST003735,customer
CUST003736,customer
CUST003737,customer
CUST003738,customer
CUST003739,customer
CUST003740,customer
CUST003741,customer
CUST003742,customer
CUST003743,customer
CUST003744,customer
CUST003745,customer
CUST003746,customer
CUST003747,customer
CUST003748,customer
CUST003749,customer
CUST003750,customer
CUST003751,customer
CUST003752,customer
CUST003753,customer
CUST003754,customer
CUST003755,customer
CUST003756,customer
CUST003757,customer
CUST003758,customer
CUST003759,customer
CUST003760,customer
CUST003761,customer
CUST003762,customer
CUST003763,customer
CUST003764,customer
CUST003765,customer
CUST003766,customer
CUST003767,customer
CUST003768,customer
CUST003769,customer
CUST003770,customer
CUST003771,customer
CUST003772,customer
CUST003773,customer
CUST003774,customer
CUST003775,customer
CUST003776,customer
CUST003777,customer
CUST003778,customer
CUST003779,customer
CUST003780,customer
CUST003781,customer
CUST003782,customer
CUST003783,customer
CUST003784,customer
CUST003785,customer
CUST003786,customer
CUST003787,customer
CUST003788,customer
CUST003789,customer
CUST003790,customer
CUST003791,customer
CUST003792,customer
CUST003793,customer
CUST003794,customer
CUST003795,customer
CUST003796,customer
CUST003797,customer
CUST003798,customer
CUST003799,customer
CUST003800,customer
CUST003801,customer
CUST003802,customer
CUST003803,customer
CUST003804,customer
CUST003805,customer
CUST003806,customer
CUST003807,customer
CUST003808,customer
CUST003809,customer
CUST003810,customer
CUST003811,customer
CUST003812,customer
CUST003813,customer
CUST003814,customer
CUST003815,customer
CUST003816,customer
CUST003817,customer
CUST003818,customer
CUST003819,customer
CUST003820,customer
CUST003821,customer
CUST003822,customer
CUST003823,customer
CUST003824,customer
CUST003825,customer
CUST003826,customer
CUST003827,customer
CUST003828,customer
CUST003829,customer
CUST003830,customer
CUST003831,customer
CUST003832,customer
CUST003833,customer
CUST003834,customer
CUST003835,customer
CUST003836,customer
CUST003837,customer
CUST003838,customer
CUST003839,customer
CUST003840,customer
CUST003841,customer
CUST003842,customer
CUST003843,customer
CUST003844,customer
CUST003845,customer
CUST003846,customer
CUST003847,customer
CUST003848,customer
CUST003849,customer
CUST003850,customer
CUST003851,customer
CUST003852,customer
CUST003853,customer
CUST003854,customer
CUST003855,customer
CUST003856,customer
CUST003857,customer
CUST003858,customer
CUST003859,customer
CUST003860,customer
CUST003861,customer
CUST003862,customer
CUST003863,customer
CUST003864,customer
CUST003865,customer
CUST003866,customer
CUST003867,customer
CUST003868,customer
CUST003869,customer
CUST003870,customer
CUST003871,customer
CUST003872,customer
CUST003873,customer
CUST003874,customer
CUST003875,customer
CUST003876,customer
CUST003877,customer
CUST003878,customer
CUST003879,customer
CUST003880,customer
CUST003881,customer
CUST003882,customer
CUST003883,customer
CUST003884,customer
CUST003885,customer
CUST003886,customer
CUST003887,customer
CUST003888,customer
CUST003889,customer
CUST003890,customer
CUST003891,customer
CUST003892,customer
CUST003893,customer
CUST003894,customer
CUST003895,customer
CUST003896,customer
CUST003897,customer
CUST003898,customer
CUST003899,customer
CUST003900,customer
CUST003901,customer
CUST003902,customer
CUST003903,customer
CUST003904,customer
CUST003905,customer
CUST003906,customer
CUST003907,customer
CUST003908,customer
CUST003909,customer
CUST003910,customer
CUST003911,customer
CUST003912,customer
CUST003913,customer
CUST003914,customer
CUST003915,customer
CUST003916,customer
CUST003917,customer
CUST003918,customer
CUST003919,customer
CUST003920,customer
CUST003921,customer
CUST003922,customer
CUST003923,customer
CUST003924,customer
CUST003925,customer
CUST003926,customer
CUST003927,customer
CUST003928,customer
CUST003929,customer
CUST003930,customer
CUST003931,customer
CUST003932,customer
CUST003933,customer
CUST003934,customer
CUST003935,customer
CUST003936,customer
CUST003937,customer
CUST003938,customer
CUST003939,customer
CUST003940,customer
CUST003941,customer
CUST003942,customer
CUST003943,customer
CUST003944,customer
CUST003945,customer
CUST003946,customer
CUST003947,customer
CUST003948,customer
CUST003949,customer
CUST003950,customer
CUST003951,customer
CUST003952,customer
CUST003953,customer
CUST003954,customer
CUST003955,customer
CUST003956,customer
CUST003957,customer
CUST003958,customer
CUST003959,customer
CUST003960,customer
CUST003961,customer
CUST003962,customer
CUST003963,customer
CUST003964,customer
CUST003965,customer
CUST003966,customer
CUST003967,customer
CUST003968,customer
CUST003969,customer
CUST003970,customer
CUST003971,customer
CUST003972,customer
CUST003973,customer
CUST003974,customer
CUST003975,customer
CUST003976,customer
CUST003977,customer
CUST003978,customer
CUST003979,customer
CUST003980,customer
CUST003981,customer
CUST003982,customer
CUST003983,customer
CUST003984,customer
CUST003985,customer
CUST003986,customer
CUST003987,customer
CUST003988,customer
CUST003989,customer
CUST003990,customer
CUST003991,customer
CUST003992,customer
CUST003993,customer
CUST003994,customer
CUST003995,customer
CUST003996,customer
CUST003997,customer
CUST003998,customer
CUST003999,customer
CUST004000,customer
CUST004001,customer
CUST004002,customer
CUST004003,customer
CUST004004,customer
CUST004005,customer
CUST004006,customer
CUST004007,customer
CUST004008,customer
CUST004009,customer
CUST004010,customer
CUST004011,customer
CUST004012,customer
CUST004013,customer
CUST004014,customer
CUST004015,customer
CUST004016,customer
CUST004017,customer
CUST004018,customer
CUST004019,customer
CUST004020,customer
CUST004021,customer
CUST004022,customer
CUST004023,customer
CUST004024,customer
CUST004025,customer
CUST004026,customer
CUST004027,customer
CUST004028,customer
CUST004029,customer
CUST004030,customer
CUST004031,customer
CUST004032,customer
CUST004033,customer
CUST004034,customer
CUST004035,customer
CUST004036,customer
CUST004037,customer
CUST004038,customer
CUST004039,customer
CUST004040,customer
CUST004041,customer
CUST004042,customer
CUST004043,customer
CUST004044,customer
CUST004045,customer
CUST004046,customer
CUST004047,customer
CUST004048,customer
CUST004049,customer
CUST004050,customer
CUST004051,customer
CUST004052,customer
CUST004053,customer
CUST004054,customer
CUST004055,customer
CUST004056,customer
CUST004057,customer
CUST004058,customer
CUST004059,customer
CUST004060,customer
CUST004061,customer
CUST004062,customer
CUST004063,customer
CUST004064,customer
CUST004065,customer
CUST004066,customer
CUST004067,customer
CUST004068,customer
CUST004069,customer
CUST004070,customer
CUST004071,customer
CUST004072,customer
CUST004073,customer
CUST004074,customer
CUST004075,customer
CUST004076,customer
CUST004077,customer
CUST004078,customer
CUST004079,customer
CUST004080,customer
CUST004081,customer
CUST004082,customer
CUST004083,customer
CUST004084,customer
CUST004085,customer
CUST004086,customer
CUST004087,customer
CUST004088,customer
CUST004089,customer
CUST004090,customer
CUST004091,customer
CUST004092,customer
CUST004093,customer
CUST004094,customer
CUST004095,customer
CUST004096,customer
CUST004097,customer
CUST004098,customer
CUST004099,customer
CUST004100,customer
CUST004101,customer
CUST004102,customer
CUST004103,customer
CUST004104,customer
CUST004105,customer
CUST004106,customer
CUST004107,customer
CUST004108,customer
CUST004109,customer
CUST004110,customer
CUST004111,customer
CUST004112,customer
CUST004113,customer
CUST004114,customer
CUST004115,customer
CUST004116,customer
CUST004117,customer
CUST004118,customer
CUST004119,customer
CUST004120,customer
CUST004121,customer
CUST004122,customer
CUST004123,customer
CUST004124,customer
CUST004125,customer
CUST004126,customer
CUST004127,customer
CUST004128,customer
CUST004129,customer
CUST004130,customer
CUST004131,customer
CUST004132,customer
CUST004133,customer
CUST004134,customer
CUST004135,customer
CUST004136,customer
CUST004137,customer
CUST004138,customer
CUST004139,customer
CUST004140,customer
CUST004141,customer
CUST004142,customer
CUST004143,customer
CUST004144,customer
CUST004145,customer
CUST004146,customer
CUST004147,customer
CUST004148,customer
CUST004149,customer
CUST004150,customer
CUST004151,customer
CUST004152,customer
CUST004153,customer
CUST004154,customer
CUST004155,customer
CUST004156,customer
CUST004157,customer
CUST004158,customer
CUST004159,customer
CUST004160,customer
CUST004161,customer
CUST004162,customer
CUST004163,customer
CUST004164,customer
CUST004165,customer
CUST004166,customer
CUST004167,customer
CUST004168,customer
CUST004169,customer
CUST004170,customer
CUST004171,customer
CUST004172,customer
CUST004173,customer
CUST004174,customer
CUST004175,customer
CUST004176,customer
CUST004177,customer
CUST004178,customer
CUST004179,customer
CUST004180,customer
CUST004181,customer
CUST004182,customer
CUST004183,customer
CUST004184,customer
CUST004185,customer
CUST004186,customer
CUST004187,customer
CUST004188,customer
CUST004189,customer
CUST004190,customer
CUST004191,customer
CUST004192,customer
CUST004193,customer
CUST004194,customer
CUST004195,customer
CUST004196,customer
CUST004197,customer
CUST004198,customer
CUST004199,customer
CUST004200,customer
CUST004201,customer
CUST004202,customer
CUST004203,customer
CUST004204,customer
CUST004205,customer
CUST004206,customer
CUST004207,customer
CUST004208,customer
CUST004209,customer
CUST004210,customer
CUST004211,customer
CUST004212,customer
CUST004213,customer
CUST004214,customer
CUST004215,customer
CUST004216,customer
CUST004217,customer
CUST004218,customer
CUST004219,customer
CUST004220,customer
CUST004221,customer
CUST004222,customer
CUST004223,customer
CUST004224,customer
CUST004225,customer
CUST004226,customer
CUST004227,customer
CUST004228,customer
CUST004229,customer
CUST004230,customer
CUST004231,customer
CUST004232,customer
CUST004233,customer
CUST004234,customer
CUST004235,customer
CUST004236,customer
CUST004237,customer
CUST004238,customer
CUST004239,customer
CUST004240,customer
CUST004241,customer
CUST004242,customer
CUST004243,customer
CUST004244,customer
CUST004245,customer
CUST004246,customer
CUST004247,customer
CUST004248,customer
CUST004249,customer
CUST004250,customer
CUST004251,customer
CUST004252,customer
CUST004253,customer
CUST004254,customer
CUST004255,customer
CUST004256,customer
CUST004257,customer
CUST004258,customer
CUST004259,customer
CUST004260,customer
CUST004261,customer
CUST004262,customer
CUST004263,customer
CUST004264,customer
CUST004265,customer
CUST004266,customer
CUST004267,customer
CUST004268,customer
CUST004269,customer
CUST004270,customer
CUST004271,customer
CUST004272,customer
CUST004273,customer
CUST004274,customer
CUST004275,customer
CUST004276,customer
CUST004277,customer
CUST004278,customer
CUST004279,customer
CUST004280,customer
CUST004281,customer
CUST004282,customer
CUST004283,customer
CUST004284,customer
CUST004285,customer
CUST004286,customer
CUST004287,customer
CUST004288,customer
CUST004289,customer
CUST004290,customer
CUST004291,customer
CUST004292,customer
CUST004293,customer
CUST004294,customer
CUST004295,customer
CUST004296,customer
CUST004297,customer
CUST004298,customer
CUST004299,customer
CUST004300,customer
CUST004301,customer
CUST004302,customer
CUST004303,customer
CUST004304,customer
CUST004305,customer
CUST004306,customer
CUST004307,customer
CUST004308,customer
CUST004309,customer
CUST004310,customer
CUST004311,customer
CUST004312,customer
CUST004313,customer
CUST004314,customer
CUST004315,customer
CUST004316,customer
CUST004317,customer
CUST004318,customer
CUST004319,customer
CUST004320,customer
CUST004321,customer
CUST004322,customer
CUST004323,customer
CUST004324,customer
CUST004325,customer
CUST004326,customer
CUST004327,customer
CUST004328,customer
CUST004329,customer
CUST004330,customer
CUST004331,customer
CUST004332,customer
CUST004333,customer
CUST004334,customer
CUST004335,customer
CUST004336,customer
CUST004337,customer
CUST004338,customer
CUST004339,customer
CUST004340,customer
CUST004341,customer
CUST004342,customer
CUST004343,customer
CUST004344,customer
CUST004345,customer
CUST004346,customer
CUST004347,customer
CUST004348,customer
CUST004349,customer
CUST004350,customer
CUST004351,customer
CUST004352,customer
CUST004353,customer
CUST004354,customer
CUST004355,customer
CUST004356,customer
CUST004357,customer
CUST004358,customer
CUST004359,customer
CUST004360,customer
CUST004361,customer
CUST004362,customer
CUST004363,customer
CUST004364,customer
CUST004365,customer
CUST004366,customer
CUST004367,customer
CUST004368,customer
CUST004369,customer
CUST004370,customer
CUST004371,customer
CUST004372,customer
CUST004373,customer
CUST004374,customer
CUST004375,customer
CUST004376,customer
CUST004377,customer
CUST004378,customer
CUST004379,customer
CUST004380,customer
CUST004381,customer
CUST004382,customer
CUST004383,customer
CUST004384,customer
CUST004385,customer
CUST004386,customer
CUST004387,customer
CUST004388,customer
CUST004389,customer
CUST004390,customer
CUST004391,customer
CUST004392,customer
CUST004393,customer
CUST004394,customer
CUST004395,customer
CUST004396,customer
CUST004397,customer
CUST004398,customer
CUST004399,customer
CUST004400,customer
CUST004401,customer
CUST004402,customer
CUST004403,customer
CUST004404,customer
CUST004405,customer
CUST004406,customer
CUST004407,customer
CUST004408,customer
CUST004409,customer
CUST004410,customer
CUST004411,customer
CUST004412,customer
CUST004413,customer
CUST004414,customer
CUST004415,customer
CUST004416,customer
CUST004417,customer
CUST004418,customer
CUST004419,customer
CUST004420,customer
CUST004421,customer
CUST004422,customer
CUST004423,customer
CUST004424,customer
CUST004425,customer
CUST004426,customer
CUST004427,customer
CUST004428,customer
CUST004429,customer
CUST004430,customer
CUST004431,customer
CUST004432,customer
CUST004433,customer
CUST004434,customer
CUST004435,customer
CUST004436,customer
CUST004437,customer
CUST004438,customer
CUST004439,customer
CUST004440,customer
CUST004441,customer
CUST004442,customer
CUST004443,customer
CUST004444,customer
CUST004445,customer
CUST004446,customer
CUST004447,customer
CUST004448,customer
CUST004449,customer
CUST004450,customer
CUST004451,customer
CUST004452,customer
CUST004453,customer
CUST004454,customer
CUST004455,customer
CUST004456,customer
CUST004457,customer
CUST004458,customer
CUST004459,customer
CUST004460,customer
CUST004461,customer
CUST004462,customer
CUST004463,customer
CUST004464,customer
CUST004465,customer
CUST004466,customer
CUST004467,customer
CUST004468,customer
CUST004469,customer
CUST004470,customer
CUST004471,customer
CUST004472,customer
CUST004473,customer
CUST004474,customer
CUST004475,customer
CUST004476,customer
CUST004477,customer
CUST004478,customer
CUST004479,customer
CUST004480,customer
CUST004481,customer
CUST004482,customer
CUST004483,customer
CUST004484,customer
CUST004485,customer
CUST004486,customer
CUST004487,customer
CUST004488,customer
CUST004489,customer
CUST004490,customer
CUST004491,customer
CUST004492,customer
CUST004493,customer
CUST004494,customer
CUST004495,customer
CUST004496,customer
CUST004497,customer
CUST004498,customer
CUST004499,customer
CUST004500,customer
CUST004501,customer
CUST004502,customer
CUST004503,customer
CUST004504,customer
CUST004505,customer
CUST004506,customer
CUST004507,customer
CUST004508,customer
CUST004509,customer
CUST004510,customer
CUST004511,customer
CUST004512,customer
CUST004513,customer
CUST004514,customer
CUST004515,customer
CUST004516,customer
CUST004517,customer
CUST004518,customer
CUST004519,customer
CUST004520,customer
CUST004521,customer
CUST004522,customer
CUST004523,customer
CUST004524,customer
CUST004525,customer
CUST004526,customer
CUST004527,customer
CUST004528,customer
CUST004529,customer
CUST004530,customer
CUST004531,customer
CUST004532,customer
CUST004533,customer
CUST004534,customer
CUST004535,customer
CUST004536,customer
CUST004537,customer
CUST004538,customer
CUST004539,customer
CUST004540,customer
CUST004541,customer
CUST004542,customer
CUST004543,customer
CUST004544,customer
CUST004545,customer
CUST004546,customer
CUST004547,customer
CUST004548,customer
CUST004549,customer
CUST004550,customer
CUST004551,customer
CUST004552,customer
CUST004553,customer
CUST004554,customer
CUST004555,customer
CUST004556,customer
CUST004557,customer
CUST004558,customer
CUST004559,customer
CUST004560,customer
CUST004561,customer
CUST004562,customer
CUST004563,customer
CUST004564,customer
CUST004565,customer
CUST004566,customer
CUST004567,customer
CUST004568,customer
CUST004569,customer
CUST004570,customer
CUST004571,customer
CUST004572,customer
CUST004573,customer
CUST004574,customer
CUST004575,customer
CUST004576,customer
CUST004577,customer
CUST004578,customer
CUST004579,customer
CUST004580,customer
CUST004581,customer
CUST004582,customer
CUST004583,customer
CUST004584,customer
CUST004585,customer
CUST004586,customer
CUST004587,customer
CUST004588,customer
CUST004589,customer
CUST004590,customer
CUST004591,customer
CUST004592,customer
CUST004593,customer
CUST004594,customer
CUST004595,customer
CUST004596,customer
CUST004597,customer
CUST004598,customer
CUST004599,customer
CUST004600,customer
CUST004601,customer
CUST004602,customer
CUST004603,customer
CUST004604,customer
CUST004605,customer
CUST004606,customer
CUST004607,customer
CUST004608,customer
CUST004609,customer
CUST004610,customer
CUST004611,customer
CUST004612,customer
CUST004613,customer
CUST004614,customer
CUST004615,customer
CUST004616,customer
CUST004617,customer
CUST004618,customer
CUST004619,customer
CUST004620,customer
CUST004621,customer
CUST004622,customer
CUST004623,customer
CUST004624,customer
CUST004625,customer
CUST004626,customer
CUST004627,customer
CUST004628,customer
CUST004629,customer
CUST004630,customer
CUST004631,customer
CUST004632,customer
CUST004633,customer
CUST004634,customer
CUST004635,customer
CUST004636,customer
CUST004637,customer
CUST004638,customer
CUST004639,customer
CUST004640,customer
CUST004641,customer
CUST004642,customer
CUST004643,customer
CUST004644,customer
CUST004645,customer
CUST004646,customer
CUST004647,customer
CUST004648,customer
CUST004649,customer
CUST004650,customer
CUST004651,customer
CUST004652,customer
CUST004653,customer
CUST004654,customer
CUST004655,customer
CUST004656,customer
CUST004657,customer
CUST004658,customer
CUST004659,customer
CUST004660,customer
CUST004661,customer
CUST004662,customer
CUST004663,customer
CUST004664,customer
CUST004665,customer
CUST004666,customer
CUST004667,customer
CUST004668,customer
CUST004669,customer
CUST004670,customer
CUST004671,customer
CUST004672,customer
CUST004673,customer
CUST004674,customer
CUST004675,customer
CUST004676,customer
CUST004677,customer
CUST004678,customer
CUST004679,customer
CUST004680,customer
CUST004681,customer
CUST004682,customer
CUST004683,customer
CUST004684,customer
CUST004685,customer
CUST004686,customer
CUST004687,customer
CUST004688,customer
CUST004689,customer
CUST004690,customer
CUST004691,customer
CUST004692,customer
CUST004693,customer
CUST004694,customer
CUST004695,customer
CUST004696,customer
CUST004697,customer
CUST004698,customer
CUST004699,customer
CUST004700,customer
CUST004701,customer
CUST004702,customer
CUST004703,customer
CUST004704,customer
CUST004705,customer
CUST004706,customer
CUST004707,customer
CUST004708,customer
CUST004709,customer
CUST004710,customer
CUST004711,customer
CUST004712,customer
CUST004713,customer
CUST004714,customer
CUST004715,customer
CUST004716,customer
CUST004717,customer
CUST004718,customer
CUST004719,customer
CUST004720,customer
CUST004721,customer
CUST004722,customer
CUST004723,customer
CUST004724,customer
CUST004725,customer
CUST004726,customer
CUST004727,customer
CUST004728,customer
CUST004729,customer
CUST004730,customer
CUST004731,customer
CUST004732,customer
CUST004733,customer
CUST004734,customer
CUST004735,customer
CUST004736,customer
CUST004737,customer
CUST004738,customer
CUST004739,customer
CUST004740,customer
CUST004741,customer
CUST004742,customer
CUST004743,customer
CUST004744,customer
CUST004745,customer
CUST004746,customer
CUST004747,customer
CUST004748,customer
CUST004749,customer
CUST004750,customer
CUST004751,customer
CUST004752,customer
CUST004753,customer
CUST004754,customer
CUST004755,customer
CUST004756,customer
CUST004757,customer
CUST004758,customer
CUST004759,customer
CUST004760,customer
CUST004761,customer
CUST004762,customer
CUST004763,customer
CUST004764,customer
CUST004765,customer
CUST004766,customer
CUST004767,customer
CUST004768,customer
CUST004769,customer
CUST004770,customer
CUST004771,customer
CUST004772,customer
CUST004773,customer
CUST004774,customer
CUST004775,customer
CUST004776,customer
CUST004777,customer
CUST004778,customer
CUST004779,customer
CUST004780,customer
CUST004781,customer
CUST004782,customer
CUST004783,customer
CUST004784,customer
CUST004785,customer
CUST004786,customer
CUST004787,customer
CUST004788,customer
CUST004789,customer
CUST004790,customer
CUST004791,customer
CUST004792,customer
CUST004793,customer
CUST004794,customer
CUST004795,customer
CUST004796,customer
CUST004797,customer
CUST004798,customer
CUST004799,customer
CUST004800,customer
CUST004801,customer
CUST004802,customer
CUST004803,customer
CUST004804,customer
CUST004805,customer
CUST004806,customer
CUST004807,customer
CUST004808,customer
CUST004809,customer
CUST004810,customer
CUST004811,customer
CUST004812,customer
CUST004813,customer
CUST004814,customer
CUST004815,customer
CUST004816,customer
CUST004817,customer
CUST004818,customer
CUST004819,customer
CUST004820,customer
CUST004821,customer
CUST004822,customer
CUST004823,customer
CUST004824,customer
CUST004825,customer
CUST004826,customer
CUST004827,customer
CUST004828,customer
CUST004829,customer
CUST004830,customer
CUST004831,customer
CUST004832,customer
CUST004833,customer
CUST004834,customer
CUST004835,customer
CUST004836,customer
CUST004837,customer
CUST004838,customer
CUST004839,customer
CUST004840,customer
CUST004841,customer
CUST004842,customer
CUST004843,customer
CUST004844,customer
CUST004845,customer
CUST004846,customer
CUST004847,customer
CUST004848,customer
CUST004849,customer
CUST004850,customer
CUST004851,customer
CUST004852,customer
CUST004853,customer
CUST004854,customer
CUST004855,customer
CUST004856,customer
CUST004857,customer
CUST004858,customer
CUST004859,customer
CUST004860,customer
CUST004861,customer
CUST004862,customer
CUST004863,customer
CUST004864,customer
CUST004865,customer
CUST004866,customer
CUST004867,customer
CUST004868,customer
CUST004869,customer
CUST004870,customer
CUST004871,customer
CUST004872,customer
CUST004873,customer
CUST004874,customer
CUST004875,customer
CUST004876,customer
CUST004877,customer
CUST004878,customer
CUST004879,customer
CUST004880,customer
CUST004881,customer
CUST004882,customer
CUST004883,customer
CUST004884,customer
CUST004885,customer
CUST004886,customer
CUST004887,customer
CUST004888,customer
CUST004889,customer
CUST004890,customer
CUST004891,customer
CUST004892,customer
CUST004893,customer
CUST004894,customer
CUST004895,customer
CUST004896,customer
CUST004897,customer
CUST004898,customer
CUST004899,customer
CUST004900,customer
CUST004901,customer
CUST004902,customer
CUST004903,customer
CUST004904,customer
CUST004905,customer
CUST004906,customer
CUST004907,customer
CUST004908,customer
CUST004909,customer
CUST004910,customer
CUST004911,customer
CUST004912,customer
CUST004913,customer
CUST004914,customer
CUST004915,customer
CUST004916,customer
CUST004917,customer
CUST004918,customer
CUST004919,customer
CUST004920,customer
CUST004921,customer
CUST004922,customer
CUST004923,customer
CUST004924,customer
CUST004925,customer
CUST004926,customer
CUST004927,customer
CUST004928,customer
CUST004929,customer
CUST004930,customer
CUST004931,customer
CUST004932,customer
CUST004933,customer
CUST004934,customer
CUST004935,customer
CUST004936,customer
CUST004937,customer
CUST004938,customer
CUST004939,customer
CUST004940,customer
CUST004941,customer
CUST004942,customer
CUST004943,customer
CUST004944,customer
CUST004945,customer
CUST004946,customer
CUST004947,customer
CUST004948,customer
CUST004949,customer
CUST004950,customer
CUST004951,customer
CUST004952,customer
CUST004953,customer
CUST004954,customer
CUST004955,customer
CUST004956,customer
CUST004957,customer
CUST004958,customer
CUST004959,customer
CUST004960,customer
CUST004961,customer
CUST004962,customer
CUST004963,customer
CUST004964,customer
CUST004965,customer
CUST004966,customer
CUST004967,customer
CUST004968,customer
CUST004969,customer
CUST004970,customer
CUST004971,customer
CUST004972,customer
CUST004973,customer
CUST004974,customer
CUST004975,customer
CUST004976,customer
CUST004977,customer
CUST004978,customer
CUST004979,customer
CUST004980,customer
CUST004981,customer
CUST004982,customer
CUST004983,customer
CUST004984,customer
CUST004985,customer
CUST004986,customer
CUST004987,customer
CUST004988,customer
CUST004989,customer
CUST004990,customer
CUST004991,customer
CUST004992,customer
CUST004993,customer
CUST004994,customer
CUST004995,customer
CUST004996,customer
CUST004997,customer
CUST004998,customer
CUST004999,customer
DEV0000000,device
DEV0000001,device
DEV0000002,device
DEV0000003,device
DEV0000004,device
DEV0000005,device
DEV0000006,device
DEV0000007,device
DEV0000008,device
DEV0000009,device
DEV0000010,device
DEV0000011,device
DEV0000012,device
DEV0000013,device
DEV0000014,device
DEV0000015,device
DEV0000016,device
DEV0000017,device
DEV0000018,device
DEV0000019,device
DEV0000020,device
DEV0000021,device
DEV0000022,device
DEV0000023,device
DEV0000024,device
DEV0000025,device
DEV0000026,device
DEV0000027,device
DEV0000028,device
DEV0000029,device
DEV0000030,device
DEV0000031,device
DEV0000032,device
DEV0000033,device
DEV0000034,device
DEV0000035,device
DEV0000036,device
DEV0000037,device
DEV0000038,device
DEV0000039,device
DEV0000040,device
DEV0000041,device
DEV0000042,device
DEV0000043,device
DEV0000044,device
DEV0000045,device
DEV0000046,device
DEV0000047,device
DEV0000048,device
DEV0000049,device
DEV0000050,device
DEV0000051,device
DEV0000052,device
DEV0000053,device
DEV0000054,device
DEV0000055,device
DEV0000056,device
DEV0000057,device
DEV0000058,device
DEV0000059,device
DEV0000060,device
DEV0000061,device
DEV0000062,device
DEV0000063,device
DEV0000064,device
DEV0000065,device
DEV0000066,device
DEV0000067,device
DEV0000068,device
DEV0000069,device
DEV0000070,device
DEV0000071,device
DEV0000072,device
DEV0000073,device
DEV0000074,device
DEV0000075,device
DEV0000076,device
DEV0000077,device
DEV0000078,device
DEV0000079,device
DEV0000080,device
DEV0000081,device
DEV0000082,device
DEV0000083,device
DEV0000084,device
DEV0000085,device
DEV0000086,device
DEV0000087,device
DEV0000088,device
DEV0000089,device
DEV0000090,device
DEV0000091,device
DEV0000092,device
DEV0000093,device
DEV0000094,device
DEV0000095,device
DEV0000096,device
DEV0000097,device
DEV0000098,device
DEV0000099,device
DEV0000100,device
DEV0000101,device
DEV0000102,device
DEV0000103,device
DEV0000104,device
DEV0000105,device
DEV0000106,device
DEV0000107,device
DEV0000108,device
DEV0000109,device
DEV0000110,device
DEV0000111,device
DEV0000112,device
DEV0000113,device
DEV0000114,device
DEV0000115,device
DEV0000116,device
DEV0000117,device
DEV0000118,device
DEV0000119,device
DEV0000120,device
DEV0000121,device
DEV0000122,device
DEV0000123,device
DEV0000124,device
DEV0000125,device
DEV0000126,device
DEV0000127,device
DEV0000128,device
DEV0000129,device
DEV0000130,device
DEV0000131,device
DEV0000132,device
DEV0000133,device
DEV0000134,device
DEV0000135,device
DEV0000136,device
DEV0000137,device
DEV0000138,device
DEV0000139,device
DEV0000140,device
DEV0000141,device
DEV0000142,device
DEV0000143,device
DEV0000144,device
DEV0000145,device
DEV0000146,device
DEV0000147,device
DEV0000148,device
DEV0000149,device
DEV0000150,device
DEV0000151,device
DEV0000152,device
DEV0000153,device
DEV0000154,device
DEV0000155,device
DEV0000156,device
DEV0000157,device
DEV0000158,device
DEV0000159,device
DEV0000160,device
DEV0000161,device
DEV0000162,device
DEV0000163,device
DEV0000164,device
DEV0000165,device
DEV0000166,device
DEV0000167,device
DEV0000168,device
DEV0000169,device
DEV0000170,device
DEV0000171,device
DEV0000172,device
DEV0000173,device
DEV0000174,device
DEV0000175,device
DEV0000176,device
DEV0000177,device
DEV0000178,device
DEV0000179,device
DEV0000180,device
DEV0000181,device
DEV0000182,device
DEV0000183,device
DEV0000184,device
DEV0000185,device
DEV0000186,device
DEV0000187,device
DEV0000188,device
DEV0000189,device
DEV0000190,device
DEV0000191,device
DEV0000192,device
DEV0000193,device
DEV0000194,device
DEV0000195,device
DEV0000196,device
DEV0000197,device
DEV0000198,device
DEV0000199,device
DEV0000200,device
DEV0000201,device
DEV0000202,device
DEV0000203,device
DEV0000204,device
DEV0000205,device
DEV0000206,device
DEV0000207,device
DEV0000208,device
DEV0000209,device
DEV0000210,device
DEV0000211,device
DEV0000212,device
DEV0000213,device
DEV0000214,device
DEV0000215,device
DEV0000216,device
DEV0000217,device
DEV0000218,device
DEV0000219,device
DEV0000220,device
DEV0000221,device
DEV0000222,device
DEV0000223,device
DEV0000224,device
DEV0000225,device
DEV0000226,device
DEV0000227,device
DEV0000228,device
DEV0000229,device
DEV0000230,device
DEV0000231,device
DEV0000232,device
DEV0000233,device
DEV0000234,device
DEV0000235,device
DEV0000236,device
DEV0000237,device
DEV0000238,device
DEV0000239,device
DEV0000240,device
DEV0000241,device
DEV0000242,device
DEV0000243,device
DEV0000244,device
DEV0000245,device
DEV0000246,device
DEV0000247,device
DEV0000248,device
DEV0000249,device
DEV0000250,device
DEV0000251,device
DEV0000252,device
DEV0000253,device
DEV0000254,device
DEV0000255,device
DEV0000256,device
DEV0000257,device
DEV0000258,device
DEV0000259,device
DEV0000260,device
DEV0000261,device
DEV0000262,device
DEV0000263,device
DEV0000264,device
DEV0000265,device
DEV0000266,device
DEV0000267,device
DEV0000268,device
DEV0000269,device
DEV0000270,device
DEV0000271,device
DEV0000272,device
DEV0000273,device
DEV0000274,device
DEV0000275,device
DEV0000276,device
DEV0000277,device
DEV0000278,device
DEV0000279,device
DEV0000280,device
DEV0000281,device
DEV0000282,device
DEV0000283,device
DEV0000284,device
DEV0000285,device
DEV0000286,device
DEV0000287,device
DEV0000288,device
DEV0000289,device
DEV0000290,device
DEV0000291,device
DEV0000292,device
DEV0000293,device
DEV0000294,device
DEV0000295,device
DEV0000296,device
DEV0000297,device
DEV0000298,device
DEV0000299,device
DEV0000300,device
DEV0000301,device
DEV0000302,device
DEV0000303,device
DEV0000304,device
DEV0000305,device
DEV0000306,device
DEV0000307,device
DEV0000308,device
DEV0000309,device
DEV0000310,device
DEV0000311,device
DEV0000312,device
DEV0000313,device
DEV0000314,device
DEV0000315,device
DEV0000316,device
DEV0000317,device
DEV0000318,device
DEV0000319,device
DEV0000320,device
DEV0000321,device
DEV0000322,device
DEV0000323,device
DEV0000324,device
DEV0000325,device
DEV0000326,device
DEV0000327,device
DEV0000328,device
DEV0000329,device
DEV0000330,device
DEV0000331,device
DEV0000332,device
DEV0000333,device
DEV0000334,device
DEV0000335,device
DEV0000336,device
DEV0000337,device
DEV0000338,device
DEV0000339,device
DEV0000340,device
DEV0000341,device
DEV0000342,device
DEV0000343,device
DEV0000344,device
DEV0000345,device
DEV0000346,device
DEV0000347,device
DEV0000348,device
DEV0000349,device
DEV0000350,device
DEV0000351,device
DEV0000352,device
DEV0000353,device
DEV0000354,device
DEV0000355,device
DEV0000356,device
DEV0000357,device
DEV0000358,device
DEV0000359,device
DEV0000360,device
DEV0000361,device
DEV0000362,device
DEV0000363,device
DEV0000364,device
DEV0000365,device
DEV0000366,device
DEV0000367,device
DEV0000368,device
DEV0000369,device
DEV0000370,device
DEV0000371,device
DEV0000372,device
DEV0000373,device
DEV0000374,device
DEV0000375,device
DEV0000376,device
DEV0000377,device
DEV0000378,device
DEV0000379,device
DEV0000380,device
DEV0000381,device
DEV0000382,device
DEV0000383,device
DEV0000384,device
DEV0000385,device
DEV0000386,device
DEV0000387,device
DEV0000388,device
DEV0000389,device
DEV0000390,device
DEV0000391,device
DEV0000392,device
DEV0000393,device
DEV0000394,device
DEV0000395,device
DEV0000396,device
DEV0000397,device
DEV0000398,device
DEV0000399,device
DEV0000400,device
DEV0000401,device
DEV0000402,device
DEV0000403,device
DEV0000404,device
DEV0000405,device
DEV0000406,device
DEV0000407,device
DEV0000408,device
DEV0000409,device
DEV0000410,device
DEV0000411,device
DEV0000412,device
DEV0000413,device
DEV0000414,device
DEV0000415,device
DEV0000416,device
DEV0000417,device
DEV0000418,device
DEV0000419,device
DEV0000420,device
DEV0000421,device
DEV0000422,device
DEV0000423,device
DEV0000424,device
DEV0000425,device
DEV0000426,device
DEV0000427,device
DEV0000428,device
DEV0000429,device
DEV0000430,device
DEV0000431,device
DEV0000432,device
DEV0000433,device
DEV0000434,device
DEV0000435,device
DEV0000436,device
DEV0000437,device
DEV0000438,device
DEV0000439,device
DEV0000440,device
DEV0000441,device
DEV0000442,device
DEV0000443,device
DEV0000444,device
DEV0000445,device
DEV0000446,device
DEV0000447,device
DEV0000448,device
DEV0000449,device
DEV0000450,device
DEV0000451,device
DEV0000452,device
DEV0000453,device
DEV0000454,device
DEV0000455,device
DEV0000456,device
DEV0000457,device
DEV0000458,device
DEV0000459,device
DEV0000460,device
DEV0000461,device
DEV0000462,device
DEV0000463,device
DEV0000464,device
DEV0000465,device
DEV0000466,device
DEV0000467,device
DEV0000468,device
DEV0000469,device
DEV0000470,device
DEV0000471,device
DEV0000472,device
DEV0000473,device
DEV0000474,device
DEV0000475,device
DEV0000476,device
DEV0000477,device
DEV0000478,device
DEV0000479,device
DEV0000480,device
DEV0000481,device
DEV0000482,device
DEV0000483,device
DEV0000484,device
DEV0000485,device
DEV0000486,device
DEV0000487,device
DEV0000488,device
DEV0000489,device
DEV0000490,device
DEV0000491,device
DEV0000492,device
DEV0000493,device
DEV0000494,device
DEV0000495,device
DEV0000496,device
DEV0000497,device
DEV0000498,device
DEV0000499,device
DEV0000500,device
DEV0000501,device
DEV0000502,device
DEV0000503,device
DEV0000504,device
DEV0000505,device
DEV0000506,device
DEV0000507,device
DEV0000508,device
DEV0000509,device
DEV0000510,device
DEV0000511,device
DEV0000512,device
DEV0000513,device
DEV0000514,device
DEV0000515,device
DEV0000516,device
DEV0000517,device
DEV0000518,device
DEV0000519,device
DEV0000520,device
DEV0000521,device
DEV0000522,device
DEV0000523,device
DEV0000524,device
DEV0000525,device
DEV0000526,device
DEV0000527,device
DEV0000528,device
DEV0000529,device
DEV0000530,device
DEV0000531,device
DEV0000532,device
DEV0000533,device
DEV0000534,device
DEV0000535,device
DEV0000536,device
DEV0000537,device
DEV0000538,device
DEV0000539,device
DEV0000540,device
DEV0000541,device
DEV0000542,device
DEV0000543,device
DEV0000544,device
DEV0000545,device
DEV0000546,device
DEV0000547,device
DEV0000548,device
DEV0000549,device
DEV0000550,device
DEV0000551,device
DEV0000552,device
DEV0000553,device
DEV0000554,device
DEV0000555,device
DEV0000556,device
DEV0000557,device
DEV0000558,device
DEV0000559,device
DEV0000560,device
DEV0000561,device
DEV0000562,device
DEV0000563,device
DEV0000564,device
DEV0000565,device
DEV0000566,device
DEV0000567,device
DEV0000568,device
DEV0000569,device
DEV0000570,device
DEV0000571,device
DEV0000572,device
DEV0000573,device
DEV0000574,device
DEV0000575,device
DEV0000576,device
DEV0000577,device
DEV0000578,device
DEV0000579,device
DEV0000580,device
DEV0000581,device
DEV0000582,device
DEV0000583,device
DEV0000584,device
DEV0000585,device
DEV0000586,device
DEV0000587,device
DEV0000588,device
DEV0000589,device
DEV0000590,device
DEV0000591,device
DEV0000592,device
DEV0000593,device
DEV0000594,device
DEV0000595,device
DEV0000596,device
DEV0000597,device
DEV0000598,device
DEV0000599,device
DEV0000600,device
DEV0000601,device
DEV0000602,device
DEV0000603,device
DEV0000604,device
DEV0000605,device
DEV0000606,device
DEV0000607,device
DEV0000608,device
DEV0000609,device
DEV0000610,device
DEV0000611,device
DEV0000612,device
DEV0000613,device
DEV0000614,device
DEV0000615,device
DEV0000616,device
DEV0000617,device
DEV0000618,device
DEV0000619,device
DEV0000620,device
DEV0000621,device
DEV0000622,device
DEV0000623,device
DEV0000624,device
DEV0000625,device
DEV0000626,device
DEV0000627,device
DEV0000628,device
DEV0000629,device
DEV0000630,device
DEV0000631,device
DEV0000632,device
DEV0000633,device
DEV0000634,device
DEV0000635,device
DEV0000636,device
DEV0000637,device
DEV0000638,device
DEV0000639,device
DEV0000640,device
DEV0000641,device
DEV0000642,device
DEV0000643,device
DEV0000644,device
DEV0000645,device
DEV0000646,device
DEV0000647,device
DEV0000648,device
DEV0000649,device
DEV0000650,device
DEV0000651,device
DEV0000652,device
DEV0000653,device
DEV0000654,device
DEV0000655,device
DEV0000656,device
DEV0000657,device
DEV0000658,device
DEV0000659,device
DEV0000660,device
DEV0000661,device
DEV0000662,device
DEV0000663,device
DEV0000664,device
DEV0000665,device
DEV0000666,device
DEV0000667,device
DEV0000668,device
DEV0000669,device
DEV0000670,device
DEV0000671,device
DEV0000672,device
DEV0000673,device
DEV0000674,device
DEV0000675,device
DEV0000676,device
DEV0000677,device
DEV0000678,device
DEV0000679,device
DEV0000680,device
DEV0000681,device
DEV0000682,device
DEV0000683,device
DEV0000684,device
DEV0000685,device
DEV0000686,device
DEV0000687,device
DEV0000688,device
DEV0000689,device
DEV0000690,device
DEV0000691,device
DEV0000692,device
DEV0000693,device
DEV0000694,device
DEV0000695,device
DEV0000696,device
DEV0000697,device
DEV0000698,device
DEV0000699,device
DEV0000700,device
DEV0000701,device
DEV0000702,device
DEV0000703,device
DEV0000704,device
DEV0000705,device
DEV0000706,device
DEV0000707,device
DEV0000708,device
DEV0000709,device
DEV0000710,device
DEV0000711,device
DEV0000712,device
DEV0000713,device
DEV0000714,device
DEV0000715,device
DEV0000716,device
DEV0000717,device
DEV0000718,device
DEV0000719,device
DEV0000720,device
DEV0000721,device
DEV0000722,device
DEV0000723,device
DEV0000724,device
DEV0000725,device
DEV0000726,device
DEV0000727,device
DEV0000728,device
DEV0000729,device
DEV0000730,device
DEV0000731,device
DEV0000732,device
DEV0000733,device
DEV0000734,device
DEV0000735,device
DEV0000736,device
DEV0000737,device
DEV0000738,device
DEV0000739,device
DEV0000740,device
DEV0000741,device
DEV0000742,device
DEV0000743,device
DEV0000744,device
DEV0000745,device
DEV0000746,device
DEV0000747,device
DEV0000748,device
DEV0000749,device
DEV0000750,device
DEV0000751,device
DEV0000752,device
DEV0000753,device
DEV0000754,device
DEV0000755,device
DEV0000756,device
DEV0000757,device
DEV0000758,device
DEV0000759,device
DEV0000760,device
DEV0000761,device
DEV0000762,device
DEV0000763,device
DEV0000764,device
DEV0000765,device
DEV0000766,device
DEV0000767,device
DEV0000768,device
DEV0000769,device
DEV0000770,device
DEV0000771,device
DEV0000772,device
DEV0000773,device
DEV0000774,device
DEV0000775,device
DEV0000776,device
DEV0000777,device
DEV0000778,device
DEV0000779,device
DEV0000780,device
DEV0000781,device
DEV0000782,device
DEV0000783,device
DEV0000784,device
DEV0000785,device
DEV0000786,device
DEV0000787,device
DEV0000788,device
DEV0000789,device
DEV0000790,device
DEV0000791,device
DEV0000792,device
DEV0000793,device
DEV0000794,device
DEV0000795,device
DEV0000796,device
DEV0000797,device
DEV0000798,device
DEV0000799,device
DEV0000800,device
DEV0000801,device
DEV0000802,device
DEV0000803,device
DEV0000804,device
DEV0000805,device
DEV0000806,device
DEV0000807,device
DEV0000808,device
DEV0000809,device
DEV0000810,device
DEV0000811,device
DEV0000812,device
DEV0000813,device
DEV0000814,device
DEV0000815,device
DEV0000816,device
DEV0000817,device
DEV0000818,device
DEV0000819,device
DEV0000820,device
DEV0000821,device
DEV0000822,device
DEV0000823,device
DEV0000824,device
DEV0000825,device
DEV0000826,device
DEV0000827,device
DEV0000828,device
DEV0000829,device
DEV0000830,device
DEV0000831,device
DEV0000832,device
DEV0000833,device
DEV0000834,device
DEV0000835,device
DEV0000836,device
DEV0000837,device
DEV0000838,device
DEV0000839,device
DEV0000840,device
DEV0000841,device
DEV0000842,device
DEV0000843,device
DEV0000844,device
DEV0000845,device
DEV0000846,device
DEV0000847,device
DEV0000848,device
DEV0000849,device
DEV0000850,device
DEV0000851,device
DEV0000852,device
DEV0000853,device
DEV0000854,device
DEV0000855,device
DEV0000856,device
DEV0000857,device
DEV0000858,device
DEV0000859,device
DEV0000860,device
DEV0000861,device
DEV0000862,device
DEV0000863,device
DEV0000864,device
DEV0000865,device
DEV0000866,device
DEV0000867,device
DEV0000868,device
DEV0000869,device
DEV0000870,device
DEV0000871,device
DEV0000872,device
DEV0000873,device
DEV0000874,device
DEV0000875,device
DEV0000876,device
DEV0000877,device
DEV0000878,device
DEV0000879,device
DEV0000880,device
DEV0000881,device
DEV0000882,device
DEV0000883,device
DEV0000884,device
DEV0000885,device
DEV0000886,device
DEV0000887,device
DEV0000888,device
DEV0000889,device
DEV0000890,device
DEV0000891,device
DEV0000892,device
DEV0000893,device
DEV0000894,device
DEV0000895,device
DEV0000896,device
DEV0000897,device
DEV0000898,device
DEV0000899,device
DEV0000900,device
DEV0000901,device
DEV0000902,device
DEV0000903,device
DEV0000904,device
DEV0000905,device
DEV0000906,device
DEV0000907,device
DEV0000908,device
DEV0000909,device
DEV0000910,device
DEV0000911,device
DEV0000912,device
DEV0000913,device
DEV0000914,device
DEV0000915,device
DEV0000916,device
DEV0000917,device
DEV0000918,device
DEV0000919,device
DEV0000920,device
DEV0000921,device
DEV0000922,device
DEV0000923,device
DEV0000924,device
DEV0000925,device
DEV0000926,device
DEV0000927,device
DEV0000928,device
DEV0000929,device
DEV0000930,device
DEV0000931,device
DEV0000932,device
DEV0000933,device
DEV0000934,device
DEV0000935,device
DEV0000936,device
DEV0000937,device
DEV0000938,device
DEV0000939,device
DEV0000940,device
DEV0000941,device
DEV0000942,device
DEV0000943,device
DEV0000944,device
DEV0000945,device
DEV0000946,device
DEV0000947,device
DEV0000948,device
DEV0000949,device
DEV0000950,device
DEV0000951,device
DEV0000952,device
DEV0000953,device
DEV0000954,device
DEV0000955,device
DEV0000956,device
DEV0000957,device
DEV0000958,device
DEV0000959,device
DEV0000960,device
DEV0000961,device
DEV0000962,device
DEV0000963,device
DEV0000964,device
DEV0000965,device
DEV0000966,device
DEV0000967,device
DEV0000968,device
DEV0000969,device
DEV0000970,device
DEV0000971,device
DEV0000972,device
DEV0000973,device
DEV0000974,device
DEV0000975,device
DEV0000976,device
DEV0000977,device
DEV0000978,device
DEV0000979,device
DEV0000980,device
DEV0000981,device
DEV0000982,device
DEV0000983,device
DEV0000984,device
DEV0000985,device
DEV0000986,device
DEV0000987,device
DEV0000988,device
DEV0000989,device
DEV0000990,device
DEV0000991,device
DEV0000992,device
DEV0000993,device
DEV0000994,device
DEV0000995,device
DEV0000996,device
DEV0000997,device
DEV0000998,device
DEV0000999,device
DEV0001000,device
DEV0001001,device
DEV0001002,device
DEV0001003,device
DEV0001004,device
DEV0001005,device
DEV0001006,device
DEV0001007,device
DEV0001008,device
DEV0001009,device
DEV0001010,device
DEV0001011,device
DEV0001012,device
DEV0001013,device
DEV0001014,device
DEV0001015,device
DEV0001016,device
DEV0001017,device
DEV0001018,device
DEV0001019,device
DEV0001020,device
DEV0001021,device
DEV0001022,device
DEV0001023,device
DEV0001024,device
DEV0001025,device
DEV0001026,device
DEV0001027,device
DEV0001028,device
DEV0001029,device
DEV0001030,device
DEV0001031,device
DEV0001032,device
DEV0001033,device
DEV0001034,device
DEV0001035,device
DEV0001036,device
DEV0001037,device
DEV0001038,device
DEV0001039,device
DEV0001040,device
DEV0001041,device
DEV0001042,device
DEV0001043,device
DEV0001044,device
DEV0001045,device
DEV0001046,device
DEV0001047,device
DEV0001048,device
DEV0001049,device
DEV0001050,device
DEV0001051,device
DEV0001052,device
DEV0001053,device
DEV0001054,device
DEV0001055,device
DEV0001056,device
DEV0001057,device
DEV0001058,device
DEV0001059,device
DEV0001060,device
DEV0001061,device
DEV0001062,device
DEV0001063,device
DEV0001064,device
DEV0001065,device
DEV0001066,device
DEV0001067,device
DEV0001068,device
DEV0001069,device
DEV0001070,device
DEV0001071,device
DEV0001072,device
DEV0001073,device
DEV0001074,device
DEV0001075,device
DEV0001076,device
DEV0001077,device
DEV0001078,device
DEV0001079,device
DEV0001080,device
DEV0001081,device
DEV0001082,device
DEV0001083,device
DEV0001084,device
DEV0001085,device
DEV0001086,device
DEV0001087,device
DEV0001088,device
DEV0001089,device
DEV0001090,device
DEV0001091,device
DEV0001092,device
DEV0001093,device
DEV0001094,device
DEV0001095,device
DEV0001096,device
DEV0001097,device
DEV0001098,device
DEV0001099,device
DEV0001100,device
DEV0001101,device
DEV0001102,device
DEV0001103,device
DEV0001104,device
DEV0001105,device
DEV0001106,device
DEV0001107,device
DEV0001108,device
DEV0001109,device
DEV0001110,device
DEV0001111,device
DEV0001112,device
DEV0001113,device
DEV0001114,device
DEV0001115,device
DEV0001116,device
DEV0001117,device
DEV0001118,device
DEV0001119,device
DEV0001120,device
DEV0001121,device
DEV0001122,device
DEV0001123,device
DEV0001124,device
DEV0001125,device
DEV0001126,device
DEV0001127,device
DEV0001128,device
DEV0001129,device
DEV0001130,device
DEV0001131,device
DEV0001132,device
DEV0001133,device
DEV0001134,device
DEV0001135,device
DEV0001136,device
DEV0001137,device
DEV0001138,device
DEV0001139,device
DEV0001140,device
DEV0001141,device
DEV0001142,device
DEV0001143,device
DEV0001144,device
DEV0001145,device
DEV0001146,device
DEV0001147,device
DEV0001148,device
DEV0001149,device
DEV0001150,device
DEV0001151,device
DEV0001152,device
DEV0001153,device
DEV0001154,device
DEV0001155,device
DEV0001156,device
DEV0001157,device
DEV0001158,device
DEV0001159,device
DEV0001160,device
DEV0001161,device
DEV0001162,device
DEV0001163,device
DEV0001164,device
DEV0001165,device
DEV0001166,device
DEV0001167,device
DEV0001168,device
DEV0001169,device
DEV0001170,device
DEV0001171,device
DEV0001172,device
DEV0001173,device
DEV0001174,device
DEV0001175,device
DEV0001176,device
DEV0001177,device
DEV0001178,device
DEV0001179,device
DEV0001180,device
DEV0001181,device
DEV0001182,device
DEV0001183,device
DEV0001184,device
DEV0001185,device
DEV0001186,device
DEV0001187,device
DEV0001188,device
DEV0001189,device
DEV0001190,device
DEV0001191,device
DEV0001192,device
DEV0001193,device
DEV0001194,device
DEV0001195,device
DEV0001196,device
DEV0001197,device
DEV0001198,device
DEV0001199,device
DEV0001200,device
DEV0001201,device
DEV0001202,device
DEV0001203,device
DEV0001204,device
DEV0001205,device
DEV0001206,device
DEV0001207,device
DEV0001208,device
DEV0001209,device
DEV0001210,device
DEV0001211,device
DEV0001212,device
DEV0001213,device
DEV0001214,device
DEV0001215,device
DEV0001216,device
DEV0001217,device
DEV0001218,device
DEV0001219,device
DEV0001220,device
DEV0001221,device
DEV0001222,device
DEV0001223,device
DEV0001224,device
DEV0001225,device
DEV0001226,device
DEV0001227,device
DEV0001228,device
DEV0001229,device
DEV0001230,device
DEV0001231,device
DEV0001232,device
DEV0001233,device
DEV0001234,device
DEV0001235,device
DEV0001236,device
DEV0001237,device
DEV0001238,device
DEV0001239,device
DEV0001240,device
DEV0001241,device
DEV0001242,device
DEV0001243,device
DEV0001244,device
DEV0001245,device
DEV0001246,device
DEV0001247,device
DEV0001248,device
DEV0001249,device
DEV0001250,device
DEV0001251,device
DEV0001252,device
DEV0001253,device
DEV0001254,device
DEV0001255,device
DEV0001256,device
DEV0001257,device
DEV0001258,device
DEV0001259,device
DEV0001260,device
DEV0001261,device
DEV0001262,device
DEV0001263,device
DEV0001264,device
DEV0001265,device
DEV0001266,device
DEV0001267,device
DEV0001268,device
DEV0001269,device
DEV0001270,device
DEV0001271,device
DEV0001272,device
DEV0001273,device
DEV0001274,device
DEV0001275,device
DEV0001276,device
DEV0001277,device
DEV0001278,device
DEV0001279,device
DEV0001280,device
DEV0001281,device
DEV0001282,device
DEV0001283,device
DEV0001284,device
DEV0001285,device
DEV0001286,device
DEV0001287,device
DEV0001288,device
DEV0001289,device
DEV0001290,device
DEV0001291,device
DEV0001292,device
DEV0001293,device
DEV0001294,device
DEV0001295,device
DEV0001296,device
DEV0001297,device
DEV0001298,device
DEV0001299,device
DEV0001300,device
DEV0001301,device
DEV0001302,device
DEV0001303,device
DEV0001304,device
DEV0001305,device
DEV0001306,device
DEV0001307,device
DEV0001308,device
DEV0001309,device
DEV0001310,device
DEV0001311,device
DEV0001312,device
DEV0001313,device
DEV0001314,device
DEV0001315,device
DEV0001316,device
DEV0001317,device
DEV0001318,device
DEV0001319,device
DEV0001320,device
DEV0001321,device
DEV0001322,device
DEV0001323,device
DEV0001324,device
DEV0001325,device
DEV0001326,device
DEV0001327,device
DEV0001328,device
DEV0001329,device
DEV0001330,device
DEV0001331,device
DEV0001332,device
DEV0001333,device
DEV0001334,device
DEV0001335,device
DEV0001336,device
DEV0001337,device
DEV0001338,device
DEV0001339,device
DEV0001340,device
DEV0001341,device
DEV0001342,device
DEV0001343,device
DEV0001344,device
DEV0001345,device
DEV0001346,device
DEV0001347,device
DEV0001348,device
DEV0001349,device
DEV0001350,device
DEV0001351,device
DEV0001352,device
DEV0001353,device
DEV0001354,device
DEV0001355,device
DEV0001356,device
DEV0001357,device
DEV0001358,device
DEV0001359,device
DEV0001360,device
DEV0001361,device
DEV0001362,device
DEV0001363,device
DEV0001364,device
DEV0001365,device
DEV0001366,device
DEV0001367,device
DEV0001368,device
DEV0001369,device
DEV0001370,device
DEV0001371,device
DEV0001372,device
DEV0001373,device
DEV0001374,device
DEV0001375,device
DEV0001376,device
DEV0001377,device
DEV0001378,device
DEV0001379,device
DEV0001380,device
DEV0001381,device
DEV0001382,device
DEV0001383,device
DEV0001384,device
DEV0001385,device
DEV0001386,device
DEV0001387,device
DEV0001388,device
DEV0001389,device
DEV0001390,device
DEV0001391,device
DEV0001392,device
DEV0001393,device
DEV0001394,device
DEV0001395,device
DEV0001396,device
DEV0001397,device
DEV0001398,device
DEV0001399,device
DEV0001400,device
DEV0001401,device
DEV0001402,device
DEV0001403,device
DEV0001404,device
DEV0001405,device
DEV0001406,device
DEV0001407,device
DEV0001408,device
DEV0001409,device
DEV0001410,device
DEV0001411,device
DEV0001412,device
DEV0001413,device
DEV0001414,device
DEV0001415,device
DEV0001416,device
DEV0001417,device
DEV0001418,device
DEV0001419,device
DEV0001420,device
DEV0001421,device
DEV0001422,device
DEV0001423,device
DEV0001424,device
DEV0001425,device
DEV0001426,device
DEV0001427,device
DEV0001428,device
DEV0001429,device
DEV0001430,device
DEV0001431,device
DEV0001432,device
DEV0001433,device
DEV0001434,device
DEV0001435,device
DEV0001436,device
DEV0001437,device
DEV0001438,device
DEV0001439,device
DEV0001440,device
DEV0001441,device
DEV0001442,device
DEV0001443,device
DEV0001444,device
DEV0001445,device
DEV0001446,device
DEV0001447,device
DEV0001448,device
DEV0001449,device
DEV0001450,device
DEV0001451,device
DEV0001452,device
DEV0001453,device
DEV0001454,device
DEV0001455,device
DEV0001456,device
DEV0001457,device
DEV0001458,device
DEV0001459,device
DEV0001460,device
DEV0001461,device
DEV0001462,device
DEV0001463,device
DEV0001464,device
DEV0001465,device
DEV0001466,device
DEV0001467,device
DEV0001468,device
DEV0001469,device
DEV0001470,device
DEV0001471,device
DEV0001472,device
DEV0001473,device
DEV0001474,device
DEV0001475,device
DEV0001476,device
DEV0001477,device
DEV0001478,device
DEV0001479,device
DEV0001480,device
DEV0001481,device
DEV0001482,device
DEV0001483,device
DEV0001484,device
DEV0001485,device
DEV0001486,device
DEV0001487,device
DEV0001488,device
DEV0001489,device
DEV0001490,device
DEV0001491,device
DEV0001492,device
DEV0001493,device
DEV0001494,device
DEV0001495,device
DEV0001496,device
DEV0001497,device
DEV0001498,device
DEV0001499,device
DEV0001500,device
DEV0001501,device
DEV0001502,device
DEV0001503,device
DEV0001504,device
DEV0001505,device
DEV0001506,device
DEV0001507,device
DEV0001508,device
DEV0001509,device
DEV0001510,device
DEV0001511,device
DEV0001512,device
DEV0001513,device
DEV0001514,device
DEV0001515,device
DEV0001516,device
DEV0001517,device
DEV0001518,device
DEV0001519,device
DEV0001520,device
DEV0001521,device
DEV0001522,device
DEV0001523,device
DEV0001524,device
DEV0001525,device
DEV0001526,device
DEV0001527,device
DEV0001528,device
DEV0001529,device
DEV0001530,device
DEV0001531,device
DEV0001532,device
DEV0001533,device
DEV0001534,device
DEV0001535,device
DEV0001536,device
DEV0001537,device
DEV0001538,device
DEV0001539,device
DEV0001540,device
DEV0001541,device
DEV0001542,device
DEV0001543,device
DEV0001544,device
DEV0001545,device
DEV0001546,device
DEV0001547,device
DEV0001548,device
DEV0001549,device
DEV0001550,device
DEV0001551,device
DEV0001552,device
DEV0001553,device
DEV0001554,device
DEV0001555,device
DEV0001556,device
DEV0001557,device
DEV0001558,device
DEV0001559,device
DEV0001560,device
DEV0001561,device
DEV0001562,device
DEV0001563,device
DEV0001564,device
DEV0001565,device
DEV0001566,device
DEV0001567,device
DEV0001568,device
DEV0001569,device
DEV0001570,device
DEV0001571,device
DEV0001572,device
DEV0001573,device
DEV0001574,device
DEV0001575,device
DEV0001576,device
DEV0001577,device
DEV0001578,device
DEV0001579,device
DEV0001580,device
DEV0001581,device
DEV0001582,device
DEV0001583,device
DEV0001584,device
DEV0001585,device
DEV0001586,device
DEV0001587,device
DEV0001588,device
DEV0001589,device
DEV0001590,device
DEV0001591,device
DEV0001592,device
DEV0001593,device
DEV0001594,device
DEV0001595,device
DEV0001596,device
DEV0001597,device
DEV0001598,device
DEV0001599,device
DEV0001600,device
DEV0001601,device
DEV0001602,device
DEV0001603,device
DEV0001604,device
DEV0001605,device
DEV0001606,device
DEV0001607,device
DEV0001608,device
DEV0001609,device
DEV0001610,device
DEV0001611,device
DEV0001612,device
DEV0001613,device
DEV0001614,device
DEV0001615,device
DEV0001616,device
DEV0001617,device
DEV0001618,device
DEV0001619,device
DEV0001620,device
DEV0001621,device
DEV0001622,device
DEV0001623,device
DEV0001624,device
DEV0001625,device
DEV0001626,device
DEV0001627,device
DEV0001628,device
DEV0001629,device
DEV0001630,device
DEV0001631,device
DEV0001632,device
DEV0001633,device
DEV0001634,device
DEV0001635,device
DEV0001636,device
DEV0001637,device
DEV0001638,device
DEV0001639,device
DEV0001640,device
DEV0001641,device
DEV0001642,device
DEV0001643,device
DEV0001644,device
DEV0001645,device
DEV0001646,device
DEV0001647,device
DEV0001648,device
DEV0001649,device
DEV0001650,device
DEV0001651,device
DEV0001652,device
DEV0001653,device
DEV0001654,device
DEV0001655,device
DEV0001656,device
DEV0001657,device
DEV0001658,device
DEV0001659,device
DEV0001660,device
DEV0001661,device
DEV0001662,device
DEV0001663,device
DEV0001664,device
DEV0001665,device
DEV0001666,device
DEV0001667,device
DEV0001668,device
DEV0001669,device
DEV0001670,device
DEV0001671,device
DEV0001672,device
DEV0001673,device
DEV0001674,device
DEV0001675,device
DEV0001676,device
DEV0001677,device
DEV0001678,device
DEV0001679,device
DEV0001680,device
DEV0001681,device
DEV0001682,device
DEV0001683,device
DEV0001684,device
DEV0001685,device
DEV0001686,device
DEV0001687,device
DEV0001688,device
DEV0001689,device
DEV0001690,device
DEV0001691,device
DEV0001692,device
DEV0001693,device
DEV0001694,device
DEV0001695,device
DEV0001696,device
DEV0001697,device
DEV0001698,device
DEV0001699,device
DEV0001700,device
DEV0001701,device
DEV0001702,device
DEV0001703,device
DEV0001704,device
DEV0001705,device
DEV0001706,device
DEV0001707,device
DEV0001708,device
DEV0001709,device
DEV0001710,device
DEV0001711,device
DEV0001712,device
DEV0001713,device
DEV0001714,device
DEV0001715,device
DEV0001716,device
DEV0001717,device
DEV0001718,device
DEV0001719,device
DEV0001720,device
DEV0001721,device
DEV0001722,device
DEV0001723,device
DEV0001724,device
DEV0001725,device
DEV0001726,device
DEV0001727,device
DEV0001728,device
DEV0001729,device
DEV0001730,device
DEV0001731,device
DEV0001732,device
DEV0001733,device
DEV0001734,device
DEV0001735,device
DEV0001736,device
DEV0001737,device
DEV0001738,device
DEV0001739,device
DEV0001740,device
DEV0001741,device
DEV0001742,device
DEV0001743,device
DEV0001744,device
DEV0001745,device
DEV0001746,device
DEV0001747,device
DEV0001748,device
DEV0001749,device
DEV0001750,device
DEV0001751,device
DEV0001752,device
DEV0001753,device
DEV0001754,device
DEV0001755,device
DEV0001756,device
DEV0001757,device
DEV0001758,device
DEV0001759,device
DEV0001760,device
DEV0001761,device
DEV0001762,device
DEV0001763,device
DEV0001764,device
DEV0001765,device
DEV0001766,device
DEV0001767,device
DEV0001768,device
DEV0001769,device
DEV0001770,device
DEV0001771,device
DEV0001772,device
DEV0001773,device
DEV0001774,device
DEV0001775,device
DEV0001776,device
DEV0001777,device
DEV0001778,device
DEV0001779,device
DEV0001780,device
DEV0001781,device
DEV0001782,device
DEV0001783,device
DEV0001784,device
DEV0001785,device
DEV0001786,device
DEV0001787,device
DEV0001788,device
DEV0001789,device
DEV0001790,device
DEV0001791,device
DEV0001792,device
DEV0001793,device
DEV0001794,device
DEV0001795,device
DEV0001796,device
DEV0001797,device
DEV0001798,device
DEV0001799,device
DEV0001800,device
DEV0001801,device
DEV0001802,device
DEV0001803,device
DEV0001804,device
DEV0001805,device
DEV0001806,device
DEV0001807,device
DEV0001808,device
DEV0001809,device
DEV0001810,device
DEV0001811,device
DEV0001812,device
DEV0001813,device
DEV0001814,device
DEV0001815,device
DEV0001816,device
DEV0001817,device
DEV0001818,device
DEV0001819,device
DEV0001820,device
DEV0001821,device
DEV0001822,device
DEV0001823,device
DEV0001824,device
DEV0001825,device
DEV0001826,device
DEV0001827,device
DEV0001828,device
DEV0001829,device
DEV0001830,device
DEV0001831,device
DEV0001832,device
DEV0001833,device
DEV0001834,device
DEV0001835,device
DEV0001836,device
DEV0001837,device
DEV0001838,device
DEV0001839,device
DEV0001840,device
DEV0001841,device
DEV0001842,device
DEV0001843,device
DEV0001844,device
DEV0001845,device
DEV0001846,device
DEV0001847,device
DEV0001848,device
DEV0001849,device
DEV0001850,device
DEV0001851,device
DEV0001852,device
DEV0001853,device
DEV0001854,device
DEV0001855,device
DEV0001856,device
DEV0001857,device
DEV0001858,device
DEV0001859,device
DEV0001860,device
DEV0001861,device
DEV0001862,device
DEV0001863,device
DEV0001864,device
DEV0001865,device
DEV0001866,device
DEV0001867,device
DEV0001868,device
DEV0001869,device
DEV0001870,device
DEV0001871,device
DEV0001872,device
DEV0001873,device
DEV0001874,device
DEV0001875,device
DEV0001876,device
DEV0001877,device
DEV0001878,device
DEV0001879,device
DEV0001880,device
DEV0001881,device
DEV0001882,device
DEV0001883,device
DEV0001884,device
DEV0001885,device
DEV0001886,device
DEV0001887,device
DEV0001888,device
DEV0001889,device
DEV0001890,device
DEV0001891,device
DEV0001892,device
DEV0001893,device
DEV0001894,device
DEV0001895,device
DEV0001896,device
DEV0001897,device
DEV0001898,device
DEV0001899,device
DEV0001900,device
DEV0001901,device
DEV0001902,device
DEV0001903,device
DEV0001904,device
DEV0001905,device
DEV0001906,device
DEV0001907,device
DEV0001908,device
DEV0001909,device
DEV0001910,device
DEV0001911,device
DEV0001912,device
DEV0001913,device
DEV0001914,device
DEV0001915,device
DEV0001916,device
DEV0001917,device
DEV0001918,device
DEV0001919,device
DEV0001920,device
DEV0001921,device
DEV0001922,device
DEV0001923,device
DEV0001924,device
DEV0001925,device
DEV0001926,device
DEV0001927,device
DEV0001928,device
DEV0001929,device
DEV0001930,device
DEV0001931,device
DEV0001932,device
DEV0001933,device
DEV0001934,device
DEV0001935,device
DEV0001936,device
DEV0001937,device
DEV0001938,device
DEV0001939,device
DEV0001940,device
DEV0001941,device
DEV0001942,device
DEV0001943,device
DEV0001944,device
DEV0001945,device
DEV0001946,device
DEV0001947,device
DEV0001948,device
DEV0001949,device
DEV0001950,device
DEV0001951,device
DEV0001952,device
DEV0001953,device
DEV0001954,device
DEV0001955,device
DEV0001956,device
DEV0001957,device
DEV0001958,device
DEV0001959,device
DEV0001960,device
DEV0001961,device
DEV0001962,device
DEV0001963,device
DEV0001964,device
DEV0001965,device
DEV0001966,device
DEV0001967,device
DEV0001968,device
DEV0001969,device
DEV0001970,device
DEV0001971,device
DEV0001972,device
DEV0001973,device
DEV0001974,device
DEV0001975,device
DEV0001976,device
DEV0001977,device
DEV0001978,device
DEV0001979,device
DEV0001980,device
DEV0001981,device
DEV0001982,device
DEV0001983,device
DEV0001984,device
DEV0001985,device
DEV0001986,device
DEV0001987,device
DEV0001988,device
DEV0001989,device
DEV0001990,device
DEV0001991,device
DEV0001992,device
DEV0001993,device
DEV0001994,device
DEV0001995,device
DEV0001996,device
DEV0001997,device
DEV0001998,device
DEV0001999,device
DEV0002000,device
DEV0002001,device
DEV0002002,device
DEV0002003,device
DEV0002004,device
DEV0002005,device
DEV0002006,device
DEV0002007,device
DEV0002008,device
DEV0002009,device
DEV0002010,device
DEV0002011,device
DEV0002012,device
DEV0002013,device
DEV0002014,device
DEV0002015,device
DEV0002016,device
DEV0002017,device
DEV0002018,device
DEV0002019,device
DEV0002020,device
DEV0002021,device
DEV0002022,device
DEV0002023,device
DEV0002024,device
DEV0002025,device
DEV0002026,device
DEV0002027,device
DEV0002028,device
DEV0002029,device
DEV0002030,device
DEV0002031,device
DEV0002032,device
DEV0002033,device
DEV0002034,device
DEV0002035,device
DEV0002036,device
DEV0002037,device
DEV0002038,device
DEV0002039,device
DEV0002040,device
DEV0002041,device
DEV0002042,device
DEV0002043,device
DEV0002044,device
DEV0002045,device
DEV0002046,device
DEV0002047,device
DEV0002048,device
DEV0002049,device
DEV0002050,device
DEV0002051,device
DEV0002052,device
DEV0002053,device
DEV0002054,device
DEV0002055,device
DEV0002056,device
DEV0002057,device
DEV0002058,device
DEV0002059,device
DEV0002060,device
DEV0002061,device
DEV0002062,device
DEV0002063,device
DEV0002064,device
DEV0002065,device
DEV0002066,device
DEV0002067,device
DEV0002068,device
DEV0002069,device
DEV0002070,device
DEV0002071,device
DEV0002072,device
DEV0002073,device
DEV0002074,device
DEV0002075,device
DEV0002076,device
DEV0002077,device
DEV0002078,device
DEV0002079,device
DEV0002080,device
DEV0002081,device
DEV0002082,device
DEV0002083,device
DEV0002084,device
DEV0002085,device
DEV0002086,device
DEV0002087,device
DEV0002088,device
DEV0002089,device
DEV0002090,device
DEV0002091,device
DEV0002092,device
DEV0002093,device
DEV0002094,device
DEV0002095,device
DEV0002096,device
DEV0002097,device
DEV0002098,device
DEV0002099,device
DEV0002100,device
DEV0002101,device
DEV0002102,device
DEV0002103,device
DEV0002104,device
DEV0002105,device
DEV0002106,device
DEV0002107,device
DEV0002108,device
DEV0002109,device
DEV0002110,device
DEV0002111,device
DEV0002112,device
DEV0002113,device
DEV0002114,device
DEV0002115,device
DEV0002116,device
DEV0002117,device
DEV0002118,device
DEV0002119,device
DEV0002120,device
DEV0002121,device
DEV0002122,device
DEV0002123,device
DEV0002124,device
DEV0002125,device
DEV0002126,device
DEV0002127,device
DEV0002128,device
DEV0002129,device
DEV0002130,device
DEV0002131,device
DEV0002132,device
DEV0002133,device
DEV0002134,device
DEV0002135,device
DEV0002136,device
DEV0002137,device
DEV0002138,device
DEV0002139,device
DEV0002140,device
DEV0002141,device
DEV0002142,device
DEV0002143,device
DEV0002144,device
DEV0002145,device
DEV0002146,device
DEV0002147,device
DEV0002148,device
DEV0002149,device
DEV0002150,device
DEV0002151,device
DEV0002152,device
DEV0002153,device
DEV0002154,device
DEV0002155,device
DEV0002156,device
DEV0002157,device
DEV0002158,device
DEV0002159,device
DEV0002160,device
DEV0002161,device
DEV0002162,device
DEV0002163,device
DEV0002164,device
DEV0002165,device
DEV0002166,device
DEV0002167,device
DEV0002168,device
DEV0002169,device
DEV0002170,device
DEV0002171,device
DEV0002172,device
DEV0002173,device
DEV0002174,device
DEV0002175,device
DEV0002176,device
DEV0002177,device
DEV0002178,device
DEV0002179,device
DEV0002180,device
DEV0002181,device
DEV0002182,device
DEV0002183,device
DEV0002184,device
DEV0002185,device
DEV0002186,device
DEV0002187,device
DEV0002188,device
DEV0002189,device
DEV0002190,device
DEV0002191,device
DEV0002192,device
DEV0002193,device
DEV0002194,device
DEV0002195,device
DEV0002196,device
DEV0002197,device
DEV0002198,device
DEV0002199,device
DEV0002200,device
DEV0002201,device
DEV0002202,device
DEV0002203,device
DEV0002204,device
DEV0002205,device
DEV0002206,device
DEV0002207,device
DEV0002208,device
DEV0002209,device
DEV0002210,device
DEV0002211,device
DEV0002212,device
DEV0002213,device
DEV0002214,device
DEV0002215,device
DEV0002216,device
DEV0002217,device
DEV0002218,device
DEV0002219,device
DEV0002220,device
DEV0002221,device
DEV0002222,device
DEV0002223,device
DEV0002224,device
DEV0002225,device
DEV0002226,device
DEV0002227,device
DEV0002228,device
DEV0002229,device
DEV0002230,device
DEV0002231,device
DEV0002232,device
DEV0002233,device
DEV0002234,device
DEV0002235,device
DEV0002236,device
DEV0002237,device
DEV0002238,device
DEV0002239,device
DEV0002240,device
DEV0002241,device
DEV0002242,device
DEV0002243,device
DEV0002244,device
DEV0002245,device
DEV0002246,device
DEV0002247,device
DEV0002248,device
DEV0002249,device
DEV0002250,device
DEV0002251,device
DEV0002252,device
DEV0002253,device
DEV0002254,device
DEV0002255,device
DEV0002256,device
DEV0002257,device
DEV0002258,device
DEV0002259,device
DEV0002260,device
DEV0002261,device
DEV0002262,device
DEV0002263,device
DEV0002264,device
DEV0002265,device
DEV0002266,device
DEV0002267,device
DEV0002268,device
DEV0002269,device
DEV0002270,device
DEV0002271,device
DEV0002272,device
DEV0002273,device
DEV0002274,device
DEV0002275,device
DEV0002276,device
DEV0002277,device
DEV0002278,device
DEV0002279,device
DEV0002280,device
DEV0002281,device
DEV0002282,device
DEV0002283,device
DEV0002284,device
DEV0002285,device
DEV0002286,device
DEV0002287,device
DEV0002288,device
DEV0002289,device
DEV0002290,device
DEV0002291,device
DEV0002292,device
DEV0002293,device
DEV0002294,device
DEV0002295,device
DEV0002296,device
DEV0002297,device
DEV0002298,device
DEV0002299,device
DEV0002300,device
DEV0002301,device
DEV0002302,device
DEV0002303,device
DEV0002304,device
DEV0002305,device
DEV0002306,device
DEV0002307,device
DEV0002308,device
DEV0002309,device
DEV0002310,device
DEV0002311,device
DEV0002312,device
DEV0002313,device
DEV0002314,device
DEV0002315,device
DEV0002316,device
DEV0002317,device
DEV0002318,device
DEV0002319,device
DEV0002320,device
DEV0002321,device
DEV0002322,device
DEV0002323,device
DEV0002324,device
DEV0002325,device
DEV0002326,device
DEV0002327,device
DEV0002328,device
DEV0002329,device
DEV0002330,device
DEV0002331,device
DEV0002332,device
DEV0002333,device
DEV0002334,device
DEV0002335,device
DEV0002336,device
DEV0002337,device
DEV0002338,device
DEV0002339,device
DEV0002340,device
DEV0002341,device
DEV0002342,device
DEV0002343,device
DEV0002344,device
DEV0002345,device
DEV0002346,device
DEV0002347,device
DEV0002348,device
DEV0002349,device
DEV0002350,device
DEV0002351,device
DEV0002352,device
DEV0002353,device
DEV0002354,device
DEV0002355,device
DEV0002356,device
DEV0002357,device
DEV0002358,device
DEV0002359,device
DEV0002360,device
DEV0002361,device
DEV0002362,device
DEV0002363,device
DEV0002364,device
DEV0002365,device
DEV0002366,device
DEV0002367,device
DEV0002368,device
DEV0002369,device
DEV0002370,device
DEV0002371,device
DEV0002372,device
DEV0002373,device
DEV0002374,device
DEV0002375,device
DEV0002376,device
DEV0002377,device
DEV0002378,device
DEV0002379,device
DEV0002380,device
DEV0002381,device
DEV0002382,device
DEV0002383,device
DEV0002384,device
DEV0002385,device
DEV0002386,device
DEV0002387,device
DEV0002388,device
DEV0002389,device
DEV0002390,device
DEV0002391,device
DEV0002392,device
DEV0002393,device
DEV0002394,device
DEV0002395,device
DEV0002396,device
DEV0002397,device
DEV0002398,device
DEV0002399,device
DEV0002400,device
DEV0002401,device
DEV0002402,device
DEV0002403,device
DEV0002404,device
DEV0002405,device
DEV0002406,device
DEV0002407,device
DEV0002408,device
DEV0002409,device
DEV0002410,device
DEV0002411,device
DEV0002412,device
DEV0002413,device
DEV0002414,device
DEV0002415,device
DEV0002416,device
DEV0002417,device
DEV0002418,device
DEV0002419,device
DEV0002420,device
DEV0002421,device
DEV0002422,device
DEV0002423,device
DEV0002424,device
DEV0002425,device
DEV0002426,device
DEV0002427,device
DEV0002428,device
DEV0002429,device
DEV0002430,device
DEV0002431,device
DEV0002432,device
DEV0002433,device
DEV0002434,device
DEV0002435,device
DEV0002436,device
DEV0002437,device
DEV0002438,device
DEV0002439,device
DEV0002440,device
DEV0002441,device
DEV0002442,device
DEV0002443,device
DEV0002444,device
DEV0002445,device
DEV0002446,device
DEV0002447,device
DEV0002448,device
DEV0002449,device
DEV0002450,device
DEV0002451,device
DEV0002452,device
DEV0002453,device
DEV0002454,device
DEV0002455,device
DEV0002456,device
DEV0002457,device
DEV0002458,device
DEV0002459,device
DEV0002460,device
DEV0002461,device
DEV0002462,device
DEV0002463,device
DEV0002464,device
DEV0002465,device
DEV0002466,device
DEV0002467,device
DEV0002468,device
DEV0002469,device
DEV0002470,device
DEV0002471,device
DEV0002472,device
DEV0002473,device
DEV0002474,device
DEV0002475,device
DEV0002476,device
DEV0002477,device
DEV0002478,device
DEV0002479,device
DEV0002480,device
DEV0002481,device
DEV0002482,device
DEV0002483,device
DEV0002484,device
DEV0002485,device
DEV0002486,device
DEV0002487,device
DEV0002488,device
DEV0002489,device
DEV0002490,device
DEV0002491,device
DEV0002492,device
DEV0002493,device
DEV0002494,device
DEV0002495,device
DEV0002496,device
DEV0002497,device
DEV0002498,device
DEV0002499,device
DEV0002500,device
DEV0002501,device
DEV0002502,device
DEV0002503,device
DEV0002504,device
DEV0002505,device
DEV0002506,device
DEV0002507,device
DEV0002508,device
DEV0002509,device
DEV0002510,device
DEV0002511,device
DEV0002512,device
DEV0002513,device
DEV0002514,device
DEV0002515,device
DEV0002516,device
DEV0002517,device
DEV0002518,device
DEV0002519,device
DEV0002520,device
DEV0002521,device
DEV0002522,device
DEV0002523,device
DEV0002524,device
DEV0002525,device
DEV0002526,device
DEV0002527,device
DEV0002528,device
DEV0002529,device
DEV0002530,device
DEV0002531,device
DEV0002532,device
DEV0002533,device
DEV0002534,device
DEV0002535,device
DEV0002536,device
DEV0002537,device
DEV0002538,device
DEV0002539,device
DEV0002540,device
DEV0002541,device
DEV0002542,device
DEV0002543,device
DEV0002544,device
DEV0002545,device
DEV0002546,device
DEV0002547,device
DEV0002548,device
DEV0002549,device
DEV0002550,device
DEV0002551,device
DEV0002552,device
DEV0002553,device
DEV0002554,device
DEV0002555,device
DEV0002556,device
DEV0002557,device
DEV0002558,device
DEV0002559,device
DEV0002560,device
DEV0002561,device
DEV0002562,device
DEV0002563,device
DEV0002564,device
DEV0002565,device
DEV0002566,device
DEV0002567,device
DEV0002568,device
DEV0002569,device
DEV0002570,device
DEV0002571,device
DEV0002572,device
DEV0002573,device
DEV0002574,device
DEV0002575,device
DEV0002576,device
DEV0002577,device
DEV0002578,device
DEV0002579,device
DEV0002580,device
DEV0002581,device
DEV0002582,device
DEV0002583,device
DEV0002584,device
DEV0002585,device
DEV0002586,device
DEV0002587,device
DEV0002588,device
DEV0002589,device
DEV0002590,device
DEV0002591,device
DEV0002592,device
DEV0002593,device
DEV0002594,device
DEV0002595,device
DEV0002596,device
DEV0002597,device
DEV0002598,device
DEV0002599,device
DEV0002600,device
DEV0002601,device
DEV0002602,device
DEV0002603,device
DEV0002604,device
DEV0002605,device
DEV0002606,device
DEV0002607,device
DEV0002608,device
DEV0002609,device
DEV0002610,device
DEV0002611,device
DEV0002612,device
DEV0002613,device
DEV0002614,device
DEV0002615,device
DEV0002616,device
DEV0002617,device
DEV0002618,device
DEV0002619,device
DEV0002620,device
DEV0002621,device
DEV0002622,device
DEV0002623,device
DEV0002624,device
DEV0002625,device
DEV0002626,device
DEV0002627,device
DEV0002628,device
DEV0002629,device
DEV0002630,device
DEV0002631,device
DEV0002632,device
DEV0002633,device
DEV0002634,device
DEV0002635,device
DEV0002636,device
DEV0002637,device
DEV0002638,device
DEV0002639,device
DEV0002640,device
DEV0002641,device
DEV0002642,device
DEV0002643,device
DEV0002644,device
DEV0002645,device
DEV0002646,device
DEV0002647,device
DEV0002648,device
DEV0002649,device
DEV0002650,device
DEV0002651,device
DEV0002652,device
DEV0002653,device
DEV0002654,device
DEV0002655,device
DEV0002656,device
DEV0002657,device
DEV0002658,device
DEV0002659,device
DEV0002660,device
DEV0002661,device
DEV0002662,device
DEV0002663,device
DEV0002664,device
DEV0002665,device
DEV0002666,device
DEV0002667,device
DEV0002668,device
DEV0002669,device
DEV0002670,device
DEV0002671,device
DEV0002672,device
DEV0002673,device
DEV0002674,device
DEV0002675,device
DEV0002676,device
DEV0002677,device
DEV0002678,device
DEV0002679,device
DEV0002680,device
DEV0002681,device
DEV0002682,device
DEV0002683,device
DEV0002684,device
DEV0002685,device
DEV0002686,device
DEV0002687,device
DEV0002688,device
DEV0002689,device
DEV0002690,device
DEV0002691,device
DEV0002692,device
DEV0002693,device
DEV0002694,device
DEV0002695,device
DEV0002696,device
DEV0002697,device
DEV0002698,device
DEV0002699,device
DEV0002700,device
DEV0002701,device
DEV0002702,device
DEV0002703,device
DEV0002704,device
DEV0002705,device
DEV0002706,device
DEV0002707,device
DEV0002708,device
DEV0002709,device
DEV0002710,device
DEV0002711,device
DEV0002712,device
DEV0002713,device
DEV0002714,device
DEV0002715,device
DEV0002716,device
DEV0002717,device
DEV0002718,device
DEV0002719,device
DEV0002720,device
DEV0002721,device
DEV0002722,device
DEV0002723,device
DEV0002724,device
DEV0002725,device
DEV0002726,device
DEV0002727,device
DEV0002728,device
DEV0002729,device
DEV0002730,device
DEV0002731,device
DEV0002732,device
DEV0002733,device
DEV0002734,device
DEV0002735,device
DEV0002736,device
DEV0002737,device
DEV0002738,device
DEV0002739,device
DEV0002740,device
DEV0002741,device
DEV0002742,device
DEV0002743,device
DEV0002744,device
DEV0002745,device
DEV0002746,device
DEV0002747,device
DEV0002748,device
DEV0002749,device
DEV0002750,device
DEV0002751,device
DEV0002752,device
DEV0002753,device
DEV0002754,device
DEV0002755,device
DEV0002756,device
DEV0002757,device
DEV0002758,device
DEV0002759,device
DEV0002760,device
DEV0002761,device
DEV0002762,device
DEV0002763,device
DEV0002764,device
DEV0002765,device
DEV0002766,device
DEV0002767,device
DEV0002768,device
DEV0002769,device
DEV0002770,device
DEV0002771,device
DEV0002772,device
DEV0002773,device
DEV0002774,device
DEV0002775,device
DEV0002776,device
DEV0002777,device
DEV0002778,device
DEV0002779,device
DEV0002780,device
DEV0002781,device
DEV0002782,device
DEV0002783,device
DEV0002784,device
DEV0002785,device
DEV0002786,device
DEV0002787,device
DEV0002788,device
DEV0002789,device
DEV0002790,device
DEV0002791,device
DEV0002792,device
DEV0002793,device
DEV0002794,device
DEV0002795,device
DEV0002796,device
DEV0002797,device
DEV0002798,device
DEV0002799,device
DEV0002800,device
DEV0002801,device
DEV0002802,device
DEV0002803,device
DEV0002804,device
DEV0002805,device
DEV0002806,device
DEV0002807,device
DEV0002808,device
DEV0002809,device
DEV0002810,device
DEV0002811,device
DEV0002812,device
DEV0002813,device
DEV0002814,device
DEV0002815,device
DEV0002816,device
DEV0002817,device
DEV0002818,device
DEV0002819,device
DEV0002820,device
DEV0002821,device
DEV0002822,device
DEV0002823,device
DEV0002824,device
DEV0002825,device
DEV0002826,device
DEV0002827,device
DEV0002828,device
DEV0002829,device
DEV0002830,device
DEV0002831,device
DEV0002832,device
DEV0002833,device
DEV0002834,device
DEV0002835,device
DEV0002836,device
DEV0002837,device
DEV0002838,device
DEV0002839,device
DEV0002840,device
DEV0002841,device
DEV0002842,device
DEV0002843,device
DEV0002844,device
DEV0002845,device
DEV0002846,device
DEV0002847,device
DEV0002848,device
DEV0002849,device
DEV0002850,device
DEV0002851,device
DEV0002852,device
DEV0002853,device
DEV0002854,device
DEV0002855,device
DEV0002856,device
DEV0002857,device
DEV0002858,device
DEV0002859,device
DEV0002860,device
DEV0002861,device
DEV0002862,device
DEV0002863,device
DEV0002864,device
DEV0002865,device
DEV0002866,device
DEV0002867,device
DEV0002868,device
DEV0002869,device
DEV0002870,device
DEV0002871,device
DEV0002872,device
DEV0002873,device
DEV0002874,device
DEV0002875,device
DEV0002876,device
DEV0002877,device
DEV0002878,device
DEV0002879,device
DEV0002880,device
DEV0002881,device
DEV0002882,device
DEV0002883,device
DEV0002884,device
DEV0002885,device
DEV0002886,device
DEV0002887,device
DEV0002888,device
DEV0002889,device
DEV0002890,device
DEV0002891,device
DEV0002892,device
DEV0002893,device
DEV0002894,device
DEV0002895,device
DEV0002896,device
DEV0002897,device
DEV0002898,device
DEV0002899,device
DEV0002900,device
DEV0002901,device
DEV0002902,device
DEV0002903,device
DEV0002904,device
DEV0002905,device
DEV0002906,device
DEV0002907,device
DEV0002908,device
DEV0002909,device
DEV0002910,device
DEV0002911,device
DEV0002912,device
DEV0002913,device
DEV0002914,device
DEV0002915,device
DEV0002916,device
DEV0002917,device
DEV0002918,device
DEV0002919,device
DEV0002920,device
DEV0002921,device
DEV0002922,device
DEV0002923,device
DEV0002924,device
DEV0002925,device
DEV0002926,device
DEV0002927,device
DEV0002928,device
DEV0002929,device
DEV0002930,device
DEV0002931,device
DEV0002932,device
DEV0002933,device
DEV0002934,device
DEV0002935,device
DEV0002936,device
DEV0002937,device
DEV0002938,device
DEV0002939,device
DEV0002940,device
DEV0002941,device
DEV0002942,device
DEV0002943,device
DEV0002944,device
DEV0002945,device
DEV0002946,device
DEV0002947,device
DEV0002948,device
DEV0002949,device
DEV0002950,device
DEV0002951,device
DEV0002952,device
DEV0002953,device
DEV0002954,device
DEV0002955,device
DEV0002956,device
DEV0002957,device
DEV0002958,device
DEV0002959,device
DEV0002960,device
DEV0002961,device
DEV0002962,device
DEV0002963,device
DEV0002964,device
DEV0002965,device
DEV0002966,device
DEV0002967,device
DEV0002968,device
DEV0002969,device
DEV0002970,device
DEV0002971,device
DEV0002972,device
DEV0002973,device
DEV0002974,device
DEV0002975,device
DEV0002976,device
DEV0002977,device
DEV0002978,device
DEV0002979,device
DEV0002980,device
DEV0002981,device
DEV0002982,device
DEV0002983,device
DEV0002984,device
DEV0002985,device
DEV0002986,device
DEV0002987,device
DEV0002988,device
DEV0002989,device
DEV0002990,device
DEV0002991,device
DEV0002992,device
DEV0002993,device
DEV0002994,device
DEV0002995,device
DEV0002996,device
DEV0002997,device
DEV0002998,device
DEV0002999,device
DEV0003000,device
DEV0003001,device
DEV0003002,device
DEV0003003,device
DEV0003004,device
DEV0003005,device
DEV0003006,device
DEV0003007,device
DEV0003008,device
DEV0003009,device
DEV0003010,device
DEV0003011,device
DEV0003012,device
DEV0003013,device
DEV0003014,device
DEV0003015,device
DEV0003016,device
DEV0003017,device
DEV0003018,device
DEV0003019,device
DEV0003020,device
DEV0003021,device
DEV0003022,device
DEV0003023,device
DEV0003024,device
DEV0003025,device
DEV0003026,device
DEV0003027,device
DEV0003028,device
DEV0003029,device
DEV0003030,device
DEV0003031,device
DEV0003032,device
DEV0003033,device
DEV0003034,device
DEV0003035,device
DEV0003036,device
DEV0003037,device
DEV0003038,device
DEV0003039,device
DEV0003040,device
DEV0003041,device
DEV0003042,device
DEV0003043,device
DEV0003044,device
DEV0003045,device
DEV0003046,device
DEV0003047,device
DEV0003048,device
DEV0003049,device
DEV0003050,device
DEV0003051,device
DEV0003052,device
DEV0003053,device
DEV0003054,device
DEV0003055,device
DEV0003056,device
DEV0003057,device
DEV0003058,device
DEV0003059,device
DEV0003060,device
DEV0003061,device
DEV0003062,device
DEV0003063,device
DEV0003064,device
DEV0003065,device
DEV0003066,device
DEV0003067,device
DEV0003068,device
DEV0003069,device
DEV0003070,device
DEV0003071,device
DEV0003072,device
DEV0003073,device
DEV0003074,device
DEV0003075,device
DEV0003076,device
DEV0003077,device
DEV0003078,device
DEV0003079,device
DEV0003080,device
DEV0003081,device
DEV0003082,device
DEV0003083,device
DEV0003084,device
DEV0003085,device
DEV0003086,device
DEV0003087,device
DEV0003088,device
DEV0003089,device
DEV0003090,device
DEV0003091,device
DEV0003092,device
DEV0003093,device
DEV0003094,device
DEV0003095,device
DEV0003096,device
DEV0003097,device
DEV0003098,device
DEV0003099,device
DEV0003100,device
DEV0003101,device
DEV0003102,device
DEV0003103,device
DEV0003104,device
DEV0003105,device
DEV0003106,device
DEV0003107,device
DEV0003108,device
DEV0003109,device
DEV0003110,device
DEV0003111,device
DEV0003112,device
DEV0003113,device
DEV0003114,device
DEV0003115,device
DEV0003116,device
DEV0003117,device
DEV0003118,device
DEV0003119,device
DEV0003120,device
DEV0003121,device
DEV0003122,device
DEV0003123,device
DEV0003124,device
DEV0003125,device
DEV0003126,device
DEV0003127,device
DEV0003128,device
DEV0003129,device
DEV0003130,device
DEV0003131,device
DEV0003132,device
DEV0003133,device
DEV0003134,device
DEV0003135,device
DEV0003136,device
DEV0003137,device
DEV0003138,device
DEV0003139,device
DEV0003140,device
DEV0003141,device
DEV0003142,device
DEV0003143,device
DEV0003144,device
DEV0003145,device
DEV0003146,device
DEV0003147,device
DEV0003148,device
DEV0003149,device
DEV0003150,device
DEV0003151,device
DEV0003152,device
DEV0003153,device
DEV0003154,device
DEV0003155,device
DEV0003156,device
DEV0003157,device
DEV0003158,device
DEV0003159,device
DEV0003160,device
DEV0003161,device
DEV0003162,device
DEV0003163,device
DEV0003164,device
DEV0003165,device
DEV0003166,device
DEV0003167,device
DEV0003168,device
DEV0003169,device
DEV0003170,device
DEV0003171,device
DEV0003172,device
DEV0003173,device
DEV0003174,device
DEV0003175,device
DEV0003176,device
DEV0003177,device
DEV0003178,device
DEV0003179,device
DEV0003180,device
DEV0003181,device
DEV0003182,device
DEV0003183,device
DEV0003184,device
DEV0003185,device
DEV0003186,device
DEV0003187,device
DEV0003188,device
DEV0003189,device
DEV0003190,device
DEV0003191,device
DEV0003192,device
DEV0003193,device
DEV0003194,device
DEV0003195,device
DEV0003196,device
DEV0003197,device
DEV0003198,device
DEV0003199,device
DEV0003200,device
DEV0003201,device
DEV0003202,device
DEV0003203,device
DEV0003204,device
DEV0003205,device
DEV0003206,device
DEV0003207,device
DEV0003208,device
DEV0003209,device
DEV0003210,device
DEV0003211,device
DEV0003212,device
DEV0003213,device
DEV0003214,device
DEV0003215,device
DEV0003216,device
DEV0003217,device
DEV0003218,device
DEV0003219,device
DEV0003220,device
DEV0003221,device
DEV0003222,device
DEV0003223,device
DEV0003224,device
DEV0003225,device
DEV0003226,device
DEV0003227,device
DEV0003228,device
DEV0003229,device
DEV0003230,device
DEV0003231,device
DEV0003232,device
DEV0003233,device
DEV0003234,device
DEV0003235,device
DEV0003236,device
DEV0003237,device
DEV0003238,device
DEV0003239,device
DEV0003240,device
DEV0003241,device
DEV0003242,device
DEV0003243,device
DEV0003244,device
DEV0003245,device
DEV0003246,device
DEV0003247,device
DEV0003248,device
DEV0003249,device
DEV0003250,device
DEV0003251,device
DEV0003252,device
DEV0003253,device
DEV0003254,device
DEV0003255,device
DEV0003256,device
DEV0003257,device
DEV0003258,device
DEV0003259,device
DEV0003260,device
DEV0003261,device
DEV0003262,device
DEV0003263,device
DEV0003264,device
DEV0003265,device
DEV0003266,device
DEV0003267,device
DEV0003268,device
DEV0003269,device
DEV0003270,device
DEV0003271,device
DEV0003272,device
DEV0003273,device
DEV0003274,device
DEV0003275,device
DEV0003276,device
DEV0003277,device
DEV0003278,device
DEV0003279,device
DEV0003280,device
DEV0003281,device
DEV0003282,device
DEV0003283,device
DEV0003284,device
DEV0003285,device
DEV0003286,device
DEV0003287,device
DEV0003288,device
DEV0003289,device
DEV0003290,device
DEV0003291,device
DEV0003292,device
DEV0003293,device
DEV0003294,device
DEV0003295,device
DEV0003296,device
DEV0003297,device
DEV0003298,device
DEV0003299,device
DEV0003300,device
DEV0003301,device
DEV0003302,device
DEV0003303,device
DEV0003304,device
DEV0003305,device
DEV0003306,device
DEV0003307,device
DEV0003308,device
DEV0003309,device
DEV0003310,device
DEV0003311,device
DEV0003312,device
DEV0003313,device
DEV0003314,device
DEV0003315,device
DEV0003316,device
DEV0003317,device
DEV0003318,device
DEV0003319,device
DEV0003320,device
DEV0003321,device
DEV0003322,device
DEV0003323,device
DEV0003324,device
DEV0003325,device
DEV0003326,device
DEV0003327,device
DEV0003328,device
DEV0003329,device
DEV0003330,device
DEV0003331,device
DEV0003332,device
DEV0003333,device
DEV0003334,device
DEV0003335,device
DEV0003336,device
DEV0003337,device
DEV0003338,device
DEV0003339,device
DEV0003340,device
DEV0003341,device
DEV0003342,device
DEV0003343,device
DEV0003344,device
DEV0003345,device
DEV0003346,device
DEV0003347,device
DEV0003348,device
DEV0003349,device
DEV0003350,device
DEV0003351,device
DEV0003352,device
DEV0003353,device
DEV0003354,device
DEV0003355,device
DEV0003356,device
DEV0003357,device
DEV0003358,device
DEV0003359,device
DEV0003360,device
DEV0003361,device
DEV0003362,device
DEV0003363,device
DEV0003364,device
DEV0003365,device
DEV0003366,device
DEV0003367,device
DEV0003368,device
DEV0003369,device
DEV0003370,device
DEV0003371,device
DEV0003372,device
DEV0003373,device
DEV0003374,device
DEV0003375,device
DEV0003376,device
DEV0003377,device
DEV0003378,device
DEV0003379,device
DEV0003380,device
DEV0003381,device
DEV0003382,device
DEV0003383,device
DEV0003384,device
DEV0003385,device
DEV0003386,device
DEV0003387,device
DEV0003388,device
DEV0003389,device
DEV0003390,device
DEV0003391,device
DEV0003392,device
DEV0003393,device
DEV0003394,device
DEV0003395,device
DEV0003396,device
DEV0003397,device
DEV0003398,device
DEV0003399,device
DEV0003400,device
DEV0003401,device
DEV0003402,device
DEV0003403,device
DEV0003404,device
DEV0003405,device
DEV0003406,device
DEV0003407,device
DEV0003408,device
DEV0003409,device
DEV0003410,device
DEV0003411,device
DEV0003412,device
DEV0003413,device
DEV0003414,device
DEV0003415,device
DEV0003416,device
DEV0003417,device
DEV0003418,device
DEV0003419,device
DEV0003420,device
DEV0003421,device
DEV0003422,device
DEV0003423,device
DEV0003424,device
DEV0003425,device
DEV0003426,device
DEV0003427,device
DEV0003428,device
DEV0003429,device
DEV0003430,device
DEV0003431,device
DEV0003432,device
DEV0003433,device
DEV0003434,device
DEV0003435,device
DEV0003436,device
DEV0003437,device
DEV0003438,device
DEV0003439,device
DEV0003440,device
DEV0003441,device
DEV0003442,device
DEV0003443,device
DEV0003444,device
DEV0003445,device
DEV0003446,device
DEV0003447,device
DEV0003448,device
DEV0003449,device
DEV0003450,device
DEV0003451,device
DEV0003452,device
DEV0003453,device
DEV0003454,device
DEV0003455,device
DEV0003456,device
DEV0003457,device
DEV0003458,device
DEV0003459,device
DEV0003460,device
DEV0003461,device
DEV0003462,device
DEV0003463,device
DEV0003464,device
DEV0003465,device
DEV0003466,device
DEV0003467,device
DEV0003468,device
DEV0003469,device
DEV0003470,device
DEV0003471,device
DEV0003472,device
DEV0003473,device
DEV0003474,device
DEV0003475,device
DEV0003476,device
DEV0003477,device
DEV0003478,device
DEV0003479,device
DEV0003480,device
DEV0003481,device
DEV0003482,device
DEV0003483,device
DEV0003484,device
DEV0003485,device
DEV0003486,device
DEV0003487,device
DEV0003488,device
DEV0003489,device
DEV0003490,device
DEV0003491,device
DEV0003492,device
DEV0003493,device
DEV0003494,device
DEV0003495,device
DEV0003496,device
DEV0003497,device
DEV0003498,device
DEV0003499,device
DEV0003500,device
DEV0003501,device
DEV0003502,device
DEV0003503,device
DEV0003504,device
DEV0003505,device
DEV0003506,device
DEV0003507,device
DEV0003508,device
DEV0003509,device
DEV0003510,device
DEV0003511,device
DEV0003512,device
DEV0003513,device
DEV0003514,device
DEV0003515,device
DEV0003516,device
DEV0003517,device
DEV0003518,device
DEV0003519,device
DEV0003520,device
DEV0003521,device
DEV0003522,device
DEV0003523,device
DEV0003524,device
DEV0003525,device
DEV0003526,device
DEV0003527,device
DEV0003528,device
DEV0003529,device
DEV0003530,device
DEV0003531,device
DEV0003532,device
DEV0003533,device
DEV0003534,device
DEV0003535,device
DEV0003536,device
DEV0003537,device
DEV0003538,device
DEV0003539,device
DEV0003540,device
DEV0003541,device
DEV0003542,device
DEV0003543,device
DEV0003544,device
DEV0003545,device
DEV0003546,device
DEV0003547,device
DEV0003548,device
DEV0003549,device
DEV0003550,device
DEV0003551,device
DEV0003552,device
DEV0003553,device
DEV0003554,device
DEV0003555,device
DEV0003556,device
DEV0003557,device
DEV0003558,device
DEV0003559,device
DEV0003560,device
DEV0003561,device
DEV0003562,device
DEV0003563,device
DEV0003564,device
DEV0003565,device
DEV0003566,device
DEV0003567,device
DEV0003568,device
DEV0003569,device
DEV0003570,device
DEV0003571,device
DEV0003572,device
DEV0003573,device
DEV0003574,device
DEV0003575,device
DEV0003576,device
DEV0003577,device
DEV0003578,device
DEV0003579,device
DEV0003580,device
DEV0003581,device
DEV0003582,device
DEV0003583,device
DEV0003584,device
DEV0003585,device
DEV0003586,device
DEV0003587,device
DEV0003588,device
DEV0003589,device
DEV0003590,device
DEV0003591,device
DEV0003592,device
DEV0003593,device
DEV0003594,device
DEV0003595,device
DEV0003596,device
DEV0003597,device
DEV0003598,device
DEV0003599,device
DEV0003600,device
DEV0003601,device
DEV0003602,device
DEV0003603,device
DEV0003604,device
DEV0003605,device
DEV0003606,device
DEV0003607,device
DEV0003608,device
DEV0003609,device
DEV0003610,device
DEV0003611,device
DEV0003612,device
DEV0003613,device
DEV0003614,device
DEV0003615,device
DEV0003616,device
DEV0003617,device
DEV0003618,device
DEV0003619,device
DEV0003620,device
DEV0003621,device
DEV0003622,device
DEV0003623,device
DEV0003624,device
DEV0003625,device
DEV0003626,device
DEV0003627,device
DEV0003628,device
DEV0003629,device
DEV0003630,device
DEV0003631,device
DEV0003632,device
DEV0003633,device
DEV0003634,device
DEV0003635,device
DEV0003636,device
DEV0003637,device
DEV0003638,device
DEV0003639,device
DEV0003640,device
DEV0003641,device
DEV0003642,device
DEV0003643,device
DEV0003644,device
DEV0003645,device
DEV0003646,device
DEV0003647,device
DEV0003648,device
DEV0003649,device
DEV0003650,device
DEV0003651,device
DEV0003652,device
DEV0003653,device
DEV0003654,device
DEV0003655,device
DEV0003656,device
DEV0003657,device
DEV0003658,device
DEV0003659,device
DEV0003660,device
DEV0003661,device
DEV0003662,device
DEV0003663,device
DEV0003664,device
DEV0003665,device
DEV0003666,device
DEV0003667,device
DEV0003668,device
DEV0003669,device
DEV0003670,device
DEV0003671,device
DEV0003672,device
DEV0003673,device
DEV0003674,device
DEV0003675,device
DEV0003676,device
DEV0003677,device
DEV0003678,device
DEV0003679,device
DEV0003680,device
DEV0003681,device
DEV0003682,device
DEV0003683,device
DEV0003684,device
DEV0003685,device
DEV0003686,device
DEV0003687,device
DEV0003688,device
DEV0003689,device
DEV0003690,device
DEV0003691,device
DEV0003692,device
DEV0003693,device
DEV0003694,device
DEV0003695,device
DEV0003696,device
DEV0003697,device
DEV0003698,device
DEV0003699,device
DEV0003700,device
DEV0003701,device
DEV0003702,device
DEV0003703,device
DEV0003704,device
DEV0003705,device
DEV0003706,device
DEV0003707,device
DEV0003708,device
DEV0003709,device
DEV0003710,device
DEV0003711,device
DEV0003712,device
DEV0003713,device
DEV0003714,device
DEV0003715,device
DEV0003716,device
DEV0003717,device
DEV0003718,device
DEV0003719,device
DEV0003720,device
DEV0003721,device
DEV0003722,device
DEV0003723,device
DEV0003724,device
DEV0003725,device
DEV0003726,device
DEV0003727,device
DEV0003728,device
DEV0003729,device
DEV0003730,device
DEV0003731,device
DEV0003732,device
DEV0003733,device
DEV0003734,device
DEV0003735,device
DEV0003736,device
DEV0003737,device
DEV0003738,device
DEV0003739,device
DEV0003740,device
DEV0003741,device
DEV0003742,device
DEV0003743,device
DEV0003744,device
DEV0003745,device
DEV0003746,device
DEV0003747,device
DEV0003748,device
DEV0003749,device
DEV0003750,device
DEV0003751,device
DEV0003752,device
DEV0003753,device
DEV0003754,device
DEV0003755,device
DEV0003756,device
DEV0003757,device
DEV0003758,device
DEV0003759,device
DEV0003760,device
DEV0003761,device
DEV0003762,device
DEV0003763,device
DEV0003764,device
DEV0003765,device
DEV0003766,device
DEV0003767,device
DEV0003768,device
DEV0003769,device
DEV0003770,device
DEV0003771,device
DEV0003772,device
DEV0003773,device
DEV0003774,device
DEV0003775,device
DEV0003776,device
DEV0003777,device
DEV0003778,device
DEV0003779,device
DEV0003780,device
DEV0003781,device
DEV0003782,device
DEV0003783,device
DEV0003784,device
DEV0003785,device
DEV0003786,device
DEV0003787,device
DEV0003788,device
DEV0003789,device
DEV0003790,device
DEV0003791,device
DEV0003792,device
DEV0003793,device
DEV0003794,device
DEV0003795,device
DEV0003796,device
DEV0003797,device
DEV0003798,device
DEV0003799,device
DEV0003800,device
DEV0003801,device
DEV0003802,device
DEV0003803,device
DEV0003804,device
DEV0003805,device
DEV0003806,device
DEV0003807,device
DEV0003808,device
DEV0003809,device
DEV0003810,device
DEV0003811,device
DEV0003812,device
DEV0003813,device
DEV0003814,device
DEV0003815,device
DEV0003816,device
DEV0003817,device
DEV0003818,device
DEV0003819,device
DEV0003820,device
DEV0003821,device
DEV0003822,device
DEV0003823,device
DEV0003824,device
DEV0003825,device
DEV0003826,device
DEV0003827,device
DEV0003828,device
DEV0003829,device
DEV0003830,device
DEV0003831,device
DEV0003832,device
DEV0003833,device
DEV0003834,device
DEV0003835,device
DEV0003836,device
DEV0003837,device
DEV0003838,device
DEV0003839,device
DEV0003840,device
DEV0003841,device
DEV0003842,device
DEV0003843,device
DEV0003844,device
DEV0003845,device
DEV0003846,device
DEV0003847,device
DEV0003848,device
DEV0003849,device
DEV0003850,device
DEV0003851,device
DEV0003852,device
DEV0003853,device
DEV0003854,device
DEV0003855,device
DEV0003856,device
DEV0003857,device
DEV0003858,device
DEV0003859,device
DEV0003860,device
DEV0003861,device
DEV0003862,device
DEV0003863,device
DEV0003864,device
DEV0003865,device
DEV0003866,device
DEV0003867,device
DEV0003868,device
DEV0003869,device
DEV0003870,device
DEV0003871,device
DEV0003872,device
DEV0003873,device
DEV0003874,device
DEV0003875,device
DEV0003876,device
DEV0003877,device
DEV0003878,device
DEV0003879,device
DEV0003880,device
DEV0003881,device
DEV0003882,device
DEV0003883,device
DEV0003884,device
DEV0003885,device
DEV0003886,device
DEV0003887,device
DEV0003888,device
DEV0003889,device
DEV0003890,device
DEV0003891,device
DEV0003892,device
DEV0003893,device
DEV0003894,device
DEV0003895,device
DEV0003896,device
DEV0003897,device
DEV0003898,device
DEV0003899,device
DEV0003900,device
DEV0003901,device
DEV0003902,device
DEV0003903,device
DEV0003904,device
DEV0003905,device
DEV0003906,device
DEV0003907,device
DEV0003908,device
DEV0003909,device
DEV0003910,device
DEV0003911,device
DEV0003912,device
DEV0003913,device
DEV0003914,device
DEV0003915,device
DEV0003916,device
DEV0003917,device
DEV0003918,device
DEV0003919,device
DEV0003920,device
DEV0003921,device
DEV0003922,device
DEV0003923,device
DEV0003924,device
DEV0003925,device
DEV0003926,device
DEV0003927,device
DEV0003928,device
DEV0003929,device
DEV0003930,device
DEV0003931,device
DEV0003932,device
DEV0003933,device
DEV0003934,device
DEV0003935,device
DEV0003936,device
DEV0003937,device
DEV0003938,device
DEV0003939,device
DEV0003940,device
DEV0003941,device
DEV0003942,device
DEV0003943,device
DEV0003944,device
DEV0003945,device
DEV0003946,device
DEV0003947,device
DEV0003948,device
DEV0003949,device
DEV0003950,device
DEV0003951,device
DEV0003952,device
DEV0003953,device
DEV0003954,device
DEV0003955,device
DEV0003956,device
DEV0003957,device
DEV0003958,device
DEV0003959,device
DEV0003960,device
DEV0003961,device
DEV0003962,device
DEV0003963,device
DEV0003964,device
DEV0003965,device
DEV0003966,device
DEV0003967,device
DEV0003968,device
DEV0003969,device
DEV0003970,device
DEV0003971,device
DEV0003972,device
DEV0003973,device
DEV0003974,device
DEV0003975,device
DEV0003976,device
DEV0003977,device
DEV0003978,device
DEV0003979,device
DEV0003980,device
DEV0003981,device
DEV0003982,device
DEV0003983,device
DEV0003984,device
DEV0003985,device
DEV0003986,device
DEV0003987,device
DEV0003988,device
DEV0003989,device
DEV0003990,device
DEV0003991,device
DEV0003992,device
DEV0003993,device
DEV0003994,device
DEV0003995,device
DEV0003996,device
DEV0003997,device
DEV0003998,device
DEV0003999,device
DEV0004000,device
DEV0004001,device
DEV0004002,device
DEV0004003,device
DEV0004004,device
DEV0004005,device
DEV0004006,device
DEV0004007,device
DEV0004008,device
DEV0004009,device
DEV0004010,device
DEV0004011,device
DEV0004012,device
DEV0004013,device
DEV0004014,device
DEV0004015,device
DEV0004016,device
DEV0004017,device
DEV0004018,device
DEV0004019,device
DEV0004020,device
DEV0004021,device
DEV0004022,device
DEV0004023,device
DEV0004024,device
DEV0004025,device
DEV0004026,device
DEV0004027,device
DEV0004028,device
DEV0004029,device
DEV0004030,device
DEV0004031,device
DEV0004032,device
DEV0004033,device
DEV0004034,device
DEV0004035,device
DEV0004036,device
DEV0004037,device
DEV0004038,device
DEV0004039,device
DEV0004040,device
DEV0004041,device
DEV0004042,device
DEV0004043,device
DEV0004044,device
DEV0004045,device
DEV0004046,device
DEV0004047,device
DEV0004048,device
DEV0004049,device
DEV0004050,device
DEV0004051,device
DEV0004052,device
DEV0004053,device
DEV0004054,device
DEV0004055,device
DEV0004056,device
DEV0004057,device
DEV0004058,device
DEV0004059,device
DEV0004060,device
DEV0004061,device
DEV0004062,device
DEV0004063,device
DEV0004064,device
DEV0004065,device
DEV0004066,device
DEV0004067,device
DEV0004068,device
DEV0004069,device
DEV0004070,device
DEV0004071,device
DEV0004072,device
DEV0004073,device
DEV0004074,device
DEV0004075,device
DEV0004076,device
DEV0004077,device
DEV0004078,device
DEV0004079,device
DEV0004080,device
DEV0004081,device
DEV0004082,device
DEV0004083,device
DEV0004084,device
DEV0004085,device
DEV0004086,device
DEV0004087,device
DEV0004088,device
DEV0004089,device
DEV0004090,device
DEV0004091,device
DEV0004092,device
DEV0004093,device
DEV0004094,device
DEV0004095,device
DEV0004096,device
DEV0004097,device
DEV0004098,device
DEV0004099,device
DEV0004100,device
DEV0004101,device
DEV0004102,device
DEV0004103,device
DEV0004104,device
DEV0004105,device
DEV0004106,device
DEV0004107,device
DEV0004108,device
DEV0004109,device
DEV0004110,device
DEV0004111,device
DEV0004112,device
DEV0004113,device
DEV0004114,device
DEV0004115,device
DEV0004116,device
DEV0004117,device
DEV0004118,device
DEV0004119,device
DEV0004120,device
DEV0004121,device
DEV0004122,device
DEV0004123,device
DEV0004124,device
DEV0004125,device
DEV0004126,device
DEV0004127,device
DEV0004128,device
DEV0004129,device
DEV0004130,device
DEV0004131,device
DEV0004132,device
DEV0004133,device
DEV0004134,device
DEV0004135,device
DEV0004136,device
DEV0004137,device
DEV0004138,device
DEV0004139,device
DEV0004140,device
DEV0004141,device
DEV0004142,device
DEV0004143,device
DEV0004144,device
DEV0004145,device
DEV0004146,device
DEV0004147,device
DEV0004148,device
DEV0004149,device
DEV0004150,device
DEV0004151,device
DEV0004152,device
DEV0004153,device
DEV0004154,device
DEV0004155,device
DEV0004156,device
DEV0004157,device
DEV0004158,device
DEV0004159,device
DEV0004160,device
DEV0004161,device
DEV0004162,device
DEV0004163,device
DEV0004164,device
DEV0004165,device
DEV0004166,device
DEV0004167,device
DEV0004168,device
DEV0004169,device
DEV0004170,device
DEV0004171,device
DEV0004172,device
DEV0004173,device
DEV0004174,device
DEV0004175,device
DEV0004176,device
DEV0004177,device
DEV0004178,device
DEV0004179,device
DEV0004180,device
DEV0004181,device
DEV0004182,device
DEV0004183,device
DEV0004184,device
DEV0004185,device
DEV0004186,device
DEV0004187,device
DEV0004188,device
DEV0004189,device
DEV0004190,device
DEV0004191,device
DEV0004192,device
DEV0004193,device
DEV0004194,device
DEV0004195,device
DEV0004196,device
DEV0004197,device
DEV0004198,device
DEV0004199,device
DEV0004200,device
DEV0004201,device
DEV0004202,device
DEV0004203,device
DEV0004204,device
DEV0004205,device
DEV0004206,device
DEV0004207,device
DEV0004208,device
DEV0004209,device
DEV0004210,device
DEV0004211,device
DEV0004212,device
DEV0004213,device
DEV0004214,device
DEV0004215,device
DEV0004216,device
DEV0004217,device
DEV0004218,device
DEV0004219,device
DEV0004220,device
DEV0004221,device
DEV0004222,device
DEV0004223,device
DEV0004224,device
DEV0004225,device
DEV0004226,device
DEV0004227,device
DEV0004228,device
DEV0004229,device
DEV0004230,device
DEV0004231,device
DEV0004232,device
DEV0004233,device
DEV0004234,device
DEV0004235,device
DEV0004236,device
DEV0004237,device
DEV0004238,device
DEV0004239,device
DEV0004240,device
DEV0004241,device
DEV0004242,device
DEV0004243,device
DEV0004244,device
DEV0004245,device
DEV0004246,device
DEV0004247,device
DEV0004248,device
DEV0004249,device
DEV0004250,device
DEV0004251,device
DEV0004252,device
DEV0004253,device
DEV0004254,device
DEV0004255,device
DEV0004256,device
DEV0004257,device
DEV0004258,device
DEV0004259,device
DEV0004260,device
DEV0004261,device
DEV0004262,device
DEV0004263,device
DEV0004264,device
DEV0004265,device
DEV0004266,device
DEV0004267,device
DEV0004268,device
DEV0004269,device
DEV0004270,device
DEV0004271,device
DEV0004272,device
DEV0004273,device
DEV0004274,device
DEV0004275,device
DEV0004276,device
DEV0004277,device
DEV0004278,device
DEV0004279,device
DEV0004280,device
DEV0004281,device
DEV0004282,device
DEV0004283,device
DEV0004284,device
DEV0004285,device
DEV0004286,device
DEV0004287,device
DEV0004288,device
DEV0004289,device
DEV0004290,device
DEV0004291,device
DEV0004292,device
DEV0004293,device
DEV0004294,device
DEV0004295,device
DEV0004296,device
DEV0004297,device
DEV0004298,device
DEV0004299,device
DEV0004300,device
DEV0004301,device
DEV0004302,device
DEV0004303,device
DEV0004304,device
DEV0004305,device
DEV0004306,device
DEV0004307,device
DEV0004308,device
DEV0004309,device
DEV0004310,device
DEV0004311,device
DEV0004312,device
DEV0004313,device
DEV0004314,device
DEV0004315,device
DEV0004316,device
DEV0004317,device
DEV0004318,device
DEV0004319,device
DEV0004320,device
DEV0004321,device
DEV0004322,device
DEV0004323,device
DEV0004324,device
DEV0004325,device
DEV0004326,device
DEV0004327,device
DEV0004328,device
DEV0004329,device
DEV0004330,device
DEV0004331,device
DEV0004332,device
DEV0004333,device
DEV0004334,device
DEV0004335,device
DEV0004336,device
DEV0004337,device
DEV0004338,device
DEV0004339,device
DEV0004340,device
DEV0004341,device
DEV0004342,device
DEV0004343,device
DEV0004344,device
DEV0004345,device
DEV0004346,device
DEV0004347,device
DEV0004348,device
DEV0004349,device
DEV0004350,device
DEV0004351,device
DEV0004352,device
DEV0004353,device
DEV0004354,device
DEV0004355,device
DEV0004356,device
DEV0004357,device
DEV0004358,device
DEV0004359,device
DEV0004360,device
DEV0004361,device
DEV0004362,device
DEV0004363,device
DEV0004364,device
DEV0004365,device
DEV0004366,device
DEV0004367,device
DEV0004368,device
DEV0004369,device
DEV0004370,device
DEV0004371,device
DEV0004372,device
DEV0004373,device
DEV0004374,device
DEV0004375,device
DEV0004376,device
DEV0004377,device
DEV0004378,device
DEV0004379,device
DEV0004380,device
DEV0004381,device
DEV0004382,device
DEV0004383,device
DEV0004384,device
DEV0004385,device
DEV0004386,device
DEV0004387,device
DEV0004388,device
DEV0004389,device
DEV0004390,device
DEV0004391,device
DEV0004392,device
DEV0004393,device
DEV0004394,device
DEV0004395,device
DEV0004396,device
DEV0004397,device
DEV0004398,device
DEV0004399,device
DEV0004400,device
DEV0004401,device
DEV0004402,device
DEV0004403,device
DEV0004404,device
DEV0004405,device
DEV0004406,device
DEV0004407,device
DEV0004408,device
DEV0004409,device
DEV0004410,device
DEV0004411,device
DEV0004412,device
DEV0004413,device
DEV0004414,device
DEV0004415,device
DEV0004416,device
DEV0004417,device
DEV0004418,device
DEV0004419,device
DEV0004420,device
DEV0004421,device
DEV0004422,device
DEV0004423,device
DEV0004424,device
DEV0004425,device
DEV0004426,device
DEV0004427,device
DEV0004428,device
DEV0004429,device
DEV0004430,device
DEV0004431,device
DEV0004432,device
DEV0004433,device
DEV0004434,device
DEV0004435,device
DEV0004436,device
DEV0004437,device
DEV0004438,device
DEV0004439,device
DEV0004440,device
DEV0004441,device
DEV0004442,device
DEV0004443,device
DEV0004444,device
DEV0004445,device
DEV0004446,device
DEV0004447,device
DEV0004448,device
DEV0004449,device
DEV0004450,device
DEV0004451,device
DEV0004452,device
DEV0004453,device
DEV0004454,device
DEV0004455,device
DEV0004456,device
DEV0004457,device
DEV0004458,device
DEV0004459,device
DEV0004460,device
DEV0004461,device
DEV0004462,device
DEV0004463,device
DEV0004464,device
DEV0004465,device
DEV0004466,device
DEV0004467,device
DEV0004468,device
DEV0004469,device
DEV0004470,device
DEV0004471,device
DEV0004472,device
DEV0004473,device
DEV0004474,device
DEV0004475,device
DEV0004476,device
DEV0004477,device
DEV0004478,device
DEV0004479,device
DEV0004480,device
DEV0004481,device
DEV0004482,device
DEV0004483,device
DEV0004484,device
DEV0004485,device
DEV0004486,device
DEV0004487,device
DEV0004488,device
DEV0004489,device
DEV0004490,device
DEV0004491,device
DEV0004492,device
DEV0004493,device
DEV0004494,device
DEV0004495,device
DEV0004496,device
DEV0004497,device
DEV0004498,device
DEV0004499,device
DEV0004500,device
DEV0004501,device
DEV0004502,device
DEV0004503,device
DEV0004504,device
DEV0004505,device
DEV0004506,device
DEV0004507,device
DEV0004508,device
DEV0004509,device
DEV0004510,device
DEV0004511,device
DEV0004512,device
DEV0004513,device
DEV0004514,device
DEV0004515,device
DEV0004516,device
DEV0004517,device
DEV0004518,device
DEV0004519,device
DEV0004520,device
DEV0004521,device
DEV0004522,device
DEV0004523,device
DEV0004524,device
DEV0004525,device
DEV0004526,device
DEV0004527,device
DEV0004528,device
DEV0004529,device
DEV0004530,device
DEV0004531,device
DEV0004532,device
DEV0004533,device
DEV0004534,device
DEV0004535,device
DEV0004536,device
DEV0004537,device
DEV0004538,device
DEV0004539,device
DEV0004540,device
DEV0004541,device
DEV0004542,device
DEV0004543,device
DEV0004544,device
DEV0004545,device
DEV0004546,device
DEV0004547,device
DEV0004548,device
DEV0004549,device
DEV0004550,device
DEV0004551,device
DEV0004552,device
DEV0004553,device
DEV0004554,device
DEV0004555,device
DEV0004556,device
DEV0004557,device
DEV0004558,device
DEV0004559,device
DEV0004560,device
DEV0004561,device
DEV0004562,device
DEV0004563,device
DEV0004564,device
DEV0004565,device
DEV0004566,device
DEV0004567,device
DEV0004568,device
DEV0004569,device
DEV0004570,device
DEV0004571,device
DEV0004572,device
DEV0004573,device
DEV0004574,device
DEV0004575,device
DEV0004576,device
DEV0004577,device
DEV0004578,device
DEV0004579,device
DEV0004580,device
DEV0004581,device
DEV0004582,device
DEV0004583,device
DEV0004584,device
DEV0004585,device
DEV0004586,device
DEV0004587,device
DEV0004588,device
DEV0004589,device
DEV0004590,device
DEV0004591,device
DEV0004592,device
DEV0004593,device
DEV0004594,device
DEV0004595,device
DEV0004596,device
DEV0004597,device
DEV0004598,device
DEV0004599,device
DEV0004600,device
DEV0004601,device
DEV0004602,device
DEV0004603,device
DEV0004604,device
DEV0004605,device
DEV0004606,device
DEV0004607,device
DEV0004608,device
DEV0004609,device
DEV0004610,device
DEV0004611,device
DEV0004612,device
DEV0004613,device
DEV0004614,device
DEV0004615,device
DEV0004616,device
DEV0004617,device
DEV0004618,device
DEV0004619,device
DEV0004620,device
DEV0004621,device
DEV0004622,device
DEV0004623,device
DEV0004624,device
DEV0004625,device
DEV0004626,device
DEV0004627,device
DEV0004628,device
DEV0004629,device
DEV0004630,device
DEV0004631,device
DEV0004632,device
DEV0004633,device
DEV0004634,device
DEV0004635,device
DEV0004636,device
DEV0004637,device
DEV0004638,device
DEV0004639,device
DEV0004640,device
DEV0004641,device
DEV0004642,device
DEV0004643,device
DEV0004644,device
DEV0004645,device
DEV0004646,device
DEV0004647,device
DEV0004648,device
DEV0004649,device
DEV0004650,device
DEV0004651,device
DEV0004652,device
DEV0004653,device
DEV0004654,device
DEV0004655,device
DEV0004656,device
DEV0004657,device
DEV0004658,device
DEV0004659,device
DEV0004660,device
DEV0004661,device
DEV0004662,device
DEV0004663,device
DEV0004664,device
DEV0004665,device
DEV0004666,device
DEV0004667,device
DEV0004668,device
DEV0004669,device
DEV0004670,device
DEV0004671,device
DEV0004672,device
DEV0004673,device
DEV0004674,device
DEV0004675,device
DEV0004676,device
DEV0004677,device
DEV0004678,device
DEV0004679,device
DEV0004680,device
DEV0004681,device
DEV0004682,device
DEV0004683,device
DEV0004684,device
DEV0004685,device
DEV0004686,device
DEV0004687,device
DEV0004688,device
DEV0004689,device
DEV0004690,device
DEV0004691,device
DEV0004692,device
DEV0004693,device
DEV0004694,device
DEV0004695,device
DEV0004696,device
DEV0004697,device
DEV0004698,device
DEV0004699,device
DEV0004700,device
DEV0004701,device
DEV0004702,device
DEV0004703,device
DEV0004704,device
DEV0004705,device
DEV0004706,device
DEV0004707,device
DEV0004708,device
DEV0004709,device
DEV0004710,device
DEV0004711,device
DEV0004712,device
DEV0004713,device
DEV0004714,device
DEV0004715,device
DEV0004716,device
DEV0004717,device
DEV0004718,device
DEV0004719,device
DEV0004720,device
DEV0004721,device
DEV0004722,device
DEV0004723,device
DEV0004724,device
DEV0004725,device
DEV0004726,device
DEV0004727,device
DEV0004728,device
DEV0004729,device
DEV0004730,device
DEV0004731,device
DEV0004732,device
DEV0004733,device
DEV0004734,device
DEV0004735,device
DEV0004736,device
DEV0004737,device
DEV0004738,device
DEV0004739,device
DEV0004740,device
DEV0004741,device
DEV0004742,device
DEV0004743,device
DEV0004744,device
DEV0004745,device
DEV0004746,device
DEV0004747,device
DEV0004748,device
DEV0004749,device
DEV0004750,device
DEV0004751,device
DEV0004752,device
DEV0004753,device
DEV0004754,device
DEV0004755,device
DEV0004756,device
DEV0004757,device
DEV0004758,device
DEV0004759,device
DEV0004760,device
DEV0004761,device
DEV0004762,device
DEV0004763,device
DEV0004764,device
DEV0004765,device
DEV0004766,device
DEV0004767,device
DEV0004768,device
DEV0004769,device
DEV0004770,device
DEV0004771,device
DEV0004772,device
DEV0004773,device
DEV0004774,device
DEV0004775,device
DEV0004776,device
DEV0004777,device
DEV0004778,device
DEV0004779,device
DEV0004780,device
DEV0004781,device
DEV0004782,device
DEV0004783,device
DEV0004784,device
DEV0004785,device
DEV0004786,device
DEV0004787,device
DEV0004788,device
DEV0004789,device
DEV0004790,device
DEV0004791,device
DEV0004792,device
DEV0004793,device
DEV0004794,device
DEV0004795,device
DEV0004796,device
DEV0004797,device
DEV0004798,device
DEV0004799,device
DEV0004800,device
DEV0004801,device
DEV0004802,device
DEV0004803,device
DEV0004804,device
DEV0004805,device
DEV0004806,device
DEV0004807,device
DEV0004808,device
DEV0004809,device
DEV0004810,device
DEV0004811,device
DEV0004812,device
DEV0004813,device
DEV0004814,device
DEV0004815,device
DEV0004816,device
DEV0004817,device
DEV0004818,device
DEV0004819,device
DEV0004820,device
DEV0004821,device
DEV0004822,device
DEV0004823,device
DEV0004824,device
DEV0004825,device
DEV0004826,device
DEV0004827,device
DEV0004828,device
DEV0004829,device
DEV0004830,device
DEV0004831,device
DEV0004832,device
DEV0004833,device
DEV0004834,device
DEV0004835,device
DEV0004836,device
DEV0004837,device
DEV0004838,device
DEV0004839,device
DEV0004840,device
DEV0004841,device
DEV0004842,device
DEV0004843,device
DEV0004844,device
DEV0004845,device
DEV0004846,device
DEV0004847,device
DEV0004848,device
DEV0004849,device
DEV0004850,device
DEV0004851,device
DEV0004852,device
DEV0004853,device
DEV0004854,device
DEV0004855,device
DEV0004856,device
DEV0004857,device
DEV0004858,device
DEV0004859,device
DEV0004860,device
DEV0004861,device
DEV0004862,device
DEV0004863,device
DEV0004864,device
DEV0004865,device
DEV0004866,device
DEV0004867,device
DEV0004868,device
DEV0004869,device
DEV0004870,device
DEV0004871,device
DEV0004872,device
DEV0004873,device
DEV0004874,device
DEV0004875,device
DEV0004876,device
DEV0004877,device
DEV0004878,device
DEV0004879,device
DEV0004880,device
DEV0004881,device
DEV0004882,device
DEV0004883,device
DEV0004884,device
DEV0004885,device
DEV0004886,device
DEV0004887,device
DEV0004888,device
DEV0004889,device
DEV0004890,device
DEV0004891,device
DEV0004892,device
DEV0004893,device
DEV0004894,device
DEV0004895,device
DEV0004896,device
DEV0004897,device
DEV0004898,device
DEV0004899,device
DEV0004900,device
DEV0004901,device
DEV0004902,device
DEV0004903,device
DEV0004904,device
DEV0004905,device
DEV0004906,device
DEV0004907,device
DEV0004908,device
DEV0004909,device
DEV0004910,device
DEV0004911,device
DEV0004912,device
DEV0004913,device
DEV0004914,device
DEV0004915,device
DEV0004916,device
DEV0004917,device
DEV0004918,device
DEV0004919,device
DEV0004920,device
DEV0004921,device
DEV0004922,device
DEV0004923,device
DEV0004924,device
DEV0004925,device
DEV0004926,device
DEV0004927,device
DEV0004928,device
DEV0004929,device
DEV0004930,device
DEV0004931,device
DEV0004932,device
DEV0004933,device
DEV0004934,device
DEV0004935,device
DEV0004936,device
DEV0004937,device
DEV0004938,device
DEV0004939,device
DEV0004940,device
DEV0004941,device
DEV0004942,device
DEV0004943,device
DEV0004944,device
DEV0004945,device
DEV0004946,device
DEV0004947,device
DEV0004948,device
DEV0004949,device
DEV0004950,device
DEV0004951,device
DEV0004952,device
DEV0004953,device
DEV0004954,device
DEV0004955,device
DEV0004956,device
DEV0004957,device
DEV0004958,device
DEV0004959,device
DEV0004960,device
DEV0004961,device
DEV0004962,device
DEV0004963,device
DEV0004964,device
DEV0004965,device
DEV0004966,device
DEV0004967,device
DEV0004968,device
DEV0004969,device
DEV0004970,device
DEV0004971,device
DEV0004972,device
DEV0004973,device
DEV0004974,device
DEV0004975,device
DEV0004976,device
DEV0004977,device
DEV0004978,device
DEV0004979,device
DEV0004980,device
DEV0004981,device
DEV0004982,device
DEV0004983,device
DEV0004984,device
DEV0004985,device
DEV0004986,device
DEV0004987,device
DEV0004988,device
DEV0004989,device
DEV0004990,device
DEV0004991,device
DEV0004992,device
DEV0004993,device
DEV0004994,device
DEV0004995,device
DEV0004996,device
DEV0004997,device
DEV0004998,device
DEV0004999,device
DEV_UPGRADE000000,device
DEV_UPGRADE000001,device
DEV_UPGRADE000002,device
DEV_UPGRADE000003,device
DEV_UPGRADE000004,device
DEV_UPGRADE000005,device
DEV_UPGRADE000006,device
DEV_UPGRADE000007,device
DEV_UPGRADE000008,device
DEV_UPGRADE000009,device
DEV_UPGRADE000010,device
DEV_UPGRADE000011,device
DEV_UPGRADE000012,device
DEV_UPGRADE000013,device
DEV_UPGRADE000014,device
DEV_UPGRADE000015,device
DEV_UPGRADE000016,device
DEV_UPGRADE000017,device
DEV_UPGRADE000018,device
DEV_UPGRADE000019,device
DEV_UPGRADE000020,device
DEV_UPGRADE000021,device
DEV_UPGRADE000022,device
DEV_UPGRADE000023,device
DEV_UPGRADE000024,device
DEV_UPGRADE000025,device
DEV_UPGRADE000026,device
DEV_UPGRADE000027,device
DEV_UPGRADE000028,device
DEV_UPGRADE000029,device
DEV_UPGRADE000030,device
DEV_UPGRADE000031,device
DEV_UPGRADE000032,device
DEV_UPGRADE000033,device
DEV_UPGRADE000034,device
DEV_UPGRADE000035,device
DEV_UPGRADE000036,device
DEV_UPGRADE000037,device
DEV_UPGRADE000038,device
DEV_UPGRADE000039,device
DEV_UPGRADE000040,device
DEV_UPGRADE000041,device
DEV_UPGRADE000042,device
DEV_UPGRADE000043,device
DEV_UPGRADE000044,device
DEV_UPGRADE000045,device
DEV_UPGRADE000046,device
DEV_UPGRADE000047,device
DEV_UPGRADE000048,device
DEV_UPGRADE000049,device
DEV_UPGRADE000050,device
DEV_UPGRADE000051,device
DEV_UPGRADE000052,device
DEV_UPGRADE000053,device
DEV_UPGRADE000054,device
DEV_UPGRADE000055,device
DEV_UPGRADE000056,device
DEV_UPGRADE000057,device
DEV_UPGRADE000058,device
DEV_UPGRADE000059,device
DEV_UPGRADE000060,device
DEV_UPGRADE000061,device
DEV_UPGRADE000062,device
DEV_UPGRADE000063,device
DEV_UPGRADE000064,device
DEV_UPGRADE000065,device
DEV_UPGRADE000066,device
DEV_UPGRADE000067,device
DEV_UPGRADE000068,device
DEV_UPGRADE000069,device
DEV_UPGRADE000070,device
DEV_UPGRADE000071,device
DEV_UPGRADE000072,device
DEV_UPGRADE000073,device
DEV_UPGRADE000074,device
DEV_UPGRADE000075,device
DEV_UPGRADE000076,device
DEV_UPGRADE000077,device
DEV_UPGRADE000078,device
DEV_UPGRADE000079,device
DEV_UPGRADE000080,device
DEV_UPGRADE000081,device
DEV_UPGRADE000082,device
DEV_UPGRADE000083,device
DEV_UPGRADE000084,device
DEV_UPGRADE000085,device
DEV_UPGRADE000086,device
DEV_UPGRADE000087,device
DEV_UPGRADE000088,device
DEV_UPGRADE000089,device
DEV_UPGRADE000090,device
DEV_UPGRADE000091,device
DEV_UPGRADE000092,device
DEV_UPGRADE000093,device
DEV_UPGRADE000094,device
DEV_UPGRADE000095,device
DEV_UPGRADE000096,device
DEV_UPGRADE000097,device
DEV_UPGRADE000098,device
DEV_UPGRADE000099,device
DEV_UPGRADE000100,device
DEV_UPGRADE000101,device
DEV_UPGRADE000102,device
DEV_UPGRADE000103,device
DEV_UPGRADE000104,device
DEV_UPGRADE000105,device
DEV_UPGRADE000106,device
DEV_UPGRADE000107,device
DEV_UPGRADE000108,device
DEV_UPGRADE000109,device
DEV_UPGRADE000110,device
DEV_UPGRADE000111,device
DEV_UPGRADE000112,device
DEV_UPGRADE000113,device
DEV_UPGRADE000114,device
DEV_UPGRADE000115,device
DEV_UPGRADE000116,device
DEV_UPGRADE000117,device
DEV_UPGRADE000118,device
DEV_UPGRADE000119,device
DEV_UPGRADE000120,device
DEV_UPGRADE000121,device
DEV_UPGRADE000122,device
DEV_UPGRADE000123,device
DEV_UPGRADE000124,device
DEV_UPGRADE000125,device
DEV_UPGRADE000126,device
DEV_UPGRADE000127,device
DEV_UPGRADE000128,device
DEV_UPGRADE000129,device
DEV_UPGRADE000130,device
DEV_UPGRADE000131,device
DEV_UPGRADE000132,device
DEV_UPGRADE000133,device
DEV_UPGRADE000134,device
DEV_UPGRADE000135,device
DEV_UPGRADE000136,device
DEV_UPGRADE000137,device
DEV_UPGRADE000138,device
DEV_UPGRADE000139,device
DEV_UPGRADE000140,device
DEV_UPGRADE000141,device
DEV_UPGRADE000142,device
DEV_UPGRADE000143,device
DEV_UPGRADE000144,device
DEV_UPGRADE000145,device
DEV_UPGRADE000146,device
DEV_UPGRADE000147,device
DEV_UPGRADE000148,device
DEV_UPGRADE000149,device
DEV_UPGRADE000150,device
DEV_UPGRADE000151,device
DEV_UPGRADE000152,device
DEV_UPGRADE000153,device
DEV_UPGRADE000154,device
DEV_UPGRADE000155,device
DEV_UPGRADE000156,device
DEV_UPGRADE000157,device
DEV_UPGRADE000158,device
DEV_UPGRADE000159,device
DEV_UPGRADE000160,device
DEV_UPGRADE000161,device
DEV_UPGRADE000162,device
DEV_UPGRADE000163,device
DEV_UPGRADE000164,device
DEV_UPGRADE000165,device
DEV_UPGRADE000166,device
DEV_UPGRADE000167,device
DEV_UPGRADE000168,device
DEV_UPGRADE000169,device
DEV_UPGRADE000170,device
DEV_UPGRADE000171,device
DEV_UPGRADE000172,device
DEV_UPGRADE000173,device
DEV_UPGRADE000174,device
DEV_UPGRADE000175,device
DEV_UPGRADE000176,device
DEV_UPGRADE000177,device
DEV_UPGRADE000178,device
DEV_UPGRADE000179,device
DEV_UPGRADE000180,device
DEV_UPGRADE000181,device
DEV_UPGRADE000182,device
DEV_UPGRADE000183,device
DEV_UPGRADE000184,device
DEV_UPGRADE000185,device
DEV_UPGRADE000186,device
DEV_UPGRADE000187,device
DEV_UPGRADE000188,device
DEV_UPGRADE000189,device
DEV_UPGRADE000190,device
DEV_UPGRADE000191,device
DEV_UPGRADE000192,device
DEV_UPGRADE000193,device
DEV_UPGRADE000194,device
DEV_UPGRADE000195,device
DEV_UPGRADE000196,device
DEV_UPGRADE000197,device
DEV_UPGRADE000198,device
DEV_UPGRADE000199,device
DEV_UPGRADE000200,device
DEV_UPGRADE000201,device
DEV_UPGRADE000202,device
DEV_UPGRADE000203,device
DEV_UPGRADE000204,device
DEV_UPGRADE000205,device
DEV_UPGRADE000206,device
DEV_UPGRADE000207,device
DEV_UPGRADE000208,device
DEV_UPGRADE000209,device
DEV_UPGRADE000210,device
DEV_UPGRADE000211,device
DEV_UPGRADE000212,device
DEV_UPGRADE000213,device
DEV_UPGRADE000214,device
DEV_UPGRADE000215,device
DEV_UPGRADE000216,device
DEV_UPGRADE000217,device
DEV_UPGRADE000218,device
DEV_UPGRADE000219,device
DEV_UPGRADE000220,device
DEV_UPGRADE000221,device
DEV_UPGRADE000222,device
DEV_UPGRADE000223,device
DEV_UPGRADE000224,device
DEV_UPGRADE000225,device
DEV_UPGRADE000226,device
DEV_UPGRADE000227,device
DEV_UPGRADE000228,device
DEV_UPGRADE000229,device
DEV_UPGRADE000230,device
DEV_UPGRADE000231,device
DEV_UPGRADE000232,device
DEV_UPGRADE000233,device
DEV_UPGRADE000234,device
DEV_UPGRADE000235,device
DEV_UPGRADE000236,device
DEV_UPGRADE000237,device
DEV_UPGRADE000238,device
DEV_UPGRADE000239,device
DEV_UPGRADE000240,device
DEV_UPGRADE000241,device
DEV_UPGRADE000242,device
DEV_UPGRADE000243,device
DEV_UPGRADE000244,device
DEV_UPGRADE000245,device
DEV_UPGRADE000246,device
DEV_UPGRADE000247,device
DEV_UPGRADE000248,device
DEV_UPGRADE000249,device
DEV_UPGRADE000250,device
DEV_UPGRADE000251,device
DEV_UPGRADE000252,device
DEV_UPGRADE000253,device
DEV_UPGRADE000254,device
DEV_UPGRADE000255,device
DEV_UPGRADE000256,device
DEV_UPGRADE000257,device
DEV_UPGRADE000258,device
DEV_UPGRADE000259,device
DEV_UPGRADE000260,device
DEV_UPGRADE000261,device
DEV_UPGRADE000262,device
DEV_UPGRADE000263,device
DEV_UPGRADE000264,device
DEV_UPGRADE000265,device
DEV_UPGRADE000266,device
DEV_UPGRADE000267,device
DEV_UPGRADE000268,device
DEV_UPGRADE000269,device
DEV_UPGRADE000270,device
DEV_UPGRADE000271,device
DEV_UPGRADE000272,device
DEV_UPGRADE000273,device
DEV_UPGRADE000274,device
DEV_UPGRADE000275,device
DEV_UPGRADE000276,device
DEV_UPGRADE000277,device
DEV_UPGRADE000278,device
DEV_UPGRADE000279,device
DEV_UPGRADE000280,device
DEV_UPGRADE000281,device
DEV_UPGRADE000282,device
DEV_UPGRADE000283,device
DEV_UPGRADE000284,device
DEV_UPGRADE000285,device
DEV_UPGRADE000286,device
DEV_UPGRADE000287,device
DEV_UPGRADE000288,device
DEV_UPGRADE000289,device
DEV_UPGRADE000290,device
DEV_UPGRADE000291,device
DEV_UPGRADE000292,device
DEV_UPGRADE000293,device
DEV_UPGRADE000294,device
DEV_UPGRADE000295,device
DEV_UPGRADE000296,device
DEV_UPGRADE000297,device
DEV_UPGRADE000298,device
DEV_UPGRADE000299,device
DEV_FRAUD391209,device
DEV_FRAUD391211,device
DEV_FRAUD391213,device
DEV_FRAUD391221,device
DEV_FRAUD391224,device
DEV_FRAUD391227,device
DEV_FRAUD391232,device
DEV_FRAUD391240,device
DEV_FRAUD391248,device
DEV_FRAUD391254,device
DEV_FRAUD391256,device
DEV_FRAUD391259,device
DEV_FRAUD391262,device
DEV_FRAUD391264,device
DEV_FRAUD391267,device
DEV_FRAUD391269,device
DEV_FRAUD391274,device
DEV_FRAUD391277,device
DEV_FRAUD391280,device
DEV_FRAUD391286,device
DEV_FRAUD391291,device
DEV_FRAUD391294,device
DEV_FRAUD391297,device
DEV_FRAUD391300,device
DEV_FRAUD391302,device
DEV_FRAUD391304,device
DEV_FRAUD391307,device
DEV_FRAUD391309,device
DEV_FRAUD391314,device
DEV_FRAUD391322,device
DEV_FRAUD391324,device
DEV_FRAUD391327,device
DEV_FRAUD391329,device
DEV_FRAUD391332,device
DEV_FRAUD391335,device
DEV_FRAUD391337,device
DEV_FRAUD391342,device
DEV_FRAUD391348,device
DEV_FRAUD391356,device
DEV_FRAUD391362,device
DEV_FRAUD391367,device
DEV_FRAUD391369,device
DEV_FRAUD391372,device
DEV_FRAUD391374,device
DEV_FRAUD391392,device
DEV_FRAUD391397,device
DEV_FRAUD391399,device
DEV_FRAUD391402,device
DEV_FRAUD391404,device
DEV_FRAUD391406,device
DEV_FRAUD391410,device
DEV_FRAUD391417,device
DEV_FRAUD391420,device
DEV_FRAUD391423,device
DEV_FRAUD391429,device
DEV_FRAUD391436,device
DEV_FRAUD391439,device
DEV_FRAUD391450,device
DEV_FRAUD391453,device
DEV_FRAUD391458,device
DEV_FRAUD391461,device
DEV_FRAUD391466,device
DEV_FRAUD391468,device
DEV_FRAUD391474,device
DEV_FRAUD391476,device
DEV_FRAUD391479,device
DEV_FRAUD391481,device
DEV_FRAUD391484,device
DEV_FRAUD391487,device
DEV_FRAUD391490,device
DEV_FRAUD391496,device
DEV_FRAUD391502,device
DEV_FRAUD391504,device
DEV_FRAUD391507,device
DEV_FRAUD391515,device
DEV_FRAUD391517,device
DEV_FRAUD391519,device
DEV_FRAUD391521,device
DEV_FRAUD391524,device
DEV_FRAUD391528,device
DEV_FRAUD391530,device
DEV_FRAUD391536,device
DEV_FRAUD391544,device
DEV_FRAUD391548,device
DEV_FRAUD391550,device
DEV_FRAUD391552,device
DEV_FRAUD391557,device
DEV_FRAUD391561,device
DEV_FRAUD391568,device
DEV_FRAUD391571,device
DEV_FRAUD391575,device
DEV_FRAUD391580,device
DEV_FRAUD391582,device
DEV_FRAUD391589,device
DEV_FRAUD391592,device
DEV_FRAUD391597,device
DEV_FRAUD391599,device
DEV_FRAUD391601,device
DEV_FRAUD391603,device
DEV_FRAUD391605,device
DEV_FRAUD391616,device
DEV_FRAUD391619,device
DEV_FRAUD391622,device
DEV_FRAUD391624,device
DEV_FRAUD391626,device
DEV_FRAUD391629,device
DEV_FRAUD391635,device
DEV_FRAUD391638,device
DEV_FRAUD391640,device
DEV_FRAUD391644,device
DEV_FRAUD391648,device
DEV_FRAUD391651,device
DEV_FRAUD391656,device
DEV_FRAUD391660,device
DEV_FRAUD391662,device
DEV_FRAUD391669,device
DEV_FRAUD391672,device
DEV_FRAUD391674,device
DEV_FRAUD391679,device
DEV_FRAUD391682,device
DEV_FRAUD391684,device
DEV_FRAUD391686,device
DEV_FRAUD391692,device
DEV_FRAUD391695,device
DEV_FRAUD391697,device
DEV_FRAUD391700,device
DEV_FRAUD391706,device
DEV_FRAUD391711,device
DEV_FRAUD391722,device
DEV_FRAUD391724,device
DEV_FRAUD391727,device
DEV_FRAUD391730,device
DEV_FRAUD391733,device
DEV_FRAUD391735,device
DEV_FRAUD391741,device
DEV_FRAUD391747,device
DEV_FRAUD391749,device
DEV_FRAUD391751,device
DEV_FRAUD391754,device
DEV_FRAUD391756,device
DEV_FRAUD391761,device
DEV_FRAUD391764,device
DEV_FRAUD391767,device
DEV_FRAUD391772,device
DEV_FRAUD391775,device
DEV_FRAUD391780,device
DEV_FRAUD391782,device
DEV_FRAUD391784,device
DEV_FRAUD391787,device
DEV_FRAUD391793,device
DEV_FRAUD391798,device
DEV_FRAUD391804,device
DEV_FRAUD391807,device
DEV_FRAUD391812,device
DEV_FRAUD391827,device
DEV_FRAUD391831,device
DEV_FRAUD391836,device
DEV_FRAUD391839,device
DEV_FRAUD391846,device
DEV_FRAUD391851,device
DEV_FRAUD391856,device
DEV_FRAUD391858,device
DEV_FRAUD391860,device
DEV_FRAUD391862,device
DEV_FRAUD391875,device
DEV_FRAUD391885,device
DEV_FRAUD391887,device
DEV_FRAUD391894,device
DEV_FRAUD391901,device
DEV_FRAUD391907,device
DEV_FRAUD391909,device
DEV_FRAUD391912,device
DEV_FRAUD391914,device
DEV_FRAUD391919,device
DEV_FRAUD391922,device
DEV_FRAUD391925,device
DEV_FRAUD391927,device
DEV_FRAUD391933,device
DEV_FRAUD391936,device
DEV_FRAUD391938,device
DEV_FRAUD391941,device
DEV_FRAUD391946,device
DEV_FRAUD391948,device
DEV_FRAUD391950,device
DEV_FRAUD391956,device
DEV_FRAUD391959,device
DEV_FRAUD391961,device
DEV_FRAUD391963,device
DEV_FRAUD391965,device
DEV_FRAUD391968,device
DEV_FRAUD391972,device
DEV_FRAUD391975,device
DEV_FRAUD391977,device
DEV_FRAUD391979,device
DEV_FRAUD391985,device
DEV_FRAUD391989,device
DEV_FRAUD392003,device
DEV_FRAUD392006,device
DEV_FRAUD392008,device
DEV_FRAUD392017,device
DEV_FRAUD392020,device
DEV_FRAUD392030,device
DEV_FRAUD392033,device
DEV_FRAUD392035,device
DEV_FRAUD392037,device
DEV_FRAUD392041,device
DEV_FRAUD392046,device
DEV_FRAUD392052,device
DEV_FRAUD392055,device
DEV_FRAUD392058,device
DEV_FRAUD392060,device
DEV_FRAUD392062,device
DEV_FRAUD392064,device
DEV_FRAUD392073,device
DEV_FRAUD392075,device
DEV_FRAUD392078,device
DEV_FRAUD392083,device
DEV_FRAUD392090,device
DEV_FRAUD392093,device
DEV_FRAUD392099,device
DEV_FRAUD392101,device
DEV_FRAUD392109,device
DEV_FRAUD392120,device
DEV_FRAUD392122,device
DEV_FRAUD392129,device
DEV_FRAUD392134,device
DEV_FRAUD392137,device
DEV_FRAUD392144,device
DEV_FRAUD392147,device
DEV_FRAUD392152,device
DEV_FRAUD392156,device
DEV_FRAUD392159,device
DEV_FRAUD392161,device
DEV_FRAUD392164,device
DEV_FRAUD392166,device
DEV_FRAUD392171,device
DEV_FRAUD392175,device
DEV_FRAUD392177,device
DEV_FRAUD392180,device
DEV_FRAUD392189,device
DEV_FRAUD392195,device
DEV_FRAUD392201,device
DEV_FRAUD392203,device
DEV_FRAUD392207,device
DEV_FRAUD392216,device
DEV_FRAUD392218,device
DEV_FRAUD392220,device
DEV_FRAUD392227,device
DEV_FRAUD392229,device
DEV_FRAUD392234,device
DEV_FRAUD392236,device
DEV_FRAUD392243,device
DEV_FRAUD392248,device
DEV_FRAUD392251,device
DEV_FRAUD392256,device
DEV_FRAUD392258,device
DEV_FRAUD392263,device
DEV_FRAUD392270,device
DEV_FRAUD392277,device
DEV_FRAUD392281,device
DEV_FRAUD392287,device
DEV_FRAUD392289,device
DEV_FRAUD392292,device
DEV_FRAUD392295,device
DEV_FRAUD392298,device
DEV_FRAUD392303,device
DEV_FRAUD392321,device
DEV_FRAUD392326,device
DEV_FRAUD392336,device
DEV_FRAUD392339,device
DEV_FRAUD392341,device
DEV_FRAUD392344,device
DEV_FRAUD392347,device
DEV_FRAUD392353,device
DEV_FRAUD392361,device
DEV_FRAUD392363,device
DEV_FRAUD392367,device
DEV_FRAUD392370,device
DEV_FRAUD392375,device
DEV_FRAUD392379,device
DEV_FRAUD392382,device
DEV_FRAUD392384,device
DEV_FRAUD392386,device
DEV_FRAUD392389,device
DEV_FRAUD392394,device
DEV_FRAUD392397,device
DEV_FRAUD392402,device
DEV_FRAUD392408,device
DEV_FRAUD392417,device
DEV_FRAUD392420,device
DEV_FRAUD392426,device
DEV_FRAUD392433,device
DEV_FRAUD392436,device
DEV_FRAUD392439,device
DEV_FRAUD392444,device
DEV_FRAUD392446,device
DEV_FRAUD392451,device
DEV_FRAUD392453,device
DEV_FRAUD392455,device
DEV_FRAUD392458,device
DEV_FRAUD392461,device
DEV_FRAUD392468,device
DEV_FRAUD392481,device
DEV_FRAUD392484,device
DEV_FRAUD392487,device
DEV_FRAUD392502,device
DEV_FRAUD392507,device
DEV_FRAUD392521,device
DEV_FRAUD392526,device
DEV_FRAUD392531,device
DEV_FRAUD392536,device
DEV_FRAUD392544,device
DEV_FRAUD392551,device
DEV_FRAUD392553,device
DEV_FRAUD392556,device
DEV_FRAUD392562,device
DEV_FRAUD392567,device
DEV_FRAUD392569,device
DEV_FRAUD392571,device
DEV_FRAUD392580,device
DEV_FRAUD392583,device
DEV_FRAUD392586,device
DEV_FRAUD392591,device
DEV_FRAUD392593,device
DEV_FRAUD392598,device
DEV_FRAUD392603,device
DEV_FRAUD392606,device
DEV_FRAUD392617,device
DEV_FRAUD392625,device
DEV_FRAUD392630,device
DEV_FRAUD392638,device
DEV_FRAUD392644,device
DEV_FRAUD392646,device
DEV_FRAUD392648,device
DEV_FRAUD392650,device
DEV_FRAUD392653,device
DEV_FRAUD392655,device
DEV_FRAUD392663,device
DEV_FRAUD392669,device
DEV_FRAUD392673,device
DEV_FRAUD392677,device
DEV_FRAUD392680,device
DEV_FRAUD392683,device
DEV_FRAUD392686,device
DEV_FRAUD392692,device
DEV_FRAUD392695,device
DEV_FRAUD392698,device
DEV_FRAUD392702,device
DEV_FRAUD392705,device
DEV_FRAUD392708,device
DEV_FRAUD392717,device
DEV_FRAUD392720,device
DEV_FRAUD392723,device
DEV_FRAUD392735,device
DEV_FRAUD392738,device
DEV_FRAUD392742,device
DEV_FRAUD392752,device
DEV_FRAUD392763,device
DEV_FRAUD392771,device
DEV_FRAUD392776,device
DEV_FRAUD392779,device
DEV_FRAUD392781,device
DEV_FRAUD392786,device
DEV_FRAUD392790,device
DEV_FRAUD392799,device
DEV_FRAUD392801,device
DEV_FRAUD392808,device
DEV_FRAUD392816,device
DEV_FRAUD392818,device
DEV_FRAUD392821,device
DEV_FRAUD392823,device
DEV_FRAUD392825,device
DEV_FRAUD392828,device
DEV_FRAUD392830,device
DEV_FRAUD392833,device
DEV_FRAUD392837,device
DEV_FRAUD392840,device
DEV_FRAUD392843,device
DEV_FRAUD392846,device
DEV_FRAUD392849,device
DEV_FRAUD392851,device
DEV_FRAUD392853,device
DEV_FRAUD392856,device
DEV_FRAUD392860,device
DEV_FRAUD392863,device
DEV_FRAUD392866,device
DEV_FRAUD392875,device
DEV_FRAUD392892,device
DEV_FRAUD392894,device
DEV_FRAUD392899,device
DEV_FRAUD392903,device
DEV_FRAUD392911,device
DEV_FRAUD392923,device
DEV_FRAUD392927,device
DEV_FRAUD392929,device
DEV_FRAUD392937,device
DEV_FRAUD392942,device
DEV_FRAUD392954,device
DEV_FRAUD392959,device
DEV_FRAUD392962,device
DEV_FRAUD392964,device
DEV_FRAUD392966,device
DEV_FRAUD392969,device
DEV_FRAUD392971,device
DEV_FRAUD392978,device
DEV_FRAUD392980,device
DEV_FRAUD392984,device
DEV_FRAUD392986,device
DEV_FRAUD392990,device
DEV_FRAUD392993,device
DEV_FRAUD392997,device
DEV_FRAUD393004,device
DEV_SIMFRAUD393006,device
DEV_SIMFRAUD393007,device
DEV_SIMFRAUD393008,device
DEV_SIMFRAUD393009,device
DEV_SIMFRAUD393010,device
DEV_SIMFRAUD393011,device
DEV_SIMFRAUD393012,device
DEV_SIMFRAUD393013,device
DEV_SIMFRAUD393014,device
DEV_SIMFRAUD393015,device
DEV_SIMFRAUD393018,device
DEV_SIMFRAUD393019,device
DEV_SIMFRAUD393023,device
DEV_SIMFRAUD393024,device
DEV_SIMFRAUD393026,device
DEV_SIMFRAUD393027,device
DEV_SIMFRAUD393028,device
DEV_SIMFRAUD393029,device
DEV_SIMFRAUD393030,device
DEV_SIMFRAUD393033,device
DEV_SIMFRAUD393034,device
DEV_SIMFRAUD393036,device
DEV_SIMFRAUD393037,device
DEV_SIMFRAUD393038,device
DEV_SIMFRAUD393039,device
DEV_SIMFRAUD393040,device
DEV_SIMFRAUD393041,device
DEV_SIMFRAUD393042,device
DEV_SIMFRAUD393043,device
DEV_SIMFRAUD393044,device
DEV_SIMFRAUD393046,device
DEV_SIMFRAUD393047,device
DEV_SIMFRAUD393048,device
DEV_SIMFRAUD393049,device
DEV_SIMFRAUD393051,device
DEV_SIMFRAUD393052,device
DEV_SIMFRAUD393053,device
DEV_SIMFRAUD393054,device
DEV_SIMFRAUD393056,device
DEV_SIMFRAUD393057,device
DEV_SIMFRAUD393061,device
DEV_SIMFRAUD393062,device
DEV_SIMFRAUD393063,device
DEV_SIMFRAUD393064,device
DEV_SIMFRAUD393066,device
DEV_SIMFRAUD393068,device
DEV_SIMFRAUD393070,device
DEV_SIMFRAUD393071,device
DEV_SIMFRAUD393072,device
DEV_SIMFRAUD393073,device
DEV_SIMFRAUD393074,device
DEV_SIMFRAUD393075,device
DEV_SIMFRAUD393076,device
DEV_SIMFRAUD393077,device
DEV_SIMFRAUD393078,device
DEV_SIMFRAUD393079,device
DEV_SIMFRAUD393081,device
DEV_SIMFRAUD393083,device
DEV_SIMFRAUD393084,device
DEV_SIMFRAUD393085,device
DEV_SIMFRAUD393086,device
DEV_SIMFRAUD393087,device
DEV_SIMFRAUD393088,device
DEV_SIMFRAUD393089,device
DEV_SIMFRAUD393090,device
DEV_SIMFRAUD393092,device
DEV_SIMFRAUD393093,device
DEV_SIMFRAUD393094,device
DEV_SIMFRAUD393095,device
DEV_SIMFRAUD393096,device
DEV_SIMFRAUD393097,device
DEV_SIMFRAUD393099,device
DEV_SIMFRAUD393102,device
DEV_SIMFRAUD393103,device
DEV_SIMFRAUD393105,device
DEV_SIMFRAUD393106,device
DEV_SIMFRAUD393109,device
DEV_SIMFRAUD393110,device
DEV_SIMFRAUD393112,device
DEV_SIMFRAUD393114,device
DEV_SIMFRAUD393115,device
DEV_SIMFRAUD393116,device
DEV_SIMFRAUD393117,device
DEV_SIMFRAUD393118,device
DEV_SIMFRAUD393119,device
DEV_SIMFRAUD393120,device
DEV_SIMFRAUD393121,device
DEV_SIMFRAUD393124,device
DEV_SIMFRAUD393126,device
DEV_SIMFRAUD393128,device
DEV_SIMFRAUD393131,device
DEV_SIMFRAUD393132,device
DEV_SIMFRAUD393134,device
DEV_SIMFRAUD393135,device
DEV_SIMFRAUD393136,device
DEV_SIMFRAUD393137,device
DEV_SIMFRAUD393138,device
DEV_SIMFRAUD393139,device
DEV_SIMFRAUD393140,device
DEV_SIMFRAUD393141,device
DEV_SIMFRAUD393142,device
DEV_SIMFRAUD393145,device
DEV_SIMFRAUD393146,device
DEV_SIMFRAUD393149,device
DEV_SIMFRAUD393150,device
DEV_SIMFRAUD393151,device
DEV_SIMFRAUD393152,device
DEV_SIMFRAUD393153,device
DEV_SIMFRAUD393154,device
DEV_SIMFRAUD393156,device
DEV_SIMFRAUD393157,device
DEV_SIMFRAUD393158,device
DEV_SIMFRAUD393159,device
DEV_SIMFRAUD393160,device
DEV_SIMFRAUD393162,device
DEV_SIMFRAUD393163,device
DEV_SIMFRAUD393164,device
DEV_SIMFRAUD393165,device
DEV_SIMFRAUD393166,device
DEV_SIMFRAUD393167,device
DEV_SIMFRAUD393169,device
DEV_SIMFRAUD393171,device
DEV_SIMFRAUD393172,device
DEV_SIMFRAUD393174,device
DEV_SIMFRAUD393175,device
DEV_SIMFRAUD393176,device
DEV_SIMFRAUD393179,device
DEV_SIMFRAUD393180,device
DEV_SIMFRAUD393181,device
DEV_SIMFRAUD393183,device
DEV_SIMFRAUD393184,device
DEV_SIMFRAUD393187,device
DEV_SIMFRAUD393188,device
DEV_SIMFRAUD393190,device
DEV_SIMFRAUD393192,device
DEV_SIMFRAUD393193,device
DEV_SIMFRAUD393194,device
DEV_SIMFRAUD393195,device
DEV_SIMFRAUD393197,device
DEV_SIMFRAUD393199,device
DEV_SIMFRAUD393201,device
DEV_SIMFRAUD393203,device
DEV_SIMFRAUD393204,device
DEV_SIMFRAUD393205,device
DEV_SIMFRAUD393206,device
DEV_SIMFRAUD393207,device
DEV_SIMFRAUD393208,device
DEV_SIMFRAUD393209,device
DEV_SIMFRAUD393210,device
DEV_SIMFRAUD393211,device
DEV_SIMFRAUD393212,device
DEV_SIMFRAUD393213,device
DEV_SIMFRAUD393214,device
DEV_SIMFRAUD393215,device
DEV_SIMFRAUD393216,device
DEV_SIMFRAUD393217,device
DEV_SIMFRAUD393218,device
DEV_SIMFRAUD393219,device
DEV_SIMFRAUD393220,device
DEV_SIMFRAUD393221,device
DEV_SIMFRAUD393222,device
DEV_SIMFRAUD393223,device
DEV_SIMFRAUD393224,device
DEV_SIMFRAUD393225,device
DEV_SIMFRAUD393226,device
DEV_SIMFRAUD393227,device
DEV_SIMFRAUD393228,device
DEV_SIMFRAUD393229,device
DEV_SIMFRAUD393230,device
DEV_SIMFRAUD393231,device
DEV_SIMFRAUD393233,device
DEV_SIMFRAUD393234,device
DEV_SIMFRAUD393235,device
DEV_SIMFRAUD393236,device
DEV_SIMFRAUD393237,device
DEV_SIMFRAUD393238,device
DEV_SIMFRAUD393239,device
DEV_SIMFRAUD393241,device
DEV_SIMFRAUD393242,device
DEV_SIMFRAUD393243,device
DEV_SIMFRAUD393244,device
DEV_SIMFRAUD393245,device
DEV_SIMFRAUD393246,device
DEV_SIMFRAUD393247,device
DEV_SIMFRAUD393249,device
DEV_SIMFRAUD393250,device
DEV_SIMFRAUD393253,device
DEV_SIMFRAUD393256,device
DEV_SIMFRAUD393257,device
DEV_SIMFRAUD393259,device
DEV_SIMFRAUD393261,device
DEV_SIMFRAUD393262,device
DEV_SIMFRAUD393263,device
DEV_SIMFRAUD393264,device
DEV_SIMFRAUD393265,device
DEV_SIMFRAUD393266,device
DEV_SIMFRAUD393267,device
DEV_SIMFRAUD393270,device
DEV_SIMFRAUD393271,device
DEV_SIMFRAUD393273,device
DEV_SIMFRAUD393274,device
DEV_SIMFRAUD393276,device
DEV_SIMFRAUD393277,device
DEV_SIMFRAUD393278,device
DEV_SIMFRAUD393279,device
DEV_SIMFRAUD393280,device
DEV_SIMFRAUD393281,device
DEV_SIMFRAUD393282,device
DEV_SIMFRAUD393283,device
DEV_SIMFRAUD393284,device
DEV_SIMFRAUD393286,device
DEV_SIMFRAUD393287,device
DEV_SIMFRAUD393288,device
DEV_SIMFRAUD393289,device
DEV_SIMFRAUD393290,device
DEV_SIMFRAUD393291,device
DEV_SIMFRAUD393293,device
DEV_SIMFRAUD393294,device
DEV_SIMFRAUD393295,device
DEV_SIMFRAUD393296,device
DEV_SIMFRAUD393297,device
DEV_SIMFRAUD393298,device
DEV_SIMFRAUD393299,device
DEV_SIMFRAUD393301,device
DEV_SIMFRAUD393303,device
DEV_SIMFRAUD393304,device
DEV_SIMFRAUD393305,device
DEV_SIMFRAUD393307,device
DEV_SIMFRAUD393308,device
DEV_SIMFRAUD393310,device
DEV_SIMFRAUD393311,device
DEV_SIMFRAUD393312,device
DEV_SIMFRAUD393314,device
DEV_SIMFRAUD393316,device
DEV_SIMFRAUD393318,device
DEV_SIMFRAUD393320,device
DEV_SIMFRAUD393321,device
DEV_SIMFRAUD393322,device
DEV_SIMFRAUD393323,device
DEV_SIMFRAUD393324,device
DEV_SIMFRAUD393327,device
DEV_SIMFRAUD393329,device
DEV_SIMFRAUD393330,device
DEV_SIMFRAUD393331,device
DEV_SIMFRAUD393332,device
DEV_SIMFRAUD393334,device
DEV_SIMFRAUD393336,device
DEV_SIMFRAUD393338,device
DEV_SIMFRAUD393339,device
DEV_SIMFRAUD393340,device
DEV_SIMFRAUD393342,device
DEV_SIMFRAUD393344,device
DEV_SIMFRAUD393346,device
DEV_SIMFRAUD393347,device
DEV_SIMFRAUD393348,device
DEV_SIMFRAUD393349,device
DEV_SIMFRAUD393350,device
DEV_SIMFRAUD393351,device
DEV_SIMFRAUD393352,device
DEV_SIMFRAUD393353,device
DEV_SIMFRAUD393354,device
DEV_SIMFRAUD393355,device
DEV_SIMFRAUD393356,device
DEV_SIMFRAUD393358,device
DEV_SIMFRAUD393359,device
DEV_SIMFRAUD393360,device
DEV_SIMFRAUD393361,device
DEV_SIMFRAUD393362,device
DEV_SIMFRAUD393364,device
DEV_SIMFRAUD393367,device
DEV_SIMFRAUD393369,device
DEV_SIMFRAUD393370,device
DEV_SIMFRAUD393371,device
DEV_SIMFRAUD393372,device
DEV_SIMFRAUD393375,device
DEV_SIMFRAUD393376,device
DEV_SIMFRAUD393377,device
DEV_SIMFRAUD393378,device
DEV_SIMFRAUD393379,device
DEV_SIMFRAUD393380,device
DEV_SIMFRAUD393383,device
DEV_SIMFRAUD393384,device
DEV_SIMFRAUD393385,device
DEV_SIMFRAUD393386,device
DEV_SIMFRAUD393388,device
DEV_SIMFRAUD393390,device
DEV_SIMFRAUD393391,device
DEV_SIMFRAUD393392,device
DEV_SIMFRAUD393393,device
DEV_SIMFRAUD393394,device
DEV_SIMFRAUD393395,device
DEV_SIMFRAUD393397,device
DEV_SIMFRAUD393398,device
DEV_SIMFRAUD393399,device
DEV_SIMFRAUD393401,device
DEV_SIMFRAUD393402,device
DEV_SIMFRAUD393403,device
DEV_SIMFRAUD393404,device
DEV_SIMFRAUD393405,device
DEV_SIMFRAUD393406,device
DEV_SIMFRAUD393409,device
DEV_SIMFRAUD393410,device
DEV_SIMFRAUD393413,device
DEV_SIMFRAUD393414,device
DEV_SIMFRAUD393415,device
DEV_SIMFRAUD393416,device
DEV_SIMFRAUD393418,device
DEV_SIMFRAUD393420,device
DEV_SIMFRAUD393421,device
DEV_SIMFRAUD393422,device
DEV_SIMFRAUD393423,device
DEV_SIMFRAUD393425,device
DEV_SIMFRAUD393427,device
DEV_SIMFRAUD393429,device
DEV_SIMFRAUD393430,device
DEV_SIMFRAUD393433,device
DEV_SIMFRAUD393434,device
DEV_SIMFRAUD393435,device
DEV_SIMFRAUD393436,device
DEV_SIMFRAUD393437,device
DEV_SIMFRAUD393438,device
DEV_SIMFRAUD393440,device
DEV_SIMFRAUD393441,device
DEV_SIMFRAUD393442,device
DEV_SIMFRAUD393445,device
DEV_SIMFRAUD393446,device
DEV_SIMFRAUD393447,device
DEV_SIMFRAUD393448,device
DEV_SIMFRAUD393449,device
DEV_SIMFRAUD393450,device
DEV_SIMFRAUD393451,device
DEV_SIMFRAUD393452,device
DEV_SIMFRAUD393453,device
DEV_SIMFRAUD393454,device
DEV_SIMFRAUD393455,device
DEV_SIMFRAUD393456,device
DEV_SIMFRAUD393457,device
DEV_SIMFRAUD393459,device
DEV_SIMFRAUD393461,device
DEV_SIMFRAUD393462,device
DEV_SIMFRAUD393463,device
DEV_SIMFRAUD393464,device
DEV_SIMFRAUD393467,device
DEV_SIMFRAUD393468,device
DEV_SIMFRAUD393469,device
DEV_SIMFRAUD393470,device
DEV_SIMFRAUD393471,device
DEV_SIMFRAUD393472,device
DEV_SIMFRAUD393473,device
DEV_SIMFRAUD393474,device
DEV_SIMFRAUD393475,device
DEV_SIMFRAUD393477,device
DEV_SIMFRAUD393478,device
DEV_SIMFRAUD393480,device
DEV_SIMFRAUD393481,device
DEV_SIMFRAUD393482,device
DEV_SIMFRAUD393483,device
DEV_SIMFRAUD393484,device
DEV_SIMFRAUD393485,device
DEV_SIMFRAUD393486,device
DEV_SIMFRAUD393487,device
DEV_SIMFRAUD393488,device
DEV_SIMFRAUD393490,device
DEV_SIMFRAUD393491,device
DEV_SIMFRAUD393492,device
DEV_SIMFRAUD393493,device
DEV_SIMFRAUD393494,device
DEV_SIMFRAUD393495,device
DEV_SIMFRAUD393499,device
DEV_SIMFRAUD393500,device
DEV_SIMFRAUD393503,device
DEV_SIMFRAUD393505,device
DEV_SIMFRAUD393506,device
DEV_SIMFRAUD393507,device
DEV_SIMFRAUD393508,device
DEV_SIMFRAUD393509,device
DEV_SIMFRAUD393510,device
DEV_SIMFRAUD393511,device
DEV_SIMFRAUD393513,device
DEV_SIMFRAUD393515,device
DEV_SIMFRAUD393516,device
DEV_SIMFRAUD393519,device
DEV_SIMFRAUD393520,device
DEV_SIMFRAUD393521,device
DEV_SIMFRAUD393523,device
DEV_SIMFRAUD393524,device
DEV_SIMFRAUD393525,device
DEV_SIMFRAUD393526,device
DEV_SIMFRAUD393527,device
DEV_SIMFRAUD393528,device
DEV_SIMFRAUD393529,device
DEV_SIMFRAUD393531,device
DEV_SIMFRAUD393532,device
DEV_SIMFRAUD393533,device
DEV_SIMFRAUD393536,device
DEV_SIMFRAUD393537,device
DEV_SIMFRAUD393538,device
DEV_SIMFRAUD393539,device
DEV_SIMFRAUD393540,device
DEV_SIMFRAUD393541,device
DEV_SIMFRAUD393542,device
DEV_SIMFRAUD393543,device
DEV_SIMFRAUD393545,device
DEV_SIMFRAUD393546,device
DEV_SIMFRAUD393547,device
DEV_SIMFRAUD393548,device
DEV_SIMFRAUD393549,device
DEV_SIMFRAUD393552,device
DEV_SIMFRAUD393553,device
DEV_SIMFRAUD393554,device
DEV_SIMFRAUD393555,device
DEV_SIMFRAUD393556,device
DEV_SIMFRAUD393557,device
DEV_SIMFRAUD393558,device
DEV_SIMFRAUD393559,device
DEV_SIMFRAUD393560,device
DEV_SIMFRAUD393561,device
DEV_SIMFRAUD393562,device
DEV_SIMFRAUD393563,device
DEV_SIMFRAUD393566,device
DEV_SIMFRAUD393568,device
DEV_SIMFRAUD393569,device
DEV_SIMFRAUD393571,device
DEV_SIMFRAUD393573,device
DEV_SIMFRAUD393574,device
DEV_SIMFRAUD393575,device
DEV_SIMFRAUD393576,device
DEV_SIMFRAUD393577,device
DEV_SIMFRAUD393578,device
DEV_SIMFRAUD393579,device
DEV_SIMFRAUD393580,device
DEV_SIMFRAUD393581,device
DEV_SIMFRAUD393582,device
DEV_SIMFRAUD393583,device
DEV_SIMFRAUD393584,device
DEV_SIMFRAUD393586,device
DEV_SIMFRAUD393587,device
DEV_SIMFRAUD393588,device
DEV_SIMFRAUD393589,device
DEV_SIMFRAUD393590,device
DEV_SIMFRAUD393593,device
DEV_SIMFRAUD393594,device
DEV_SIMFRAUD393596,device
DEV_SIMFRAUD393597,device
DEV_SIMFRAUD393599,device
DEV_SIMFRAUD393600,device
DEV_SIMFRAUD393602,device
DEV_SIMFRAUD393603,device
DEV_SIMFRAUD393604,device
DEV_SIMFRAUD393605,device
DEV_SIMFRAUD393606,device
DEV_SIMFRAUD393607,device
DEV_SIMFRAUD393608,device
DEV_SIMFRAUD393609,device
DEV_SIMFRAUD393610,device
DEV_SIMFRAUD393611,device
DEV_SIMFRAUD393612,device
DEV_SIMFRAUD393613,device
DEV_SIMFRAUD393614,device
DEV_SIMFRAUD393615,device
DEV_SIMFRAUD393616,device
DEV_SIMFRAUD393617,device
DEV_SIMFRAUD393619,device
DEV_SIMFRAUD393621,device
DEV_SIMFRAUD393622,device
DEV_SIMFRAUD393624,device
DEV_SIMFRAUD393625,device
DEV_SIMFRAUD393626,device
DEV_SIMFRAUD393628,device
DEV_SIMFRAUD393630,device
DEV_SIMFRAUD393632,device
DEV_SIMFRAUD393633,device
DEV_SIMFRAUD393634,device
DEV_SIMFRAUD393636,device
DEV_SIMFRAUD393637,device
DEV_SIMFRAUD393638,device
DEV_SIMFRAUD393639,device
DEV_SIMFRAUD393640,device
DEV_SIMFRAUD393642,device
DEV_SIMFRAUD393643,device
DEV_SIMFRAUD393644,device
DEV_SIMFRAUD393646,device
DEV_SIMFRAUD393647,device
DEV_SIMFRAUD393649,device
DEV_SIMFRAUD393650,device
DEV_SIMFRAUD393651,device
DEV_SIMFRAUD393652,device
DEV_SIMFRAUD393653,device
DEV_SIMFRAUD393654,device
DEV_SIMFRAUD393655,device
DEV_SIMFRAUD393656,device
DEV_SIMFRAUD393657,device
DEV_SIMFRAUD393658,device
DEV_SIMFRAUD393659,device
DEV_SIMFRAUD393660,device
DEV_SIMFRAUD393661,device
DEV_SIMFRAUD393662,device
DEV_SIMFRAUD393663,device
DEV_SIMFRAUD393664,device
DEV_SIMFRAUD393666,device
DEV_SIMFRAUD393669,device
DEV_SIMFRAUD393671,device
DEV_SIMFRAUD393672,device
DEV_SIMFRAUD393674,device
DEV_SIMFRAUD393675,device
DEV_SIMFRAUD393676,device
DEV_SIMFRAUD393677,device
DEV_SIMFRAUD393678,device
DEV_SIMFRAUD393680,device
DEV_SIMFRAUD393681,device
DEV_SIMFRAUD393682,device
DEV_SIMFRAUD393683,device
DEV_SIMFRAUD393684,device
DEV_SIMFRAUD393685,device
DEV_SIMFRAUD393687,device
DEV_SIMFRAUD393689,device
DEV_SIMFRAUD393690,device
DEV_SIMFRAUD393691,device
DEV_SIMFRAUD393692,device
DEV_SIMFRAUD393693,device
DEV_SIMFRAUD393694,device
DEV_SIMFRAUD393695,device
DEV_SIMFRAUD393698,device
DEV_SIMFRAUD393699,device
DEV_SIMFRAUD393700,device
DEV_SIMFRAUD393701,device
DEV_SIMFRAUD393703,device
DEV_SIMFRAUD393704,device
DEV_SIMFRAUD393705,device
DEV_SIMFRAUD393706,device
DEV_SIMFRAUD393707,device
DEV_SIMFRAUD393709,device
DEV_SIMFRAUD393710,device
DEV_SIMFRAUD393711,device
DEV_SIMFRAUD393714,device
DEV_SIMFRAUD393715,device
DEV_SIMFRAUD393716,device
DEV_SIMFRAUD393717,device
DEV_SIMFRAUD393719,device
DEV_SIMFRAUD393720,device
DEV_SIMFRAUD393721,device
DEV_SIMFRAUD393722,device
DEV_SIMFRAUD393723,device
DEV_SIMFRAUD393724,device
DEV_SIMFRAUD393725,device
DEV_SIMFRAUD393726,device
DEV_SIMFRAUD393727,device
DEV_SIMFRAUD393728,device
DEV_SIMFRAUD393729,device
DEV_SIMFRAUD393730,device
DEV_SIMFRAUD393733,device
DEV_SIMFRAUD393734,device
DEV_SIMFRAUD393735,device
DEV_SIMFRAUD393737,device
DEV_SIMFRAUD393738,device
DEV_SIMFRAUD393739,device
DEV_SIMFRAUD393741,device
DEV_SIMFRAUD393742,device
DEV_SIMFRAUD393744,device
DEV_SIMFRAUD393745,device
DEV_SIMFRAUD393747,device
DEV_SIMFRAUD393748,device
DEV_SIMFRAUD393749,device
DEV_SIMFRAUD393750,device
DEV_SIMFRAUD393751,device
DEV_SIMFRAUD393752,device
DEV_SIMFRAUD393754,device
DEV_SIMFRAUD393755,device
DEV_SIMFRAUD393757,device
DEV_SIMFRAUD393758,device
DEV_SIMFRAUD393759,device
DEV_SIMFRAUD393760,device
DEV_SIMFRAUD393761,device
DEV_SIMFRAUD393763,device
DEV_SIMFRAUD393766,device
DEV_SIMFRAUD393768,device
DEV_SIMFRAUD393769,device
DEV_SIMFRAUD393770,device
DEV_SIMFRAUD393771,device
DEV_SIMFRAUD393772,device
DEV_SIMFRAUD393773,device
DEV_SIMFRAUD393774,device
DEV_SIMFRAUD393775,device
DEV_SIMFRAUD393776,device
DEV_SIMFRAUD393777,device
DEV_SIMFRAUD393778,device
DEV_SIMFRAUD393779,device
DEV_SIMFRAUD393780,device
DEV_SIMFRAUD393781,device
DEV_SIMFRAUD393782,device
DEV_SIMFRAUD393783,device
DEV_SIMFRAUD393784,device
DEV_SIMFRAUD393785,device
DEV_SIMFRAUD393786,device
DEV_SIMFRAUD393788,device
DEV_SIMFRAUD393789,device
DEV_SIMFRAUD393790,device
DEV_SIMFRAUD393791,device
DEV_SIMFRAUD393793,device
DEV_SIMFRAUD393794,device
DEV_SIMFRAUD393795,device
DEV_SIMFRAUD393796,device
DEV_SIMFRAUD393797,device
DEV_SIMFRAUD393798,device
DEV_SIMFRAUD393799,device
DEV_SIMFRAUD393800,device
DEV_SIMFRAUD393803,device
DEV_SIMFRAUD393804,device
DEV_SIMFRAUD393805,device
DEV_SIMFRAUD393806,device
DEV_SIMFRAUD393807,device
DEV_SIMFRAUD393809,device
DEV_SIMFRAUD393811,device
DEV_SIMFRAUD393813,device
DEV_SIMFRAUD393814,device
DEV_SIMFRAUD393815,device
DEV_SIMFRAUD393817,device
DEV_SIMFRAUD393818,device
DEV_SIMFRAUD393819,device
DEV_SIMFRAUD393820,device
DEV_SIMFRAUD393821,device
DEV_SIMFRAUD393824,device
DEV_SIMFRAUD393825,device
DEV_SIMFRAUD393826,device
DEV_SIMFRAUD393827,device
DEV_SIMFRAUD393828,device
DEV_SIMFRAUD393830,device
DEV_SIMFRAUD393831,device
DEV_SIMFRAUD393832,device
DEV_SIMFRAUD393833,device
DEV_SIMFRAUD393834,device
DEV_SIMFRAUD393836,device
DEV_SIMFRAUD393837,device
DEV_SIMFRAUD393838,device
DEV_SIMFRAUD393840,device
DEV_SIMFRAUD393841,device
DEV_SIMFRAUD393843,device
DEV_SIMFRAUD393844,device
DEV_SIMFRAUD393846,device
DEV_SIMFRAUD393847,device
DEV_SIMFRAUD393848,device
DEV_SIMFRAUD393849,device
DEV_SIMFRAUD393851,device
DEV_SIMFRAUD393852,device
DEV_SIMFRAUD393853,device
DEV_SIMFRAUD393854,device
DEV_SIMFRAUD393855,device
DEV_SIMFRAUD393856,device
DEV_SIMFRAUD393858,device
DEV_SIMFRAUD393859,device
DEV_SIMFRAUD393861,device
DEV_SIMFRAUD393862,device
DEV_SIMFRAUD393863,device
DEV_SIMFRAUD393867,device
DEV_SIMFRAUD393868,device
DEV_SIMFRAUD393869,device
DEV_SIMFRAUD393870,device
DEV_SIMFRAUD393874,device
DEV_SIMFRAUD393875,device
DEV_SIMFRAUD393877,device
DEV_SIMFRAUD393879,device
DEV_SIMFRAUD393880,device
DEV_SIMFRAUD393881,device
DEV_SIMFRAUD393882,device
DEV_SIMFRAUD393883,device
DEV_SIMFRAUD393885,device
DEV_SIMFRAUD393886,device
DEV_SIMFRAUD393887,device
DEV_SIMFRAUD393888,device
DEV_SIMFRAUD393890,device
DEV_SIMFRAUD393891,device
DEV_SIMFRAUD393892,device
DEV_SIMFRAUD393893,device
DEV_SIMFRAUD393894,device
DEV_SIMFRAUD393895,device
DEV_SIMFRAUD393896,device
DEV_SIMFRAUD393897,device
DEV_SIMFRAUD393898,device
DEV_SIMFRAUD393899,device
DEV_SIMFRAUD393900,device
DEV_SIMFRAUD393901,device
DEV_SIMFRAUD393902,device
DEV_SIMFRAUD393906,device
DEV_SIMFRAUD393907,device
DEV_SIMFRAUD393909,device
DEV_SIMFRAUD393910,device
DEV_SIMFRAUD393911,device
DEV_SIMFRAUD393912,device
DEV_SIMFRAUD393913,device
DEV_SIMFRAUD393914,device
DEV_SIMFRAUD393915,device
DEV_SIMFRAUD393916,device
DEV_SIMFRAUD393918,device
DEV_SIMFRAUD393921,device
DEV_SIMFRAUD393922,device
DEV_SIMFRAUD393923,device
DEV_SIMFRAUD393924,device
DEV_SIMFRAUD393925,device
DEV_SIMFRAUD393927,device
DEV_SIMFRAUD393928,device
DEV_SIMFRAUD393931,device
DEV_SIMFRAUD393933,device
DEV_SIMFRAUD393934,device
DEV_SIMFRAUD393936,device
DEV_SIMFRAUD393938,device
DEV_SIMFRAUD393939,device
DEV_SIMFRAUD393940,device
DEV_SIMFRAUD393941,device
DEV_SIMFRAUD393943,device
DEV_SIMFRAUD393944,device
DEV_SIMFRAUD393945,device
DEV_SIMFRAUD393946,device
DEV_SIMFRAUD393947,device
DEV_SIMFRAUD393948,device
DEV_SIMFRAUD393949,device
DEV_SIMFRAUD393950,device
DEV_SIMFRAUD393951,device
DEV_SIMFRAUD393952,device
DEV_SIMFRAUD393954,device
DEV_SIMFRAUD393955,device
DEV_SIMFRAUD393956,device
DEV_SIMFRAUD393958,device
DEV_SIMFRAUD393959,device
DEV_SIMFRAUD393960,device
DEV_SIMFRAUD393961,device
DEV_SIMFRAUD393964,device
DEV_SIMFRAUD393965,device
DEV_SIMFRAUD393966,device
DEV_SIMFRAUD393967,device
DEV_SIMFRAUD393968,device
DEV_SIMFRAUD393969,device
DEV_SIMFRAUD393972,device
DEV_SIMFRAUD393974,device
DEV_SIMFRAUD393976,device
DEV_SIMFRAUD393978,device
DEV_SIMFRAUD393979,device
DEV_SIMFRAUD393980,device
DEV_SIMFRAUD393981,device
DEV_SIMFRAUD393982,device
DEV_SIMFRAUD393983,device
DEV_SIMFRAUD393984,device
DEV_SIMFRAUD393986,device
DEV_SIMFRAUD393987,device
DEV_SIMFRAUD393988,device
DEV_SIMFRAUD393989,device
DEV_SIMFRAUD393990,device
DEV_SIMFRAUD393991,device
DEV_SIMFRAUD393992,device
DEV_SIMFRAUD393993,device
DEV_SIMFRAUD393994,device
DEV_SIMFRAUD393995,device
DEV_SIMFRAUD393996,device
DEV_SIMFRAUD393998,device
DEV_SIMFRAUD393999,device
DEV_SIMFRAUD394000,device
DEV_SIMFRAUD394001,device
DEV_SIMFRAUD394003,device
DEV_SIMFRAUD394004,device
DEV_SIMFRAUD394005,device
DEV_SIMFRAUD394006,device
DEV_SIMFRAUD394007,device
DEV_SIMFRAUD394009,device
DEV_SIMFRAUD394010,device
DEV_SIMFRAUD394011,device
DEV_SIMFRAUD394013,device
DEV_SIMFRAUD394014,device
DEV_SIMFRAUD394015,device
DEV_SIMFRAUD394017,device
DEV_SIMFRAUD394018,device
DEV_SIMFRAUD394019,device
DEV_SIMFRAUD394020,device
DEV_SIMFRAUD394021,device
DEV_SIMFRAUD394022,device
DEV_SIMFRAUD394023,device
DEV_SIMFRAUD394024,device
DEV_SIMFRAUD394025,device
DEV_SIMFRAUD394026,device
DEV_SIMFRAUD394027,device
DEV_SIMFRAUD394029,device
DEV_SIMFRAUD394030,device
DEV_SIMFRAUD394031,device
DEV_SIMFRAUD394032,device
DEV_SIMFRAUD394033,device
DEV_SIMFRAUD394034,device
DEV_SIMFRAUD394036,device
DEV_SIMFRAUD394037,device
DEV_SIMFRAUD394038,device
DEV_SIMFRAUD394040,device
DEV_SIMFRAUD394041,device
DEV_SIMFRAUD394042,device
DEV_SIMFRAUD394044,device
DEV_SIMFRAUD394045,device
DEV_SIMFRAUD394046,device
DEV_SIMFRAUD394047,device
DEV_SIMFRAUD394048,device
DEV_SIMFRAUD394049,device
DEV_SIMFRAUD394051,device
DEV_SIMFRAUD394052,device
DEV_SIMFRAUD394053,device
DEV_SIMFRAUD394054,device
DEV_SIMFRAUD394055,device
DEV_SIMFRAUD394056,device
DEV_SIMFRAUD394057,device
DEV_SIMFRAUD394058,device
DEV_SIMFRAUD394060,device
DEV_SIMFRAUD394061,device
DEV_SIMFRAUD394062,device
DEV_SIMFRAUD394063,device
DEV_SIMFRAUD394064,device
DEV_SIMFRAUD394065,device
DEV_SIMFRAUD394068,device
DEV_SIMFRAUD394069,device
DEV_SIMFRAUD394070,device
DEV_SIMFRAUD394071,device
DEV_SIMFRAUD394073,device
DEV_SIMFRAUD394074,device
DEV_SIMFRAUD394075,device
DEV_SIMFRAUD394077,device
DEV_SIMFRAUD394078,device
DEV_SIMFRAUD394079,device
DEV_SIMFRAUD394080,device
DEV_SIMFRAUD394081,device
DEV_SIMFRAUD394082,device
DEV_SIMFRAUD394083,device
DEV_SIMFRAUD394084,device
DEV_SIMFRAUD394087,device
DEV_SIMFRAUD394088,device
DEV_SIMFRAUD394089,device
DEV_SIMFRAUD394090,device
DEV_SIMFRAUD394094,device
DEV_SIMFRAUD394096,device
DEV_SIMFRAUD394097,device
DEV_SIMFRAUD394098,device
DEV_SIMFRAUD394099,device
DEV_SIMFRAUD394100,device
DEV_SIMFRAUD394107,device
DEV_SIMFRAUD394108,device
DEV_SIMFRAUD394109,device
DEV_SIMFRAUD394110,device
DEV_SIMFRAUD394112,device
DEV_SIMFRAUD394113,device
DEV_SIMFRAUD394114,device
DEV_SIMFRAUD394119,device
DEV_SIMFRAUD394121,device
DEV_SIMFRAUD394122,device
DEV_SIMFRAUD394123,device
DEV_SIMFRAUD394124,device
DEV_SIMFRAUD394125,device
DEV_SIMFRAUD394126,device
DEV_SIMFRAUD394127,device
DEV_SIMFRAUD394128,device
DEV_SIMFRAUD394129,device
DEV_SIMFRAUD394131,device
DEV_SIMFRAUD394132,device
DEV_SIMFRAUD394134,device
DEV_SIMFRAUD394135,device
DEV_SIMFRAUD394136,device
DEV_SIMFRAUD394137,device
DEV_SIMFRAUD394138,device
DEV_SIMFRAUD394139,device
DEV_SIMFRAUD394141,device
DEV_SIMFRAUD394143,device
DEV_SIMFRAUD394144,device
DEV_SIMFRAUD394145,device
DEV_SIMFRAUD394147,device
DEV_SIMFRAUD394148,device
DEV_SIMFRAUD394149,device
DEV_SIMFRAUD394150,device
DEV_SIMFRAUD394151,device
DEV_SIMFRAUD394152,device
DEV_SIMFRAUD394153,device
DEV_SIMFRAUD394156,device
DEV_SIMFRAUD394157,device
DEV_SIMFRAUD394159,device
DEV_SIMFRAUD394160,device
DEV_SIMFRAUD394162,device
DEV_SIMFRAUD394163,device
DEV_SIMFRAUD394167,device
DEV_SIMFRAUD394168,device
DEV_SIMFRAUD394169,device
DEV_SIMFRAUD394170,device
DEV_SIMFRAUD394171,device
DEV_SIMFRAUD394172,device
DEV_SIMFRAUD394173,device
DEV_SIMFRAUD394174,device
DEV_SIMFRAUD394175,device
DEV_SIMFRAUD394176,device
DEV_SIMFRAUD394177,device
DEV_SIMFRAUD394178,device
DEV_SIMFRAUD394179,device
DEV_SIMFRAUD394180,device
DEV_SIMFRAUD394182,device
DEV_SIMFRAUD394183,device
DEV_SIMFRAUD394185,device
DEV_SIMFRAUD394186,device
DEV_SIMFRAUD394187,device
DEV_SIMFRAUD394189,device
DEV_SIMFRAUD394190,device
DEV_SIMFRAUD394191,device
DEV_SIMFRAUD394193,device
DEV_SIMFRAUD394194,device
DEV_SIMFRAUD394195,device
DEV_SIMFRAUD394196,device
DEV_SIMFRAUD394197,device
DEV_SIMFRAUD394198,device
DEV_SIMFRAUD394199,device
DEV_SIMFRAUD394201,device
DEV_SIMFRAUD394202,device
DEV_SIMFRAUD394205,device
DEV_SIMFRAUD394206,device
DEV_SIMFRAUD394208,device
DEV_SIMFRAUD394210,device
DEV_SIMFRAUD394211,device
DEV_SIMFRAUD394212,device
DEV_SIMFRAUD394213,device
DEV_SIMFRAUD394214,device
DEV_SIMFRAUD394218,device
DEV_SIMFRAUD394219,device
DEV_SIMFRAUD394220,device
DEV_SIMFRAUD394221,device
DEV_SIMFRAUD394222,device
DEV_SIMFRAUD394223,device
DEV_SIMFRAUD394227,device
DEV_SIMFRAUD394228,device
DEV_SIMFRAUD394229,device
DEV_SIMFRAUD394231,device
DEV_SIMFRAUD394232,device
DEV_SIMFRAUD394233,device
DEV_SIMFRAUD394234,device
DEV_SIMFRAUD394235,device
DEV_SIMFRAUD394236,device
DEV_SIMFRAUD394237,device
DEV_SIMFRAUD394238,device
DEV_SIMFRAUD394240,device
DEV_SIMFRAUD394241,device
DEV_SIMFRAUD394242,device
DEV_SIMFRAUD394243,device
DEV_SIMFRAUD394244,device
DEV_SIMFRAUD394246,device
DEV_SIMFRAUD394247,device
DEV_SIMFRAUD394249,device
DEV_SIMFRAUD394250,device
DEV_SIMFRAUD394251,device
DEV_SIMFRAUD394252,device
DEV_SIMFRAUD394253,device
DEV_SIMFRAUD394257,device
DEV_SIMFRAUD394258,device
DEV_SIMFRAUD394259,device
DEV_SIMFRAUD394260,device
DEV_SIMFRAUD394261,device
DEV_SIMFRAUD394262,device
DEV_SIMFRAUD394263,device
DEV_SIMFRAUD394264,device
DEV_SIMFRAUD394266,device
DEV_SIMFRAUD394267,device
DEV_SIMFRAUD394269,device
DEV_SIMFRAUD394270,device
DEV_SIMFRAUD394271,device
DEV_SIMFRAUD394272,device
DEV_SIMFRAUD394273,device
DEV_SIMFRAUD394274,device
DEV_SIMFRAUD394275,device
DEV_SIMFRAUD394277,device
DEV_SIMFRAUD394278,device
DEV_SIMFRAUD394279,device
DEV_SIMFRAUD394281,device
DEV_SIMFRAUD394283,device
DEV_SIMFRAUD394284,device
DEV_SIMFRAUD394285,device
DEV_SIMFRAUD394286,device
DEV_SIMFRAUD394287,device
DEV_SIMFRAUD394288,device
DEV_SIMFRAUD394290,device
DEV_SIMFRAUD394291,device
DEV_SIMFRAUD394292,device
DEV_SIMFRAUD394293,device
DEV_SIMFRAUD394294,device
DEV_SIMFRAUD394295,device
DEV_SIMFRAUD394296,device
DEV_SIMFRAUD394297,device
DEV_SIMFRAUD394298,device
DEV_SIMFRAUD394299,device
DEV_SIMFRAUD394302,device
DEV_SIMFRAUD394303,device
DEV_SIMFRAUD394304,device
DEV_SIMFRAUD394305,device
DEV_SIMFRAUD394307,device
DEV_SIMFRAUD394308,device
DEV_SIMFRAUD394309,device
DEV_SIMFRAUD394310,device
DEV_SIMFRAUD394313,device
DEV_SIMFRAUD394315,device
DEV_SIMFRAUD394316,device
DEV_SIMFRAUD394318,device
DEV_SIMFRAUD394319,device
DEV_SIMFRAUD394320,device
DEV_SIMFRAUD394321,device
DEV_SIMFRAUD394322,device
DEV_SIMFRAUD394323,device
DEV_SIMFRAUD394325,device
DEV_SIMFRAUD394328,device
DEV_SIMFRAUD394329,device
DEV_SIMFRAUD394330,device
DEV_SIMFRAUD394331,device
DEV_SIMFRAUD394332,device
DEV_SIMFRAUD394335,device
DEV_SIMFRAUD394336,device
DEV_SIMFRAUD394337,device
DEV_SIMFRAUD394338,device
DEV_SIMFRAUD394339,device
DEV_SIMFRAUD394340,device
DEV_SIMFRAUD394341,device
DEV_SIMFRAUD394342,device
DEV_SIMFRAUD394343,device
DEV_SIMFRAUD394344,device
DEV_SIMFRAUD394345,device
DEV_SIMFRAUD394346,device
DEV_SIMFRAUD394347,device
DEV_SIMFRAUD394348,device
DEV_SIMFRAUD394350,device
DEV_SIMFRAUD394352,device
DEV_SIMFRAUD394353,device
DEV_SIMFRAUD394354,device
DEV_SIMFRAUD394355,device
DEV_SIMFRAUD394356,device
DEV_SIMFRAUD394358,device
DEV_SIMFRAUD394362,device
DEV_SIMFRAUD394363,device
DEV_SIMFRAUD394364,device
DEV_SIMFRAUD394365,device
DEV_SIMFRAUD394366,device
DEV_SIMFRAUD394367,device
DEV_SIMFRAUD394369,device
DEV_SIMFRAUD394370,device
DEV_SIMFRAUD394371,device
DEV_SIMFRAUD394372,device
DEV_SIMFRAUD394373,device
DEV_SIMFRAUD394374,device
DEV_SIMFRAUD394375,device
DEV_SIMFRAUD394377,device
DEV_SIMFRAUD394378,device
DEV_SIMFRAUD394379,device
DEV_SIMFRAUD394380,device
DEV_SIMFRAUD394381,device
DEV_SIMFRAUD394383,device
DEV_SIMFRAUD394384,device
DEV_SIMFRAUD394386,device
DEV_SIMFRAUD394387,device
DEV_SIMFRAUD394388,device
DEV_SIMFRAUD394390,device
DEV_SIMFRAUD394391,device
DEV_SIMFRAUD394392,device
DEV_SIMFRAUD394393,device
DEV_SIMFRAUD394397,device
DEV_SIMFRAUD394398,device
DEV_SIMFRAUD394400,device
DEV_SIMFRAUD394403,device
DEV_SIMFRAUD394405,device
DEV_SIMFRAUD394406,device
DEV_SIMFRAUD394407,device
DEV_SIMFRAUD394408,device
DEV_SIMFRAUD394410,device
DEV_SIMFRAUD394412,device
DEV_SIMFRAUD394413,device
DEV_SIMFRAUD394416,device
DEV_SIMFRAUD394418,device
DEV_SIMFRAUD394419,device
DEV_SIMFRAUD394420,device
DEV_SIMFRAUD394422,device
DEV_SIMFRAUD394423,device
DEV_SIMFRAUD394424,device
DEV_SIMFRAUD394427,device
DEV_SIMFRAUD394428,device
DEV_SIMFRAUD394431,device
DEV_SIMFRAUD394434,device
DEV_SIMFRAUD394435,device
DEV_SIMFRAUD394438,device
DEV_SIMFRAUD394439,device
DEV_SIMFRAUD394441,device
DEV_SIMFRAUD394442,device
DEV_SIMFRAUD394443,device
DEV_SIMFRAUD394445,device
DEV_SIMFRAUD394447,device
DEV_SIMFRAUD394448,device
DEV_SIMFRAUD394449,device
DEV_SIMFRAUD394450,device
DEV_SIMFRAUD394452,device
DEV_SIMFRAUD394453,device
DEV_SIMFRAUD394456,device
DEV_SIMFRAUD394458,device
DEV_SIMFRAUD394460,device
DEV_SIMFRAUD394461,device
DEV_SIMFRAUD394462,device
DEV_SIMFRAUD394463,device
DEV_SIMFRAUD394464,device
DEV_SIMFRAUD394465,device
DEV_SIMFRAUD394466,device
DEV_SIMFRAUD394469,device
DEV_SIMFRAUD394470,device
DEV_SIMFRAUD394471,device
DEV_SIMFRAUD394472,device
DEV_SIMFRAUD394474,device
DEV_SIMFRAUD394475,device
DEV_SIMFRAUD394476,device
DEV_SIMFRAUD394478,device
DEV_SIMFRAUD394480,device
DEV_SIMFRAUD394481,device
DEV_SIMFRAUD394484,device
DEV_SIMFRAUD394485,device
DEV_SIMFRAUD394486,device
DEV_SIMFRAUD394487,device
DEV_SIMFRAUD394490,device
DEV_SIMFRAUD394491,device
DEV_SIMFRAUD394492,device
DEV_SIMFRAUD394493,device
DEV_SIMFRAUD394494,device
DEV_SIMFRAUD394496,device
DEV_SIMFRAUD394499,device
DEV_SIMFRAUD394500,device
DEV_SIMFRAUD394502,device
DEV_SIMFRAUD394503,device
DEV_SIMFRAUD394504,device
DEV_SIMFRAUD394505,device
DEV_SIMFRAUD394506,device
DEV_SIMFRAUD394507,device
DEV_SIMFRAUD394508,device
DEV_SIMFRAUD394509,device
DEV_SIMFRAUD394510,device
DEV_SIMFRAUD394511,device
DEV_SIMFRAUD394513,device
DEV_SIMFRAUD394515,device
DEV_SIMFRAUD394516,device
DEV_SIMFRAUD394517,device
DEV_SIMFRAUD394518,device
DEV_SIMFRAUD394519,device
DEV_SIMFRAUD394520,device
DEV_SIMFRAUD394521,device
DEV_SIMFRAUD394522,device
DEV_SIMFRAUD394524,device
DEV_SIMFRAUD394525,device
DEV_SIMFRAUD394527,device
DEV_SIMFRAUD394528,device
DEV_SIMFRAUD394529,device
DEV_SIMFRAUD394530,device
DEV_SIMFRAUD394532,device
DEV_SIMFRAUD394533,device
DEV_SIMFRAUD394534,device
DEV_SIMFRAUD394535,device
DEV_SIMFRAUD394536,device
DEV_SIMFRAUD394537,device
DEV_SIMFRAUD394538,device
DEV_SIMFRAUD394539,device
DEV_SIMFRAUD394541,device
DEV_SIMFRAUD394542,device
DEV_SIMFRAUD394543,device
DEV_SIMFRAUD394544,device
DEV_SIMFRAUD394547,device
DEV_SIMFRAUD394548,device
DEV_SIMFRAUD394549,device
DEV_SIMFRAUD394550,device
DEV_SIMFRAUD394551,device
DEV_SIMFRAUD394552,device
DEV_SIMFRAUD394554,device
DEV_SIMFRAUD394556,device
DEV_SIMFRAUD394557,device
DEV_SIMFRAUD394558,device
DEV_SIMFRAUD394559,device
DEV_SIMFRAUD394560,device
DEV_SIMFRAUD394561,device
DEV_SIMFRAUD394562,device
DEV_SIMFRAUD394563,device
DEV_SIMFRAUD394564,device
DEV_SIMFRAUD394565,device
DEV_SIMFRAUD394566,device
DEV_SIMFRAUD394571,device
DEV_SIMFRAUD394573,device
DEV_SIMFRAUD394574,device
DEV_SIMFRAUD394575,device
DEV_SIMFRAUD394576,device
DEV_SIMFRAUD394577,device
DEV_SIMFRAUD394579,device
DEV_SIMFRAUD394580,device
DEV_SIMFRAUD394581,device
DEV_SIMFRAUD394582,device
DEV_SIMFRAUD394583,device
DEV_SIMFRAUD394584,device
DEV_SIMFRAUD394587,device
DEV_SIMFRAUD394588,device
DEV_SIMFRAUD394589,device
DEV_SIMFRAUD394590,device
DEV_SIMFRAUD394591,device
DEV_SIMFRAUD394592,device
DEV_SIMFRAUD394593,device
DEV_SIMFRAUD394594,device
DEV_SIMFRAUD394595,device
DEV_SIMFRAUD394596,device
DEV_SIMFRAUD394597,device
DEV_SIMFRAUD394598,device
DEV_SIMFRAUD394600,device
DEV_SIMFRAUD394601,device
DEV_SIMFRAUD394603,device
DEV_SIMFRAUD394604,device
DEV_SIMFRAUD394606,device
DEV_SIMFRAUD394608,device
DEV_SIMFRAUD394609,device
DEV_SIMFRAUD394611,device
DEV_SIMFRAUD394613,device
DEV_SIMFRAUD394615,device
DEV_SIMFRAUD394616,device
DEV_SIMFRAUD394617,device
DEV_SIMFRAUD394618,device
DEV_SIMFRAUD394619,device
DEV_SIMFRAUD394620,device
DEV_SIMFRAUD394621,device
DEV_SIMFRAUD394622,device
DEV_SIMFRAUD394623,device
DEV_SIMFRAUD394624,device
DEV_SIMFRAUD394625,device
DEV_SIMFRAUD394626,device
DEV_SIMFRAUD394627,device
DEV_SIMFRAUD394628,device
DEV_SIMFRAUD394629,device
DEV_SIMFRAUD394630,device
DEV_SIMFRAUD394631,device
DEV_SIMFRAUD394633,device
DEV_SIMFRAUD394634,device
DEV_SIMFRAUD394636,device
DEV_SIMFRAUD394638,device
DEV_SIMFRAUD394639,device
DEV_SIMFRAUD394640,device
DEV_SIMFRAUD394641,device
DEV_SIMFRAUD394642,device
DEV_SIMFRAUD394643,device
DEV_SIMFRAUD394646,device
DEV_SIMFRAUD394649,device
DEV_SIMFRAUD394650,device
DEV_SIMFRAUD394651,device
DEV_SIMFRAUD394652,device
DEV_SIMFRAUD394653,device
DEV_SIMFRAUD394654,device
DEV_SIMFRAUD394655,device
DEV_SIMFRAUD394656,device
DEV_SIMFRAUD394657,device
DEV_SIMFRAUD394658,device
DEV_SIMFRAUD394659,device
DEV_SIMFRAUD394661,device
DEV_SIMFRAUD394662,device
DEV_SIMFRAUD394664,device
DEV_SIMFRAUD394667,device
DEV_SIMFRAUD394669,device
DEV_SIMFRAUD394670,device
DEV_SIMFRAUD394672,device
DEV_SIMFRAUD394674,device
DEV_SIMFRAUD394675,device
DEV_SIMFRAUD394676,device
DEV_SIMFRAUD394677,device
DEV_SIMFRAUD394678,device
DEV_SIMFRAUD394679,device
DEV_SIMFRAUD394680,device
DEV_SIMFRAUD394681,device
DEV_SIMFRAUD394682,device
DEV_SIMFRAUD394683,device
DEV_SIMFRAUD394684,device
DEV_SIMFRAUD394685,device
DEV_SIMFRAUD394686,device
DEV_SIMFRAUD394687,device
DEV_SIMFRAUD394688,device
DEV_SIMFRAUD394690,device
DEV_SIMFRAUD394691,device
DEV_SIMFRAUD394692,device
DEV_SIMFRAUD394694,device
DEV_SIMFRAUD394696,device
DEV_SIMFRAUD394697,device
DEV_SIMFRAUD394699,device
DEV_SIMFRAUD394700,device
DEV_SIMFRAUD394701,device
DEV_SIMFRAUD394702,device
DEV_SIMFRAUD394703,device
DEV_SIMFRAUD394704,device
DEV_SIMFRAUD394705,device
DEV_SIMFRAUD394706,device
DEV_SIMFRAUD394708,device
DEV_SIMFRAUD394709,device
DEV_SIMFRAUD394710,device
DEV_SIMFRAUD394711,device
DEV_SIMFRAUD394712,device
DEV_SIMFRAUD394713,device
DEV_SIMFRAUD394714,device
DEV_SIMFRAUD394715,device
DEV_SIMFRAUD394716,device
DEV_SIMFRAUD394717,device
DEV_SIMFRAUD394718,device
DEV_SIMFRAUD394719,device
DEV_SIMFRAUD394720,device
DEV_SIMFRAUD394723,device
DEV_SIMFRAUD394724,device
DEV_SIMFRAUD394725,device
DEV_SIMFRAUD394726,device
DEV_SIMFRAUD394727,device
DEV_SIMFRAUD394728,device
DEV_SIMFRAUD394729,device
DEV_SIMFRAUD394731,device
DEV_SIMFRAUD394732,device
DEV_SIMFRAUD394734,device
DEV_SIMFRAUD394735,device
DEV_SIMFRAUD394738,device
DEV_SIMFRAUD394739,device
DEV_SIMFRAUD394740,device
DEV_SIMFRAUD394741,device
DEV_SIMFRAUD394743,device
DEV_SIMFRAUD394744,device
DEV_SIMFRAUD394745,device
DEV_SIMFRAUD394746,device
DEV_SIMFRAUD394747,device
DEV_SIMFRAUD394748,device
DEV_SIMFRAUD394749,device
DEV_SIMFRAUD394750,device
DEV_SIMFRAUD394751,device
DEV_SIMFRAUD394752,device
DEV_SIMFRAUD394754,device
DEV_SIMFRAUD394755,device
DEV_SIMFRAUD394756,device
DEV_SIMFRAUD394757,device
DEV_SIMFRAUD394761,device
DEV_SIMFRAUD394762,device
DEV_SIMFRAUD394764,device
DEV_SIMFRAUD394765,device
DEV_SIMFRAUD394766,device
DEV_SIMFRAUD394768,device
DEV_SIMFRAUD394770,device
DEV_SIMFRAUD394771,device
DEV_SIMFRAUD394772,device
DEV_SIMFRAUD394773,device
DEV_SIMFRAUD394774,device
DEV_SIMFRAUD394775,device
DEV_SIMFRAUD394776,device
DEV_SIMFRAUD394777,device
DEV_SIMFRAUD394779,device
DEV_SIMFRAUD394781,device
DEV_SIMFRAUD394782,device
DEV_SIMFRAUD394783,device
DEV_SIMFRAUD394785,device
DEV_SIMFRAUD394786,device
DEV_SIMFRAUD394788,device
DEV_SIMFRAUD394789,device
DEV_SIMFRAUD394790,device
DEV_SIMFRAUD394791,device
DEV_SIMFRAUD394792,device
DEV_SIMFRAUD394793,device
DEV_SIMFRAUD394794,device
DEV_SIMFRAUD394795,device
DEV_SIMFRAUD394796,device
DEV_SIMFRAUD394797,device
DEV_SIMFRAUD394798,device
DEV_SIMFRAUD394799,device
DEV_SIMFRAUD394800,device
DEV_SIMFRAUD394801,device
DEV_SIMFRAUD394802,device
DEV_SIMFRAUD394804,device
DEV_SIMFRAUD394805,device
DEV_SIMFRAUD394806,device
DEV_SIMFRAUD394808,device
DEV_SIMFRAUD394809,device
DEV_SIMFRAUD394811,device
DEV_SIMFRAUD394812,device
DEV_SIMFRAUD394813,device
DEV_SIMFRAUD394814,device
DEV_SIMFRAUD394816,device
DEV_SIMFRAUD394817,device
DEV_SIMFRAUD394818,device
AGT00000,agent
AGT00001,agent
AGT00002,agent
AGT00003,agent
AGT00004,agent
AGT00005,agent
AGT00006,agent
AGT00007,agent
AGT00008,agent
AGT00009,agent
AGT00010,agent
AGT00011,agent
AGT00012,agent
AGT00013,agent
AGT00014,agent
AGT00015,agent
AGT00016,agent
AGT00017,agent
AGT00018,agent
AGT00019,agent
AGT00020,agent
AGT00021,agent
AGT00022,agent
AGT00023,agent
AGT00024,agent
AGT00025,agent
AGT00026,agent
AGT00027,agent
AGT00028,agent
AGT00029,agent
AGT00030,agent
AGT00031,agent
AGT00032,agent
AGT00033,agent
AGT00034,agent
AGT00035,agent
AGT00036,agent
AGT00037,agent
AGT00038,agent
AGT00039,agent
AGT00040,agent
AGT00041,agent
AGT00042,agent
AGT00043,agent
AGT00044,agent
AGT00045,agent
AGT00046,agent
AGT00047,agent
AGT00048,agent
AGT00049,agent
AGT00050,agent
AGT00051,agent
AGT00052,agent
AGT00053,agent
AGT00054,agent
AGT00055,agent
AGT00056,agent
AGT00057,agent
AGT00058,agent
AGT00059,agent
AGT00060,agent
AGT00061,agent
AGT00062,agent
AGT00063,agent
AGT00064,agent
AGT00065,agent
AGT00066,agent
AGT00067,agent
AGT00068,agent
AGT00069,agent
AGT00070,agent
AGT00071,agent
AGT00072,agent
AGT00073,agent
AGT00074,agent
AGT00075,agent
AGT00076,agent
AGT00077,agent
AGT00078,agent
AGT00079,agent
AGT00080,agent
AGT00081,agent
AGT00082,agent
AGT00083,agent
AGT00084,agent
AGT00085,agent
AGT00086,agent
AGT00087,agent
AGT00088,agent
AGT00089,agent
AGT00090,agent
AGT00091,agent
AGT00092,agent
AGT00093,agent
AGT00094,agent
AGT00095,agent
AGT00096,agent
AGT00097,agent
AGT00098,agent
AGT00099,agent
AGT00100,agent
AGT00101,agent
AGT00102,agent
AGT00103,agent
AGT00104,agent
AGT00105,agent
AGT00106,agent
AGT00107,agent
AGT00108,agent
AGT00109,agent
AGT00110,agent
AGT00111,agent
AGT00112,agent
AGT00113,agent
AGT00114,agent
AGT00115,agent
AGT00116,agent
AGT00117,agent
AGT00118,agent
AGT00119,agent
AGT00120,agent
AGT00121,agent
AGT00122,agent
AGT00123,agent
AGT00124,agent
AGT00125,agent
AGT00126,agent
AGT00127,agent
AGT00128,agent
AGT00129,agent
AGT00130,agent
AGT00131,agent
AGT00132,agent
AGT00133,agent
AGT00134,agent
AGT00135,agent
AGT00136,agent
AGT00137,agent
AGT00138,agent
AGT00139,agent
AGT00140,agent
AGT00141,agent
AGT00142,agent
AGT00143,agent
AGT00144,agent
AGT00145,agent
AGT00146,agent
AGT00147,agent
AGT00148,agent
AGT00149,agent
AGT00150,agent
AGT00151,agent
AGT00152,agent
AGT00153,agent
AGT00154,agent
AGT00155,agent
AGT00156,agent
AGT00157,agent
AGT00158,agent
AGT00159,agent
AGT00160,agent
AGT00161,agent
AGT00162,agent
AGT00163,agent
AGT00164,agent
AGT00165,agent
AGT00166,agent
AGT00167,agent
AGT00168,agent
AGT00169,agent
AGT00170,agent
AGT00171,agent
AGT00172,agent
AGT00173,agent
AGT00174,agent
AGT00175,agent
AGT00176,agent
AGT00177,agent
AGT00178,agent
AGT00179,agent
AGT00180,agent
AGT00181,agent
AGT00182,agent
AGT00183,agent
AGT00184,agent
AGT00185,agent
AGT00186,agent
AGT00187,agent
AGT00188,agent
AGT00189,agent
AGT00190,agent
AGT00191,agent
AGT00192,agent
AGT00193,agent
AGT00194,agent
AGT00195,agent
AGT00196,agent
AGT00197,agent
AGT00198,agent
AGT00199,agent
AGT00200,agent
AGT00201,agent
AGT00202,agent
AGT00203,agent
AGT00204,agent
AGT00205,agent
AGT00206,agent
AGT00207,agent
AGT00208,agent
AGT00209,agent
AGT00210,agent
AGT00211,agent
AGT00212,agent
AGT00213,agent
AGT00214,agent
AGT00215,agent
AGT00216,agent
AGT00217,agent
AGT00218,agent
AGT00219,agent
AGT00220,agent
AGT00221,agent
AGT00222,agent
AGT00223,agent
AGT00224,agent
AGT00225,agent
AGT00226,agent
AGT00227,agent
AGT00228,agent
AGT00229,agent
AGT00230,agent
AGT00231,agent
AGT00232,agent
AGT00233,agent
AGT00234,agent
AGT00235,agent
AGT00236,agent
AGT00237,agent
AGT00238,agent
AGT00239,agent
AGT00240,agent
AGT00241,agent
AGT00242,agent
AGT00243,agent
AGT00244,agent
AGT00245,agent
AGT00246,agent
AGT00247,agent
AGT00248,agent
AGT00249,agent
AGT00250,agent
AGT00251,agent
AGT00252,agent
AGT00253,agent
AGT00254,agent
AGT00255,agent
AGT00256,agent
AGT00257,agent
AGT00258,agent
AGT00259,agent
AGT00260,agent
AGT00261,agent
AGT00262,agent
AGT00263,agent
AGT00264,agent
AGT00265,agent
AGT00266,agent
AGT00267,agent
AGT00268,agent
AGT00269,agent
AGT00270,agent
AGT00271,agent
AGT00272,agent
AGT00273,agent
AGT00274,agent
AGT00275,agent
AGT00276,agent
AGT00277,agent
AGT00278,agent
AGT00279,agent
AGT00280,agent
AGT00281,agent
AGT00282,agent
AGT00283,agent
AGT00284,agent
AGT00285,agent
AGT00286,agent
AGT00287,agent
AGT00288,agent
AGT00289,agent
AGT00290,agent
AGT00291,agent
AGT00292,agent
AGT00293,agent
AGT00294,agent
AGT00295,agent
AGT00296,agent
AGT00297,agent
AGT00298,agent
AGT00299,agent
